SRCID,RA,DEC,n_obs,n_obs_uvot,n_obs_xrt,total_uvot_exp,total_xrt_exp
5377,149.37803191035,69.042745274354,824,814,820,992814.7239999999,999220.7019999999
4578,149.39525312608,69.271083789611,819,810,815,996536.838,1003979.686
14633,133.69748841427,20.213426518267,773,760,772,834859.315,859880.247
8984,10.652724054777,40.934511700156,616,611,614,1580434.028,1612742.4360000002
8117,10.6818374564,40.920890599359,601,596,599,1536609.364,1568770.5520000001
32833,228.93505577611,56.373792659707,549,543,548,965456.173,969445.692
338825,229.01230152581,56.277587436558,549,543,548,965456.173,969445.692
28355,228.99424293979,56.302859205852,549,543,548,965456.173,969445.692
338827,229.0105987738,56.303727809995,549,543,548,965456.173,969445.692
28876,229.0304302931,56.264667165073,549,543,548,965456.173,969445.692
30611,229.01667276996,56.270867147235,549,543,548,965456.173,969445.692
4943,10.680404872186,40.897524447615,530,527,529,1365286.078,1394483.53
158117,49.692853238937,-66.481680957566,518,507,516,612163.8160000001,615632.658
894,49.583027027149,-66.486207502049,518,507,516,612163.8160000001,615632.658
13183,49.66381093532,-66.488212359588,518,507,516,612163.8160000001,615632.658
157926,49.51730603507,-66.506995201308,518,507,516,612163.8160000001,615632.658
4934,50.021322631277,-66.703912795059,518,507,516,612163.8160000001,615632.658
901,49.576876998966,-66.500659698724,518,507,516,612163.8160000001,615632.658
157932,49.494418461295,-66.506358298068,518,507,516,612163.8160000001,615632.658
2749,49.626065784654,-66.526423099087,518,507,516,612163.8160000001,615632.658
46487,49.521677859623,-66.476986096174,518,507,516,612163.8160000001,615632.658
29521,49.586495482129,-66.509583190909,518,507,516,612163.8160000001,615632.658
158038,49.482743320179,-66.52337280828,518,507,516,612163.8160000001,615632.658
158233,49.606887343552,-66.546925758931,518,507,516,612163.8160000001,615632.658
1983,49.490145382618,-66.540369835066,518,507,516,612163.8160000001,615632.658
1498,49.577872044273,-66.541697057969,518,507,516,612163.8160000001,615632.658
1448,49.52092844538,-66.504219964326,518,507,516,612163.8160000001,615632.658
157928,49.50916439105,-66.491919383415,518,507,516,612163.8160000001,615632.658
1915,210.83187345877,-41.382843798793,504,150,502,143469.58000000002,708356.5920000001
64434,182.81857634952,39.408594115861,495,491,495,483705.46,567916.014
2049,182.82481334852,39.408338948642,495,491,495,483705.46,567916.014
354089,182.63639966565,39.382927284834,494,490,494,482414.146,566617.8509999999
353850,182.60095375401,39.400291769983,494,490,494,482414.146,566617.8509999999
354104,182.64119272572,39.381211095419,494,490,494,482414.146,566617.8509999999
46369,182.57948289897,39.394657000815,494,490,494,482414.146,566617.8509999999
28671,182.59333318796,39.388062630487,494,490,494,482414.146,566617.8509999999
4355,10.723392082547,40.888066561257,481,478,480,1231386.0169999998,1257716.1909999999
114655,10.645640983656,40.880336354101,442,439,441,1159074.826,1185715.9649999999
60380,203.69332701149,-34.318923716537,438,428,438,433676.505,449329.235
13198,10.723926768885,40.878982324738,416,413,415,1099593.484,1125316.289
48655,10.716342785127,40.877351314671,411,408,410,1088312.205,1114028.459
114704,10.659722447484,40.87405804033,397,396,396,1069590.162,1095534.566
332125,204.1512935308,-33.94189792285,361,355,361,351890.02599999995,366832.792
2241,10.676779748059,40.86497515992,318,317,317,857761.7670000001,880201.4099999999
48080,202.48133898415,47.232225478945,312,298,312,576087.852,587684.781
334051,202.51868866948,47.175296276732,312,298,312,576087.852,587684.781
20899,202.43490331649,47.127786204985,312,298,312,576087.852,587684.781
334042,202.5192005479,47.164387226476,312,298,312,576087.852,587684.781
66003,202.49618174846,47.146781624599,312,298,312,576087.852,587684.781
7245,202.472245722,47.178443970404,312,298,312,576087.852,587684.781
6155,202.41491517346,47.211601504089,312,298,312,576087.852,587684.781
5701,202.40755893703,47.270449960703,312,298,312,576087.852,587684.781
5618,202.4121441021,47.223104227228,312,298,312,576087.852,587684.781
18714,202.49596118416,47.203026489974,312,298,312,576087.852,587684.781
5412,202.47390590834,47.242750256349,312,298,312,576087.852,587684.781
17597,202.51766854712,47.222429165893,312,298,312,576087.852,587684.781
7849,202.46943710525,47.279114371217,312,298,312,576087.852,587684.781
5351,202.52691502538,47.142988930779,312,298,312,576087.852,587684.781
4870,202.47745682156,47.155769279513,312,298,312,576087.852,587684.781
5293,202.52498459714,47.261844847196,312,298,312,576087.852,587684.781
5256,202.50418945635,47.228721284772,312,298,312,576087.852,587684.781
44872,202.46096712655,47.199160519542,312,298,312,576087.852,587684.781
5231,202.53120573202,47.185035833492,312,298,312,576087.852,587684.781
14550,202.38854705755,47.244047849777,312,298,312,576087.852,587684.781
5014,202.48952518741,47.179795155954,312,298,312,576087.852,587684.781
7443,202.43069264575,47.256942169349,312,298,312,576087.852,587684.781
10471,202.43045338431,47.192587009874,312,298,312,576087.852,587684.781
357850,186.40846418911,33.642036076578,260,256,260,336022.507,352127.89
357431,186.48857133795,33.495924499182,260,256,260,336022.507,352127.89
41932,186.40423688097,33.627474567523,260,256,260,336022.507,352127.89
10907,186.45440191677,33.534217727811,260,256,260,336022.507,352127.89
357341,186.4725256377,33.641540706705,260,256,260,336022.507,352127.89
357388,186.49530884291,33.473110755544,260,256,260,336022.507,352127.89
357342,186.47236235152,33.632281659469,260,256,260,336022.507,352127.89
357370,186.4530326838,33.477139061836,260,256,260,336022.507,352127.89
357384,186.46156948421,33.644171244168,260,256,260,336022.507,352127.89
10973,186.44696242794,33.580032100723,260,256,260,336022.507,352127.89
357409,186.50132612441,33.468910666116,260,256,260,336022.507,352127.89
58816,186.51741722135,33.548033105283,260,256,260,336022.507,352127.89
53830,186.41329306255,33.563907004753,260,256,260,336022.507,352127.89
52833,186.34267308475,33.554729785415,260,256,260,336022.507,352127.89
52759,186.39692226742,33.475460963492,260,256,260,336022.507,352127.89
50411,186.42607697276,33.542614028433,260,256,260,336022.507,352127.89
49853,186.47524304245,33.484862218379,260,256,260,336022.507,352127.89
41812,186.39379424972,33.536354465056,260,256,260,336022.507,352127.89
357259,186.54286427843,33.472280545113,260,256,260,336022.507,352127.89
357897,186.43259118715,33.488572738063,260,256,260,336022.507,352127.89
357327,186.55771322283,33.562379903013,260,256,260,336022.507,352127.89
6718,186.49898178682,33.556064309703,260,256,260,336022.507,352127.89
17523,186.43877041028,33.517595455391,260,256,260,336022.507,352127.89
17399,186.44638707816,33.60184429885,260,256,260,336022.507,352127.89
34396,186.46264351061,33.572569194665,260,256,260,336022.507,352127.89
7019,186.50604131128,33.525409049244,260,256,260,336022.507,352127.89
16429,186.43313585282,33.499910228689,260,256,260,336022.507,352127.89
357990,186.3800419177,33.583468240795,260,256,260,336022.507,352127.89
357314,186.54894768569,33.501257746952,260,256,260,336022.507,352127.89
357308,186.56906819669,33.518040796803,260,256,260,336022.507,352127.89
357274,186.5105772242,33.621608251496,260,256,260,336022.507,352127.89
357333,186.55333105535,33.510235929856,260,256,260,336022.507,352127.89
357937,186.37007615536,33.621566567957,260,256,260,336022.507,352127.89
357935,186.37119070731,33.603285065101,260,256,260,336022.507,352127.89
357898,186.43257123523,33.481705272643,260,256,260,336022.507,352127.89
10540,186.4148040072,33.534447576186,260,256,260,336022.507,352127.89
357894,186.43233958598,33.568025483158,260,256,260,336022.507,352127.89
20810,186.46686577479,33.453233837006,260,256,260,336022.507,352127.89
7352,124.79243520929,70.778283944057,234,232,234,290270.695,291258.047
37531,124.75493085046,70.660949319208,233,231,233,289898.367,290880.01
6996,124.87077076754,70.705275050285,233,231,233,289898.367,290880.01
69878,124.70009121234,70.683076319181,233,231,233,289898.367,290880.01
8176,124.73203329237,70.691461657146,233,231,233,289898.367,290880.01
21321,124.79551042074,70.676111341107,233,231,233,289898.367,290880.01
23599,124.7477198267,70.711177018225,233,231,233,289898.367,290880.01
7112,124.61676045458,70.714211512282,233,231,233,289898.367,290880.01
46744,124.73989667914,70.66903870963,233,231,233,289898.367,290880.01
8300,10.740647642633,40.849884630322,222,222,222,659327.664,678998.4820000001
57899,10.698118187089,40.839572624535,196,196,196,594400.18,613932.49
129775,11.763167972842,-20.61611609658,189,187,189,293977.879,295779.473
129763,11.761832872782,-20.633995265784,188,186,188,293857.653,295659.132
129889,11.726966465634,-20.727390710613,188,186,188,293857.653,295659.132
129886,11.728403673341,-20.683655005819,188,186,188,293857.653,295659.132
128083,11.80260670312,-20.64450636659,188,186,188,293857.653,295659.132
129882,11.727717837303,-20.691473385581,188,186,188,293857.653,295659.132
129810,11.774676730782,-20.698037093984,188,186,188,293857.653,295659.132
129790,11.748021732294,-20.70756034843,188,186,188,293857.653,295659.132
129772,11.765212928311,-20.671166145323,188,186,188,293857.653,295659.132
129770,11.764283585208,-20.722518993056,186,184,186,292234.98600000003,294034.411
128056,11.802713138885,-20.705673093374,186,184,186,292234.98600000003,294034.411
128123,11.827291117558,-20.794684149653,185,183,185,290752.801,292551.569
129798,11.747315465091,-20.760699418209,185,183,185,290752.801,292551.569
128069,11.81329922055,-20.788280314027,185,183,185,290752.801,292551.569
128072,11.792663255666,-20.728243105585,185,183,185,290752.801,292551.569
128094,11.839266551031,-20.850750445402,185,183,185,290752.801,292551.569
129826,11.766184465943,-20.795489959592,185,183,185,290752.801,292551.569
129815,11.787360864941,-20.871001655647,185,183,185,290752.801,292551.569
128098,11.834562173786,-20.880212557578,185,183,185,290752.801,292551.569
129808,11.774494956103,-20.877461759801,185,183,185,290752.801,292551.569
128099,11.837425373364,-20.825957816407,185,183,185,290752.801,292551.569
128126,11.824219469383,-20.919018455674,185,183,185,290752.801,292551.569
129784,11.742828439241,-20.84522697281,185,183,185,290752.801,292551.569
129778,11.763750325466,-20.762705191791,185,183,185,290752.801,292551.569
128120,11.818942862045,-20.804040986799,185,183,185,290752.801,292551.569
128121,11.825395244601,-20.716643884115,185,183,185,290752.801,292551.569
128058,11.806552086861,-20.853687958955,185,183,185,290752.801,292551.569
129760,11.760970895483,-20.883973388033,185,183,185,290752.801,292551.569
128945,11.788245987521,-20.773010297992,185,183,185,290752.801,292551.569
128060,11.816048601541,-20.917089625865,185,183,185,290752.801,292551.569
128079,11.791843433811,-20.785712217458,185,183,185,290752.801,292551.569
12798,13.549847041692,-37.664717302019,164,162,164,573871.8,581188.0190000001
24114,13.746054489375,-37.79781601833,164,162,164,573871.8,581188.0190000001
7023,13.791794856829,-37.703418736889,164,162,164,573871.8,581188.0190000001
7061,13.795295214002,-37.809702592405,164,162,164,573871.8,581188.0190000001
22713,13.61867858574,-37.691889483073,164,162,164,573871.8,581188.0190000001
7093,13.864607884869,-37.614668593381,164,162,164,573871.8,581188.0190000001
11445,13.710917508157,-37.690969824124,164,162,164,573871.8,581188.0190000001
23769,13.696526908216,-37.807088139186,164,162,164,573871.8,581188.0190000001
24423,13.762820284525,-37.760163635512,164,162,164,573871.8,581188.0190000001
22289,13.593335080029,-37.720471941586,164,162,164,573871.8,581188.0190000001
7115,13.70954752163,-37.647054895916,164,162,164,573871.8,581188.0190000001
7231,13.706786636454,-37.666544026235,164,162,164,573871.8,581188.0190000001
7271,13.858839879941,-37.643703840272,164,162,164,573871.8,581188.0190000001
7281,13.814783313638,-37.74424022985,164,162,164,573871.8,581188.0190000001
7282,13.823276935781,-37.748716278277,164,162,164,573871.8,581188.0190000001
7284,13.688534188528,-37.696050213522,164,162,164,573871.8,581188.0190000001
22371,13.551290338754,-37.722578763551,164,162,164,573871.8,581188.0190000001
38419,13.583209524202,-37.652337630248,164,162,164,573871.8,581188.0190000001
128510,13.522880853424,-37.682345855974,164,162,164,573871.8,581188.0190000001
131906,13.628077469978,-37.636051515197,164,162,164,573871.8,581188.0190000001
20541,13.588153079774,-37.711454163853,164,162,164,573871.8,581188.0190000001
11735,13.677596118041,-37.625934147518,164,162,164,573871.8,581188.0190000001
132021,13.575593026492,-37.732423059662,164,162,164,573871.8,581188.0190000001
131950,13.677323404947,-37.720228017965,164,162,164,573871.8,581188.0190000001
21030,13.627695404919,-37.667879515259,164,162,164,573871.8,581188.0190000001
131929,13.695503232342,-37.552526709248,164,162,164,573871.8,581188.0190000001
21180,13.763918718685,-37.628166087558,164,162,164,573871.8,581188.0190000001
22191,13.861705257932,-37.637042161712,164,162,164,573871.8,581188.0190000001
11457,13.863087332518,-37.603536768552,164,162,164,573871.8,581188.0190000001
131704,13.843677397868,-37.664718380361,164,162,164,573871.8,581188.0190000001
131690,13.85432670238,-37.782150254633,164,162,164,573871.8,581188.0190000001
131657,13.803575045554,-37.64709911467,164,162,164,573871.8,581188.0190000001
131622,13.889521847993,-37.719483239049,164,162,164,573871.8,581188.0190000001
21960,13.862979238955,-37.754573038428,164,162,164,573871.8,581188.0190000001
27007,13.754726509762,-37.577311680393,164,162,164,573871.8,581188.0190000001
7347,13.670077747779,-37.680328681905,164,162,164,573871.8,581188.0190000001
132055,13.775578889044,-37.631757615484,164,162,164,573871.8,581188.0190000001
48722,13.796853728876,-37.777227039431,164,162,164,573871.8,581188.0190000001
8903,13.836611475779,-37.801979268324,164,162,164,573871.8,581188.0190000001
55666,13.881354820735,-37.667347580116,164,162,164,573871.8,581188.0190000001
54604,13.632245940137,-37.640623974817,164,162,164,573871.8,581188.0190000001
52969,13.797809386717,-37.670769271225,164,162,164,573871.8,581188.0190000001
50907,13.756074606603,-37.655038730072,164,162,164,573871.8,581188.0190000001
49896,13.807714832923,-37.799909015297,164,162,164,573871.8,581188.0190000001
46892,13.753850917632,-37.663508395684,164,162,164,573871.8,581188.0190000001
61953,13.631346124362,-37.756721268019,164,162,164,573871.8,581188.0190000001
46472,13.687203540551,-37.628648679807,164,162,164,573871.8,581188.0190000001
44648,13.831488761001,-37.584344885725,164,162,164,573871.8,581188.0190000001
44030,13.721809396235,-37.690598427477,164,162,164,573871.8,581188.0190000001
43535,13.850067242149,-37.756326220053,164,162,164,573871.8,581188.0190000001
42408,13.784819895427,-37.733119246954,164,162,164,573871.8,581188.0190000001
42279,13.72239202215,-37.719746150469,164,162,164,573871.8,581188.0190000001
60843,13.565352761187,-37.751144580732,164,162,164,573871.8,581188.0190000001
8293,13.557445371077,-37.620670489711,164,162,164,573871.8,581188.0190000001
7480,13.677054668856,-37.729100957739,164,162,164,573871.8,581188.0190000001
7794,13.925771976393,-37.673403646085,164,162,164,573871.8,581188.0190000001
28104,13.605837640407,-37.744549584633,164,162,164,573871.8,581188.0190000001
7569,13.641145928991,-37.796508402479,164,162,164,573871.8,581188.0190000001
7589,13.685260460537,-37.687531242529,164,162,164,573871.8,581188.0190000001
7590,13.700579350366,-37.76140223123,164,162,164,573871.8,581188.0190000001
7609,13.782154180193,-37.738862656334,164,162,164,573871.8,581188.0190000001
7782,13.671364085317,-37.564077516413,164,162,164,573871.8,581188.0190000001
28835,13.729455877131,-37.687998587985,164,162,164,573871.8,581188.0190000001
8148,13.801113468833,-37.639732344716,164,162,164,573871.8,581188.0190000001
7802,13.627388279806,-37.720791556826,164,162,164,573871.8,581188.0190000001
7835,13.710405708873,-37.767226470277,164,162,164,573871.8,581188.0190000001
7959,13.928936873957,-37.743088800837,164,162,164,573871.8,581188.0190000001
7993,13.738509357587,-37.719823739219,164,162,164,573871.8,581188.0190000001
29357,13.795610352184,-37.648394966023,164,162,164,573871.8,581188.0190000001
11175,13.700304361777,-37.782698664579,164,162,164,573871.8,581188.0190000001
132049,13.776780671066,-37.786484807102,164,162,164,573871.8,581188.0190000001
131586,13.865764943651,-37.603547034715,164,162,164,573871.8,581188.0190000001
132071,13.77005671618,-37.695508368536,164,162,164,573871.8,581188.0190000001
12774,13.723051882674,-37.67431150564,164,162,164,573871.8,581188.0190000001
12628,13.649505480204,-37.576421618991,164,162,164,573871.8,581188.0190000001
11874,13.656471281482,-37.714191291824,164,162,164,573871.8,581188.0190000001
14519,13.773789250841,-37.688718485274,164,162,164,573871.8,581188.0190000001
12241,13.834609243699,-37.671355014345,164,162,164,573871.8,581188.0190000001
16541,13.641276319516,-37.74526732028,164,162,164,573871.8,581188.0190000001
13868,13.698638772574,-37.549524685359,164,162,164,573871.8,581188.0190000001
11739,13.796564611147,-37.683754347277,164,162,164,573871.8,581188.0190000001
132106,13.781420182068,-37.75417388498,164,162,164,573871.8,581188.0190000001
132192,13.73706239591,-37.727289345634,164,162,164,573871.8,581188.0190000001
12210,13.880158018186,-37.632539328296,164,162,164,573871.8,581188.0190000001
132177,13.745621022205,-37.606120425779,164,162,164,573871.8,581188.0190000001
132132,13.722303591754,-37.744081819662,164,162,164,573871.8,581188.0190000001
132123,13.716181493557,-37.785345260345,164,162,164,573871.8,581188.0190000001
132114,13.78810648915,-37.776894811293,164,162,164,573871.8,581188.0190000001
13799,13.592250478754,-37.673887795766,164,162,164,573871.8,581188.0190000001
13547,13.73593315109,-37.791220011029,164,162,164,573871.8,581188.0190000001
20000,13.71464157443,-37.59302814474,164,162,164,573871.8,581188.0190000001
20003,13.604570395737,-37.732995891227,164,162,164,573871.8,581188.0190000001
14779,13.64062153092,-37.740182331688,164,162,164,573871.8,581188.0190000001
11355,53.4136853416,-36.167106254262,145,143,144,310850.351,323995.763
3437,53.359435278562,-36.146833536763,145,143,144,310850.351,323995.763
3508,53.346635594874,-36.200658854902,145,143,144,310850.351,323995.763
3374,53.435278003646,-36.166960153627,145,143,144,310850.351,323995.763
50616,53.457814357805,-36.144660647481,145,143,144,310850.351,323995.763
3330,53.338399396421,-36.137739960234,145,143,144,310850.351,323995.763
3277,53.416381761521,-36.176308515518,145,143,144,310850.351,323995.763
3129,53.392423291617,-36.183940177748,145,143,144,310850.351,323995.763
9396,53.416992536175,-36.123703311214,145,143,144,310850.351,323995.763
55515,53.354252400879,-36.179406072033,145,143,144,310850.351,323995.763
7510,53.378451394993,-36.185097778156,145,143,144,310850.351,323995.763
48275,53.342941665363,-36.151529952326,145,143,144,310850.351,323995.763
14106,53.425548402946,-36.163156761285,145,143,144,310850.351,323995.763
46234,53.361268389177,-36.137537558893,145,143,144,310850.351,323995.763
3875,53.38313495005,-36.112227035097,145,143,144,310850.351,323995.763
40084,53.435590907111,-36.171281863862,145,143,144,310850.351,323995.763
5589,53.412882747995,-36.090593865137,145,143,144,310850.351,323995.763
169845,53.405346972391,-36.122802650466,145,143,144,310850.351,323995.763
17826,53.408275013144,-36.159676673331,145,143,144,310850.351,323995.763
4294,53.40521683781,-36.173844558925,145,143,144,310850.351,323995.763
169798,53.36759935237,-36.155574290404,145,143,144,310850.351,323995.763
17987,53.434205378236,-36.121465149439,145,143,144,310850.351,323995.763
169835,53.40095532258,-36.099223708064,145,143,144,310850.351,323995.763
26693,10.708010488582,40.810748458218,145,145,145,456583.82599999994,465175.247
4170,53.34637281065,-36.131433443952,145,143,144,310850.351,323995.763
169925,53.349369410013,-36.180741551851,145,143,144,310850.351,323995.763
6058,53.39632068859,-36.083834351631,145,143,144,310850.351,323995.763
1972,10.645771343869,40.810988990882,139,139,139,448269.04299999995,456891.963
120244,5.1211547455924,59.280912157078,129,129,129,262281.436,269457.98600000003
120277,5.1085391441298,59.312331877356,129,129,129,262281.436,269457.98600000003
122000,5.0895210576047,59.317149966685,129,129,129,262281.436,269457.98600000003
122022,5.0619365693198,59.314691077696,129,129,129,262281.436,269457.98600000003
122027,5.0503832982947,59.299121193806,129,129,129,262281.436,269457.98600000003
122021,5.0571701340303,59.27394981937,129,129,129,262281.436,269457.98600000003
360002,196.41129699634,-49.393784797207,125,96,124,119491.90699999999,154745.54200000002
360311,196.4573421058,-49.446650111417,125,96,124,119491.90699999999,154745.54200000002
55412,196.23622364928,-49.560858699364,125,96,124,119491.90699999999,154745.54200000002
31582,196.3702038985,-49.495305231352,125,96,124,119491.90699999999,154745.54200000002
29109,196.39771079139,-49.486283740119,125,96,124,119491.90699999999,154745.54200000002
29883,196.34319594237,-49.449222544563,125,96,124,119491.90699999999,154745.54200000002
360107,196.32028978989,-49.533909018803,125,96,124,119491.90699999999,154745.54200000002
19949,185.51777353706,28.186376784348,124,124,124,180908.17000000007,186754.75399999996
45097,218.16338521101,-44.196580335026,121,118,121,196851.40099999998,211421.96099999998
346797,218.17490418905,-44.207241323138,121,118,121,196851.40099999998,211421.96099999998
58084,218.15691045976,-44.152994374261,121,118,121,196851.40099999998,211421.96099999998
30164,218.17599277553,-44.160739606514,121,118,121,196851.40099999998,211421.96099999998
346805,218.15238402142,-44.187127774971,121,118,121,196851.40099999998,211421.96099999998
346808,218.15615954266,-44.162050569246,121,118,121,196851.40099999998,211421.96099999998
346790,218.14844422279,-44.167615570391,121,118,121,196851.40099999998,211421.96099999998
40735,218.12508825867,-44.182281837213,121,118,121,196851.40099999998,211421.96099999998
40758,218.19237941376,-44.18679435355,121,118,121,196851.40099999998,211421.96099999998
41236,218.13983437935,-44.181118898933,121,118,121,196851.40099999998,211421.96099999998
34994,308.69400507401,60.224255907919,109,107,109,136731.439,142930.429
11140,308.77204140145,60.106332047669,109,107,109,136731.439,142930.429
41056,308.65243136239,60.099910457992,109,107,109,136731.439,142930.429
267043,308.58879861596,60.191006518797,109,107,109,136731.439,142930.429
4415,308.74094295238,60.163615859451,109,107,109,136731.439,142930.429
267095,308.64735667932,60.128435077758,109,107,109,136731.439,142930.429
52550,308.64691776591,60.194074877037,109,107,109,136731.439,142930.429
19973,308.80694577148,60.089415950668,109,107,109,136731.439,142930.429
2180,308.75423898057,60.169665140709,109,107,109,136731.439,142930.429
50391,308.72315551309,60.122302202816,109,107,109,136731.439,142930.429
2242,308.75047358206,60.15243820559,109,107,109,136731.439,142930.429
2231,308.75331499839,60.191756482114,109,107,109,136731.439,142930.429
3180,308.64422491899,60.175673525389,109,107,109,136731.439,142930.429
4196,308.70191558854,60.13626072587,109,107,109,136731.439,142930.429
3701,308.85694016824,60.165898743457,109,107,109,136731.439,142930.429
3593,308.82878702171,60.182185131834,109,107,109,136731.439,142930.429
16946,308.68936137258,60.153631807971,109,107,109,136731.439,142930.429
3442,308.81794597789,60.179687135956,109,107,109,136731.439,142930.429
267415,308.72388654934,60.096872214519,109,107,109,136731.439,142930.429
267408,308.7241226294,60.213395676391,109,107,109,136731.439,142930.429
267381,308.73643936175,60.092601214161,109,107,109,136731.439,142930.429
267338,308.70587884313,60.228247668034,109,107,109,136731.439,142930.429
3137,308.65260115201,60.158282811796,109,107,109,136731.439,142930.429
9848,308.77453923609,60.178796669537,109,107,109,136731.439,142930.429
267300,308.86489786561,60.155413748459,109,107,109,136731.439,142930.429
2732,308.60881325747,60.152576935146,109,107,109,136731.439,142930.429
65669,308.71000242393,60.12287796286,109,107,109,136731.439,142930.429
8750,308.60417689683,60.178102865814,109,107,109,136731.439,142930.429
2630,308.70378439402,60.205281324508,109,107,109,136731.439,142930.429
2602,308.73683047187,60.142744079862,109,107,109,136731.439,142930.429
27226,308.79551770131,60.14967030324,109,107,109,136731.439,142930.429
59707,308.58343411721,60.169482262629,109,107,109,136731.439,142930.429
267122,308.63089410518,60.18201596412,109,107,109,136731.439,142930.429
3372,308.80133701695,60.126411308402,109,107,109,136731.439,142930.429
4588,308.65954802939,60.077507674561,108,106,108,136674.91700000002,142872.771
362236,196.05764346518,-10.356576600155,106,102,104,159113.717,169979.684
362176,196.04641859918,-10.371170818606,105,101,103,158303.394,169142.25
281494,155.85608809201,19.917563979125,103,102,103,145319.16899999997,147529.09199999998
281562,155.89942658637,19.864185215502,101,100,101,144795.34699999995,146995.06399999995
281554,155.9073266646,19.849841711247,101,100,101,144795.34699999995,146995.06399999995
1030,180.47419150361,-18.886234497946,99,98,99,203817.16700000002,207251.897
16335,204.26803469757,-29.900780168992,99,96,97,171330.878,171003.88700000005
16855,204.26788967634,-29.855601061979,99,96,97,171330.878,171003.88700000005
18407,204.2587440013,-29.921706225875,99,96,97,171330.878,171003.88700000005
358805,185.44435040069,4.4996756567792,99,99,98,215623.064,221174.39700000003
358834,185.46492286228,4.5187582631639,99,99,98,215623.064,221174.39700000003
359079,185.49261085859,4.5154547408846,99,99,98,215623.064,221174.39700000003
359153,185.5051820255,4.4938474194005,99,99,98,215623.064,221174.39700000003
17016,204.23122445847,-29.91936406929,99,96,97,171330.878,171003.88700000005
332063,204.25658526072,-29.795270208103,99,96,97,171330.878,171003.88700000005
18627,204.23861730015,-29.894200322602,99,96,97,171330.878,171003.88700000005
45280,204.17073346285,-29.852950227854,99,96,97,171330.878,171003.88700000005
18972,204.18109705009,-29.851668054702,99,96,97,171330.878,171003.88700000005
17095,204.24756820488,-29.832820165842,99,96,97,171330.878,171003.88700000005
332074,204.23911209147,-29.791208209176,99,96,97,171330.878,171003.88700000005
332096,204.15367210873,-29.838507564444,99,96,97,171330.878,171003.88700000005
332130,204.14978095332,-29.85570099459,99,96,97,171330.878,171003.88700000005
22865,204.26616173481,-29.824605997066,99,96,97,171330.878,171003.88700000005
332177,204.18441097841,-29.811697595113,99,96,97,171330.878,171003.88700000005
333078,204.26194223961,-29.874080104162,99,96,97,171330.878,171003.88700000005
18224,204.25551107219,-29.890013344264,99,96,97,171330.878,171003.88700000005
281570,155.86737156178,19.832125311619,98,97,98,144490.707,146691.59999999998
333056,204.27974801674,-29.780488393217,98,95,96,170628.875,170300.859
22391,204.27921729743,-29.85009497642,98,95,96,170628.875,170300.859
359377,185.32209228936,4.6043734853192,98,98,97,197488.23100000003,202729.388
29871,274.96378539806,74.586750323002,97,97,97,380262.14800000004,385742.859
352791,188.93016411204,28.023856174299,97,97,97,154639.352,155781.826
352633,188.96549385959,27.934503042285,97,97,97,154639.352,155781.826
352625,188.95749578005,28.034071332528,97,97,97,154639.352,155781.826
16647,274.93151464533,74.560185695659,97,97,97,380262.14800000004,385742.859
8408,274.98333045613,74.580306050071,97,97,97,380262.14800000004,385742.859
332988,204.31144767058,-29.908334512244,96,93,94,168099.093,167770.40400000004
332980,204.31815778448,-29.827360799604,96,93,94,168099.093,167770.40400000004
15989,204.33242591091,-29.896528313776,96,93,94,168099.093,167770.40400000004
332085,204.24360653627,-29.944381321325,95,92,93,169272.941,168898.54500000004
352938,188.98457539606,27.990429203555,95,95,95,146480.80599999998,147612.29400000005
352808,188.98328214083,28.001634245893,95,95,95,146480.80599999998,147612.29400000005
352832,189.02734632463,27.937406214985,94,94,94,142001.19799999997,143125.54500000004
352867,189.04737992644,27.924191868654,94,94,94,142001.19799999997,143125.54500000004
352833,189.01336602131,27.9658881391,94,94,94,142001.19799999997,143125.54500000004
352980,189.00154101014,27.915714788046,94,94,94,142001.19799999997,143125.54500000004
352909,188.99365125437,27.961656644313,94,94,94,142001.19799999997,143125.54500000004
74264,103.24322834502,74.48204868054,88,88,88,163362.668,167805.162
169154,64.416545547361,-62.774323967232,86,82,82,152556.399,151425.874
169204,64.445471829263,-62.774164865095,83,79,79,151888.124,150743.94300000003
357186,185.7541071438,15.777204708516,82,79,81,153539.999,155485.068
356867,185.69233534735,15.813822898145,82,79,81,153539.999,155485.068
356874,185.70478169229,15.808349636169,82,79,81,153539.999,155485.068
356878,185.70281804742,15.836559428896,82,79,81,153539.999,155485.068
356895,185.68552491655,15.824578227423,82,79,81,153539.999,155485.068
357185,185.75414178119,15.82920603365,82,79,81,153539.999,155485.068
356931,185.7096728923,15.804834271458,82,79,81,153539.999,155485.068
356951,185.71649022574,15.787444663454,82,79,81,153539.999,155485.068
356934,185.71180576561,15.845063687912,82,79,81,153539.999,155485.068
305057,130.59029281089,70.966141143954,79,79,79,220484.938,227547.38199999995
28451,198.83129227619,42.050410800832,78,78,78,129959.635,131320.54
52052,54.630480749516,-35.403822466641,76,76,76,195412.31499999997,199327.86900000004
362988,198.85939419899,42.008776889628,76,76,76,128804.29000000001,130142.12100000001
318652,140.44688033443,51.009688303815,76,75,76,89153.308,89778.69100000002
362851,198.8927605025,42.039618862418,76,76,76,128804.29000000001,130142.12100000001
57827,183.75206520905,14.038596931294,73,71,72,99326.885,101815.033
55654,183.76560802786,14.030622234664,73,71,72,99326.885,101815.033
117227,10.17415316004,41.531267393424,72,71,71,205127.95899999997,206432.714
174436,55.051229255275,-35.628079142081,72,72,72,192321.256,196212.477
292677,170.07938442214,13.026391692412,72,71,72,122363.05500000001,125425.42799999999
174455,55.036069438668,-35.630084509321,72,72,72,192321.256,196212.477
318028,140.55864198335,50.967265353302,71,70,71,75995.15199999997,76572.72600000001
318539,140.46814985946,50.977596722225,71,70,71,92330.67799999999,92900.45800000003
36050,198.90690387876,42.037567802074,70,70,70,122160.357,123613.20000000001
292713,170.0734899836,12.945486569831,69,68,69,118668.725,121657.792
362923,198.91388191942,42.040774564251,69,69,69,119697.43400000001,121117.177
291069,179.39054102102,55.453089686641,69,69,69,134450.867,140312.984
291050,179.40494950069,55.454296774512,69,69,69,134450.867,140312.984
291326,178.93227444658,55.320678434561,69,69,69,134450.867,140312.984
362912,198.90160239868,42.023191130534,67,67,67,118639.85100000002,120030.386
43244,198.9138678586,42.031659914017,66,66,66,118200.37700000001,119579.078
5230,202.36453021882,58.426121622935,66,66,66,158103.516,158264.33
329731,202.3821174631,58.380580750789,66,66,66,158103.516,158264.33
26584,202.39843645047,58.440727768516,66,66,66,158103.516,158264.33
5218,202.41084255837,58.41826618109,66,66,66,158103.516,158264.33
21824,202.40224458285,58.387151739143,66,66,66,158103.516,158264.33
362917,198.91981256099,42.030526896295,64,64,64,116467.48100000001,117823.81999999999
17151,50.77358659438,-37.186452628987,63,62,63,124505.37400000001,126709.58300000001
156710,50.676436524879,-37.123536521566,63,62,63,124505.37400000001,126709.58300000001
156738,50.708111800594,-37.144731044777,63,62,63,124505.37400000001,126709.58300000001
58521,50.713351543117,-37.136427003791,63,62,63,124505.37400000001,126709.58300000001
52740,50.620382711514,-37.211316061918,62,61,62,124153.402,126351.94499999999
37792,50.686237923541,-37.247763185044,62,61,62,124153.402,126351.94499999999
158445,50.630587319606,-37.225597177045,62,61,62,124153.402,126351.94499999999
156766,50.707016159237,-37.097697338244,62,61,62,123612.193,125809.468
17412,50.713527902513,-37.16351304096,62,61,62,124494.38500000001,126697.05600000001
363898,198.98072142459,42.06648357687,62,62,62,114168.92800000001,115490.719
363914,198.99518193416,42.034363934238,62,62,62,114645.53899999999,115972.99100000001
57803,50.720903210707,-37.129811645109,62,61,62,123612.193,125809.468
156747,50.722319302839,-37.250923828321,62,61,62,124153.402,126351.94499999999
32009,198.97425719478,42.018308478612,61,61,61,113974.93500000001,115276.641
34253,198.93299816073,41.986612300054,61,61,61,113974.93500000001,115276.641
30143,198.91918320595,41.98429299686,61,61,61,113974.93500000001,115276.641
53736,50.705419856422,-37.26094391791,61,60,61,123379.355,125569.67199999999
363961,199.07059843897,42.01934202431,61,61,61,113974.93500000001,115276.641
363982,199.02138278863,42.045120380002,61,61,61,113974.93500000001,115276.641
32114,199.00888102813,42.031204975527,61,61,61,113974.93500000001,115276.641
29420,198.97182514853,42.037549109936,61,61,61,113948.56700000001,115270.08499999999
313586,154.31260638222,73.414729629599,60,59,59,102190.66799999999,100824.15500000001
158435,50.577771417625,-37.215044644612,60,59,60,123008.781,125196.64499999999
26061,50.582847175751,-37.224071151217,60,59,60,123008.781,125196.64499999999
358128,184.63019907924,47.322951841127,57,56,56,82582.269,81809.587
358360,184.80010079508,47.232535782659,57,56,56,82582.269,81809.587
48999,184.75621513715,47.257470285852,57,56,56,82582.269,81809.587
4120,184.68296512845,47.292237719021,57,56,56,82582.269,81809.587
5402,184.69311151387,47.241158821433,57,56,56,82582.269,81809.587
4101,184.74103001746,47.268748159878,57,56,56,82582.269,81809.587
4392,184.77003660315,47.267518946355,57,56,56,82582.269,81809.587
42237,184.73399033138,47.252157193454,57,56,56,82582.269,81809.587
4154,184.70627335899,47.279566128562,57,56,56,82582.269,81809.587
358015,184.70414210534,47.247018654501,57,56,56,82582.269,81809.587
358367,184.80485006669,47.236354923219,57,56,56,82582.269,81809.587
4163,184.72809592706,47.280578086544,57,56,56,82582.269,81809.587
358072,184.72807798626,47.232994656537,57,56,56,82582.269,81809.587
358324,184.76824981259,47.248308552168,57,56,56,82582.269,81809.587
18013,56.293216566286,68.041930327682,56,56,56,166067.34999999998,169202.701
172942,56.341799717201,68.113695900743,56,56,56,166067.34999999998,169202.701
19478,56.448089978119,68.096175806262,56,56,56,166067.34999999998,169202.701
19466,56.484873548776,67.990297967577,56,56,56,166067.34999999998,169202.701
45773,56.522483192856,68.19895195693,56,56,56,166067.34999999998,169202.701
34646,56.610061056773,68.081906116298,56,56,56,166067.34999999998,169202.701
173191,56.482084740967,68.005665742168,56,56,56,166067.34999999998,169202.701
37693,56.404649795805,68.125825311304,56,56,56,166067.34999999998,169202.701
173181,56.622439639873,68.175431691226,56,56,56,166067.34999999998,169202.701
10402,56.416605407681,68.052644004795,56,56,56,166067.34999999998,169202.701
358052,184.69860120756,47.348530027636,56,55,55,82355.488,81576.552
11177,56.688853973025,68.162948789688,56,56,56,166067.34999999998,169202.701
4375,184.69703147318,47.339361792284,56,55,55,82355.488,81576.552
173155,56.369677207067,68.18433821784,56,56,56,166067.34999999998,169202.701
10328,56.481671037597,68.082147233563,56,56,56,166067.34999999998,169202.701
173134,56.406776245029,68.11174873839,56,56,56,166067.34999999998,169202.701
14173,56.611333011062,68.071659109752,56,56,56,166067.34999999998,169202.701
37032,56.68285205036,68.184122093472,56,56,56,166067.34999999998,169202.701
10613,56.526572262184,68.175064032955,56,56,56,166067.34999999998,169202.701
10388,56.564480638063,68.18697299137,56,56,56,166067.34999999998,169202.701
10494,56.498450371182,68.093968759006,56,56,56,166067.34999999998,169202.701
10658,56.592134250043,68.084828235384,56,56,56,166067.34999999998,169202.701
172938,56.357126215482,68.027433096383,56,56,56,166067.34999999998,169202.701
172940,56.339188658932,68.121062971068,56,56,56,166067.34999999998,169202.701
21736,56.289590033388,68.149182332674,56,56,56,166067.34999999998,169202.701
11205,56.845363769375,68.149798612735,55,55,55,164827.34900000005,167961.584
17104,56.770418254316,68.088151490516,55,55,55,164827.34900000005,167961.584
17265,56.720523846881,68.084749388379,55,55,55,164827.34900000005,167961.584
17024,56.767065819461,68.151788578143,55,55,55,164827.34900000005,167961.584
11496,184.73165620438,47.340273970852,55,54,54,81670.77399999999,80884.449
19010,56.844131238187,68.261082109483,55,55,55,164827.34900000005,167961.584
12408,56.719791431827,68.145831346563,55,55,55,164827.34900000005,167961.584
172642,56.929389538347,68.115556447447,55,55,55,164827.34900000005,167961.584
172656,56.944804716705,68.208862546297,55,55,55,164827.34900000005,167961.584
172707,56.997332039161,68.181138898882,55,55,55,164827.34900000005,167961.584
172712,57.108046406366,68.138086615518,55,55,55,164827.34900000005,167961.584
173053,56.713373292028,68.120648784948,55,55,55,164827.34900000005,167961.584
173109,56.783365733052,68.18346018819,55,55,55,164827.34900000005,167961.584
173123,56.795477329751,68.048280506074,55,55,55,164827.34900000005,167961.584
173179,56.621791681661,68.021288027832,55,55,55,164827.34900000005,167961.584
173068,56.665932100929,68.087980757963,55,55,55,164827.34900000005,167961.584
173091,56.840211243898,68.241809859698,55,55,55,164827.34900000005,167961.584
10449,56.739758168131,68.10553658275,55,55,55,164827.34900000005,167961.584
11164,56.828996929623,68.191245099852,55,55,55,164827.34900000005,167961.584
10542,56.681074941743,68.103186243637,55,55,55,164827.34900000005,167961.584
10702,57.029317540641,68.081252472534,55,55,55,164827.34900000005,167961.584
49213,10.165962963404,41.551162860503,55,54,54,144500.14399999997,145567.266
11096,56.39198630234,67.986582179055,55,55,55,165403.79700000002,168533.25499999998
39689,56.74813339536,68.05439979764,55,55,55,164827.34900000005,167961.584
10687,56.713964540949,68.00792584867,55,55,55,164827.34900000005,167961.584
58590,57.051041279349,68.147541633632,55,55,55,164827.34900000005,167961.584
10673,56.758981818063,68.043962896467,55,55,55,164827.34900000005,167961.584
13749,57.075583958195,68.03460787132,54,54,54,164163.79600000003,167292.138
358247,184.8229881039,47.292615266577,54,53,53,80969.136,80177.39499999999
22518,56.636667642585,67.981681533419,54,54,54,164163.79600000003,167292.138
11109,184.85838134747,47.26424813037,54,53,53,80969.136,80177.39499999999
22530,56.72377406525,67.984139147929,54,54,54,164163.79600000003,167292.138
20396,184.857395678,47.275536216528,54,53,53,80969.136,80177.39499999999
18461,56.664753679881,67.930942844188,54,54,54,164163.79600000003,167292.138
172672,56.904804812273,67.967044312106,54,54,54,164163.79600000003,167292.138
172676,56.883796739063,67.97654436043,54,54,54,164163.79600000003,167292.138
172702,57.023085813781,68.027220996696,54,54,54,164163.79600000003,167292.138
57208,184.64255401236,47.401442817532,53,52,52,80732.822,79934.34899999999
358036,184.71206530981,47.413980292511,53,52,52,80732.822,79934.34899999999
358027,184.71325335451,47.419489246124,53,52,52,80732.822,79934.34899999999
57136,184.67561666278,47.395771754912,53,52,52,80732.822,79934.34899999999
358198,184.65432277521,47.419615496605,53,52,52,80732.822,79934.34899999999
7419,184.73037965995,47.383878019169,53,52,52,80732.822,79934.34899999999
5219,184.68963843158,47.405614921904,53,52,52,80732.822,79934.34899999999
5241,184.73479302729,47.356885273553,53,52,52,80732.822,79934.34899999999
5303,184.69220559709,47.386625530199,53,52,52,80732.822,79934.34899999999
5353,184.70201807831,47.425757910461,53,52,52,80732.822,79934.34899999999
19411,184.7024522382,47.373756752435,53,52,52,80732.822,79934.34899999999
158728,50.276269840939,-37.102098698311,53,52,53,118981.34599999999,121235.98099999999
226519,339.22592188848,34.440985015158,52,52,52,115432.86899999999,121536.603
226380,339.27343318824,34.447753201615,52,52,52,116295.852,122406.63099999998
34759,339.27745278516,34.438773191032,52,52,52,116295.852,122406.63099999998
100419,24.217966509641,15.794212080156,51,51,51,104993.728,110897.59599999999
100421,24.20427914956,15.758019300778,51,51,51,104993.728,110897.59599999999
48463,24.098477897751,15.750402462699,51,51,51,104993.728,110897.59599999999
100794,24.113212312676,15.835274470737,51,51,51,104993.728,110897.59599999999
39795,24.18261532319,15.732675289897,51,51,51,104993.728,110897.59599999999
100854,24.152081603228,15.843423233764,51,51,51,104993.728,110897.59599999999
38292,24.148775884989,15.765711724439,51,51,51,104993.728,110897.59599999999
33901,24.132476581768,15.813368973547,51,51,51,104993.728,110897.59599999999
56509,339.29211984332,34.396257930727,51,51,51,115299.337,121403.716
57199,24.209343197735,15.824482975849,51,51,51,104993.728,110897.59599999999
31176,24.126556534974,15.755357130299,51,51,51,104993.728,110897.59599999999
58119,24.247736755043,15.775728925279,51,51,51,104993.728,110897.59599999999
55042,24.110678670067,15.749400486936,51,51,51,104993.728,110897.59599999999
53408,24.220673871153,15.835657225961,51,51,51,104993.728,110897.59599999999
37769,24.19203444728,15.739822240385,51,51,51,104993.728,110897.59599999999
43712,24.133717320918,15.752361981549,51,51,51,104993.728,110897.59599999999
29711,24.197853035717,15.79569560385,51,51,51,104993.728,110897.59599999999
226404,339.25367096885,34.451101572814,51,51,51,115257.63299999999,121356.086
42924,339.28926300865,34.417209835379,51,51,51,115299.337,121403.716
100872,24.165329749162,15.70725600703,51,51,51,104993.728,110897.59599999999
30062,24.116132753265,15.797842390928,51,51,51,104993.728,110897.59599999999
29665,24.104932221579,15.816392279152,51,51,51,104993.728,110897.59599999999
29790,24.21314224004,15.762771331076,51,51,51,104993.728,110897.59599999999
29226,24.163284953181,15.719633511756,51,51,51,104993.728,110897.59599999999
28555,150.51178699591,55.649824299462,50,50,50,56075.84999999999,56032.448000000004
40237,339.27256513973,34.426266417349,50,50,50,114261.118,120353.17099999999
310464,150.47240388044,55.71044330445,50,50,50,56075.84999999999,56032.448000000004
39233,150.4566751874,55.741122657284,50,50,50,56075.84999999999,56032.448000000004
30058,150.31286831863,55.719699683192,50,50,50,56075.84999999999,56032.448000000004
226383,339.26431752922,34.409595539132,50,50,50,114261.118,120353.17099999999
226379,339.27372889034,34.403837464848,50,50,50,114261.118,120353.17099999999
226376,339.2721584078,34.396663425288,50,50,50,114261.118,120353.17099999999
68924,94.86552529232,78.366931241927,49,49,49,88638.02299999999,92042.047
68916,94.807791992523,78.362384870785,49,49,49,88638.02299999999,92042.047
349303,186.78367415347,9.4298860682572,48,46,47,109456.516,112091.18
349185,186.79710553418,9.4257728965454,48,46,47,109456.516,112091.18
362157,196.03949031981,-10.327555622499,47,43,45,90620.394,99811.281
309075,130.90058747881,-78.942272266126,45,44,45,33680.369,34463.774999999994
50268,10.2042734779,41.608700672767,45,45,45,122858.773,124221.44499999999
29174,346.21803630794,12.329259250545,44,41,43,88204.294,89824.355
228398,346.22659918777,12.336332261723,44,41,43,88204.294,89824.355
29687,346.24032336535,12.340949544477,44,41,43,88204.294,89824.355
279309,165.70935074705,-23.595800218284,44,43,43,62100.778999999995,63036.29299999999
28571,346.21476823923,12.307337148123,44,41,43,88204.294,89824.355
51071,207.17789883344,-30.219661350712,43,41,42,115428.034,118588.11300000001
351934,188.65387929646,2.1476019565077,43,43,42,72298.97699999998,73190.66100000001
287992,175.47299944595,10.3016124146,43,42,43,33124.925,33403.049
351935,188.65065597019,2.1670142772296,42,42,41,71952.499,72842.625
10333,40.106791500023,-8.4082823097818,41,41,41,112553.47499999999,114402.929
58294,40.117085856452,-8.4367243680889,41,41,41,112553.47499999999,114402.929
24999,40.092883146268,-8.4079823698144,41,41,41,112553.47499999999,114402.929
285960,176.21547412232,19.452909081768,41,39,41,64318.62899999999,67689.386
159658,40.08679606051,-8.4234595124481,41,41,41,112553.47499999999,114402.929
364714,197.58304722121,32.480495160283,40,40,39,96566.546,93801.008
97113,23.614256431463,-29.409501625048,40,40,40,92270.573,93787.674
66247,16.864071707704,32.321107124614,39,39,39,57409.429999999986,58776.134999999995
53545,192.36122512174,-41.487557636214,39,39,39,50050.89700000001,51389.80299999999
122918,16.854882563855,32.300216932135,39,39,39,57409.429999999986,58776.134999999995
102975,35.651887861507,42.359642720782,39,38,39,73005.998,73483.21499999998
102935,35.639264921512,42.340796872929,39,38,39,73005.998,73483.21499999998
351865,188.63557769804,2.1819675297115,39,39,38,69087.65699999999,69880.09800000001
103182,35.675666077886,42.400726560815,38,38,38,72333.872,72659.635
12550,40.255698698337,-8.2416340180471,38,38,38,103986.963,105556.346
159833,40.252944194231,-8.2487911142394,38,38,38,103986.963,105556.346
103170,35.686267939515,42.41470342575,38,38,38,72333.872,72659.635
102988,35.654799351037,42.366176799733,38,38,38,73005.998,73334.97399999999
351990,188.60278159226,2.176801459551,38,38,37,68549.868,69340.967
102965,35.66330949968,42.391259142742,38,38,38,73005.998,73334.97399999999
351847,188.63252904243,2.1893363349582,38,38,37,68549.868,69340.967
41605,40.677639962434,-0.0578470907428196,38,38,38,86605.31900000002,88084.051
102971,35.652974377351,42.375026193426,38,38,38,73005.998,73334.97399999999
290179,178.46967892688,52.298937551047,38,38,38,93217.528,94005.30200000001
290183,178.45844669104,52.34223761955,38,38,38,93217.528,94005.30200000001
290316,178.42633994513,52.311363271953,38,38,38,93217.528,94005.30200000001
28943,187.62719824611,41.69504873586,37,37,37,78878.36500000002,81691.289
308112,133.75720519772,78.227260538235,37,36,37,86516.08700000001,86422.76500000001
349814,187.62854097609,41.694864727843,37,37,37,78878.36500000002,81691.289
349753,187.61447859751,41.705769403092,37,37,37,78878.36500000002,81691.289
102912,35.648884367507,42.39590460796,37,37,37,72268.712,72591.94799999999
103027,35.613655043944,42.297001883819,37,36,37,71929.682,72392.93699999999
366872,192.57742130936,25.424593271007,36,34,36,26962.034,27762.445
103016,35.61030800939,42.309210486606,36,35,36,71492.304,71580.04599999999
366739,192.64928740267,25.543681902242,36,34,36,26962.034,27762.445
366750,192.65360419034,25.507992070017,36,34,36,26962.034,27762.445
366766,192.62454614081,25.440427518104,36,34,36,26962.034,27762.445
366773,192.635376962,25.520508046824,36,34,36,26962.034,27762.445
366781,192.63400692942,25.469336637063,36,34,36,26962.034,27762.445
27414,93.873664963792,71.028032268779,36,36,36,124989.942,125132.07
102998,35.615305477687,42.352377744054,36,35,36,71492.304,71580.04599999999
366733,192.60724109174,25.524771997778,36,34,36,26962.034,27762.445
366792,192.55503593585,25.496047441961,36,34,36,26962.034,27762.445
366812,192.54392259683,25.435632209857,36,34,36,26962.034,27762.445
366822,192.5508454772,25.43411818954,36,34,36,26962.034,27762.445
366836,192.58466455421,25.428252892656,36,34,36,26962.034,27762.445
48401,40.618670693591,-0.0345074940430237,36,36,36,86444.96600000001,87921.095
366855,192.57270364378,25.459660482719,36,34,36,26962.034,27762.445
366868,192.576760384,25.469923676476,36,34,36,26962.034,27762.445
366687,192.61541567875,25.458698913397,36,34,36,26962.034,27762.445
366723,192.60986542304,25.555473925657,36,34,36,26962.034,27762.445
366689,192.61471670046,25.523211602701,36,34,36,26962.034,27762.445
366704,192.62263868304,25.556034809234,36,34,36,26962.034,27762.445
366720,192.60042724373,25.54656302345,36,34,36,26962.034,27762.445
4349,93.783321162313,71.124851397146,36,36,36,124989.942,125132.07
90011,93.937887207515,71.041124562827,36,36,36,124989.942,125132.07
366714,192.60411573377,25.515143806436,36,34,36,26962.034,27762.445
16779,192.71854775677,41.04868275907,35,35,35,39292.03799999999,39467.18
17135,192.76888389495,41.123893581035,35,35,35,39292.03799999999,39467.18
18711,192.64568642323,41.129144754583,35,35,35,39292.03799999999,39467.18
16338,192.69862372196,41.08673564311,35,35,35,39292.03799999999,39467.18
371067,192.83983013584,41.098111769072,35,35,35,39292.03799999999,39467.18
22595,192.63886882883,41.08720744445,35,35,35,39292.03799999999,39467.18
370735,192.74927630327,41.048540076363,35,35,35,39292.03799999999,39467.18
370751,192.76230214087,41.085118265122,35,35,35,39292.03799999999,39467.18
370813,192.76820701001,41.139546113003,35,35,35,39292.03799999999,39467.18
40408,192.71789979475,41.150677192122,35,35,35,39292.03799999999,39467.18
60411,192.81365927098,41.077787551225,35,35,35,39292.03799999999,39467.18
32648,192.6742232018,41.09920443478,35,35,35,39292.03799999999,39467.18
366712,192.6022815671,41.109129892023,35,35,35,39292.03799999999,39467.18
366707,192.61870716535,41.148036432316,35,35,35,39292.03799999999,39467.18
295361,172.0115185101,78.998198094316,35,35,35,53704.695999999996,53783.331000000006
37667,192.75745609802,41.051459479932,35,35,35,39292.03799999999,39467.18
37576,192.65708241348,41.177466331684,35,35,35,39292.03799999999,39467.18
295327,172.02856298002,78.990438342759,35,35,35,53704.695999999996,53783.331000000006
18125,192.70910808,41.19190416698,35,35,35,39292.03799999999,39467.18
103472,35.600415467151,42.254640422218,35,34,35,70459.557,70542.02699999999
18208,192.64679476909,41.174228487363,35,35,35,39292.03799999999,39467.18
266604,324.1329628441,-54.565948033058,34,34,34,95250.40400000001,96919.05
31525,324.15320663999,-54.569745314759,34,34,34,95250.40400000001,96919.05
35286,324.14082150637,-54.567194427792,34,34,34,95250.40400000001,96919.05
28060,324.11479087018,-54.553120722833,34,34,34,95250.40400000001,96919.05
16336,324.08286254258,-54.529831558044,34,34,34,95250.40400000001,96919.05
266563,324.09383075073,-54.542634107773,34,34,34,95250.40400000001,96919.05
46969,324.10168892946,-54.561127751656,34,34,34,95250.40400000001,96919.05
48298,204.54456649959,-9.7905507595402,32,16,32,30004.620000000003,30573.08
353582,183.11143433693,29.188281985696,32,32,32,39328.051,40095.258
353604,183.08815720936,29.205417639479,32,32,32,39328.051,40095.258
327777,208.31304351973,40.348883280979,31,30,31,46083.915,46878.222
90133,114.19338000959,65.524087608817,31,30,30,78450.427,79245.887
90168,114.13420330201,65.533876233498,31,30,30,78450.427,79245.887
90105,113.87465312551,65.655283381501,31,30,30,78450.427,79245.887
17693,114.01767422227,65.596934876359,31,30,30,78450.427,79245.887
19547,113.9062379244,65.62184273171,31,30,30,78450.427,79245.887
90294,114.10307627839,65.527293630335,31,30,30,78450.427,79245.887
10918,248.10195270737,78.186471762682,31,30,31,60643.923,60709.554000000004
202946,248.12005228107,78.202942774389,31,30,31,60643.923,60709.554000000004
59826,114.13577133488,65.508583379909,31,30,30,78450.427,79245.887
327764,208.35039708816,40.36855723908,31,30,31,46083.915,46878.222
90330,114.08151061393,65.620031817061,31,30,30,78450.427,79245.887
16021,114.10656160223,65.594341256197,31,30,30,78450.427,79245.887
327790,208.33061265847,40.363185772025,31,30,31,46083.915,46878.222
90192,114.23611050022,65.508055114065,30,29,29,77398.118,78187.82200000001
354240,183.95501717842,36.362416094773,30,28,30,30353.092999999993,36792.636
16993,114.29815097982,65.562790625634,30,29,29,77398.118,78187.82200000001
90213,114.20867098085,65.600988040015,30,29,29,77398.118,78187.82200000001
90223,114.20182561185,65.685481252218,30,29,29,77398.118,78187.82200000001
16186,114.2591349233,65.659847416066,30,29,29,77398.118,78187.82200000001
15979,114.23149676878,65.594658824386,30,29,29,77398.118,78187.82200000001
90267,113.97556586121,65.715875961404,30,29,29,77398.118,78187.82200000001
89990,113.95147539507,65.701464380734,30,29,29,77398.118,78187.82200000001
90245,114.01889198002,65.699647126865,30,29,29,77398.118,78187.82200000001
354205,183.90942040907,36.34769501408,30,28,30,30353.092999999993,36792.636
354199,183.92239156379,36.354032047241,30,28,30,30353.092999999993,36792.636
89509,114.32877326338,65.514745716262,30,29,29,77398.118,78187.82200000001
89542,114.32503251657,65.4981814202,30,29,29,77398.118,78187.82200000001
89551,114.35126895125,65.632870033433,30,29,29,77398.118,78187.82200000001
89577,114.3407725771,65.55487711544,30,29,29,77398.118,78187.82200000001
89616,114.29633235705,65.47447448514,30,29,29,77398.118,78187.82200000001
307489,133.13908293218,33.377617852907,30,29,30,29021.675,28150.440999999995
89618,114.2945467325,65.70240244888,30,29,29,77398.118,78187.82200000001
89631,114.2768227807,65.70420438494,30,29,29,77398.118,78187.82200000001
89661,114.31083661032,65.533320747332,30,29,29,77398.118,78187.82200000001
89671,114.32096140372,65.599419340182,30,29,29,77398.118,78187.82200000001
50924,114.4095334371,65.608206772368,30,29,29,77398.118,78187.82200000001
89717,114.41921808218,65.527957911018,30,29,29,77398.118,78187.82200000001
89739,114.41528803258,65.556240023974,30,29,29,77398.118,78187.82200000001
89753,114.41851029548,65.589301672304,30,29,29,77398.118,78187.82200000001
89827,114.37991838738,65.650821063224,30,29,29,77398.118,78187.82200000001
89830,114.38372304788,65.512586425031,30,29,29,77398.118,78187.82200000001
89850,114.35839979708,65.615618100341,30,29,29,77398.118,78187.82200000001
34736,114.107316471,65.632766699411,30,29,29,77398.118,78187.82200000001
89852,114.35990657177,65.536237633362,30,29,29,77398.118,78187.82200000001
43838,114.31199614536,65.574764527479,30,29,29,77398.118,78187.82200000001
90296,114.10484780494,65.645240388851,30,29,29,77398.118,78187.82200000001
354161,183.93608189405,36.31243488318,30,28,30,30353.092999999993,36792.636
354192,183.89342527449,36.371692988842,30,28,30,30353.092999999993,36792.636
89875,114.40456135446,65.5335764819,30,29,29,77398.118,78187.82200000001
20055,114.14217300478,65.648649096487,30,29,29,77398.118,78187.82200000001
90870,114.51837276605,65.541891736332,30,29,29,77398.118,78187.82200000001
20881,114.28993835851,65.551759619954,30,29,29,77398.118,78187.82200000001
90907,114.4491459493,65.484942345756,30,29,29,77398.118,78187.82200000001
90797,114.49684176905,65.602766642601,30,29,29,77398.118,78187.82200000001
20199,114.39012229944,65.552121955598,30,29,29,77398.118,78187.82200000001
90804,114.49454011547,65.48556586097,30,29,29,77398.118,78187.82200000001
90303,114.10248141955,65.653739157632,30,29,29,77398.118,78187.82200000001
33716,114.25311068198,65.571560253443,30,29,29,77398.118,78187.82200000001
90455,114.57957087261,65.513715637598,30,29,29,77398.118,78187.82200000001
24719,114.27784287878,65.611271525034,30,29,29,77398.118,78187.82200000001
90300,114.10128868389,65.708884808788,30,29,29,77398.118,78187.82200000001
21110,114.28071019615,65.582576763668,30,29,29,77398.118,78187.82200000001
21114,114.50123061594,65.535093505852,30,29,29,77398.118,78187.82200000001
91123,114.53619951111,65.559019162092,30,29,29,77398.118,78187.82200000001
90978,114.47145087605,65.524514896767,30,29,29,77398.118,78187.82200000001
90973,114.47032744023,65.569271069346,30,29,29,77398.118,78187.82200000001
47282,114.36250806307,65.517253933157,30,29,29,77398.118,78187.82200000001
17040,114.17493510784,65.614294105936,30,29,29,77398.118,78187.82200000001
42210,20.006347222643,3.4032760175319,29,28,29,46182.883,47574.882
125773,20.029666812807,3.4261224241739,29,28,29,46182.883,47574.882
28544,19.928174485998,3.4062319864536,29,28,29,46182.883,47574.882
126220,19.987784743039,3.4498633337092,29,28,29,46182.883,47574.882
125779,20.024208342313,3.3803093185908,29,28,29,46182.883,47574.882
125783,20.040707027516,3.3843080555245,29,28,29,46182.883,47574.882
126228,19.986123747663,3.4235939565688,29,28,29,46182.883,47574.882
126236,19.991287426185,3.3757580964649,29,28,29,46182.883,47574.882
126247,19.973826360307,3.4260293391695,29,28,29,46182.883,47574.882
125823,20.085657008501,3.4077453282056,29,28,29,46182.883,47574.882
50524,20.010981492182,3.4169920669859,29,28,29,46182.883,47574.882
125789,20.03882347998,3.4083830185787,29,28,29,46182.883,47574.882
356718,186.24076913694,12.884805038233,28,28,28,56700.354,57147.386
356738,186.22923753959,12.878713959205,28,28,28,56700.354,57147.386
352754,188.92163051736,12.581038222084,28,27,28,53273.545,54075.096000000005
352749,188.92299291031,12.591891910685,28,27,28,53273.545,54075.096000000005
357748,186.25692930127,12.912956366925,28,28,28,56700.354,57147.386
357669,186.30769883729,12.878572851826,28,28,28,56700.354,57147.386
357593,186.63560818634,12.6041452307,28,28,28,55904.142,56350.448999999986
13415,186.41302316425,12.669291694211,28,28,28,55904.142,56350.448999999986
357351,186.47491533831,12.667793946018,28,28,28,55904.142,56350.448999999986
326570,210.91022060018,-33.964931416155,27,26,26,29236.748999999996,31237.424
286628,177.78905943337,-28.775793912889,27,26,27,28886.460000000003,29833.202
361268,195.14278194426,27.635127103831,27,27,27,53764.92,54930.026
28018,177.75027417096,-28.780622893544,27,26,27,28886.460000000003,29833.202
31242,177.77584160133,-28.780487017518,27,26,27,28886.460000000003,29833.202
38779,177.74141693838,-28.778469547173,27,26,27,28886.460000000003,29833.202
307400,133.18931850802,33.43471191134,27,26,27,28020.593,27142.703999999994
286605,177.80227049337,-28.794710431263,27,26,27,28886.460000000003,29833.202
227353,344.33357366136,-43.407179977961,27,27,27,57224.145000000004,59436.242999999995
33582,177.78978140034,-28.800132055589,27,26,27,28886.460000000003,29833.202
227515,344.30475581716,-43.425219335463,27,27,27,57224.145000000004,59436.242999999995
227512,344.30847323036,-43.3592430829,27,27,27,57224.145000000004,59436.242999999995
61869,175.95576294389,19.967159769951,27,18,26,23953.338,25306.863
227493,344.32304771019,-43.371630330047,27,27,27,57224.145000000004,59436.242999999995
358056,184.69037955989,14.446118235135,26,26,26,52329.489,53321.280999999995
367579,190.73995301558,2.6606735515014,25,25,25,32620.152000000002,34088.826
367601,190.7451281679,2.6686758034685,25,25,25,32620.152000000002,34088.826
351761,189.94645242911,-11.636679200841,24,23,24,20048.888,21415.244
351805,189.97476485882,-11.640115258305,24,23,24,20048.888,21415.244
246137,352.11972783982,22.434934125339,24,23,24,20691.992,21681.692
351798,189.98082024859,-11.646900962842,24,23,24,20048.888,21415.244
367992,190.60749866942,32.555946836998,24,24,24,32060.892,32468.101000000002
358031,184.7118166747,14.442613410672,24,24,24,38963.923,39850.331999999995
351824,189.96235590051,-11.640006997792,24,23,24,20048.888,21415.244
117007,10.050650325735,41.55422474208,24,24,24,54851.899999999994,55244.473
351843,189.96629500784,-11.597681795066,24,23,24,20048.888,21415.244
358090,184.71926617175,14.430302054357,23,23,23,34004.195999999996,34866.01899999999
358097,184.72455177364,14.448433162926,23,23,23,34004.195999999996,34866.01899999999
367892,190.6532105675,32.537815402254,23,23,23,29134.134000000002,29466.921
358069,184.72649815736,14.389691800423,23,23,23,34004.195999999996,34866.01899999999
351704,190.05700735291,-11.631371793038,23,22,23,19933.109,21297.41
358065,184.73363865262,14.405306665392,23,23,23,34004.195999999996,34866.01899999999
358029,184.71448104276,14.40669032561,23,23,23,34004.195999999996,34866.01899999999
351737,190.04289642979,-11.610966433239,23,22,23,19933.109,21297.41
358083,184.73631046387,14.422962716077,23,23,23,34004.195999999996,34866.01899999999
351785,189.92634508056,-11.615563350341,23,22,23,19929.126,21294.903
314629,154.51681936344,21.826212294239,23,23,23,26412.915999999997,26722.149999999994
245129,349.04652583337,-42.605715186374,22,21,22,28469.788000000004,29019.042
28995,349.0674416498,-42.588332797542,22,21,22,28469.788000000004,29019.042
44195,156.9800292528,-43.913353719137,22,20,22,18865.406,20019.712999999996
245144,349.03600068609,-42.598675819643,22,21,22,28469.788000000004,29019.042
279429,157.62958496044,-35.36657691629,21,21,21,24541.437,26066.716
312776,149.99190722109,5.345204631914,21,21,21,19496.769,19061.685
310704,150.02962342047,5.306966810258,21,21,21,19496.769,19061.685
310735,150.0022549316,5.3379122878048,21,21,21,19496.769,19061.685
39326,150.03770250969,5.3328844054507,21,21,21,19496.769,19061.685
29901,354.06514324933,2.156625206415,20,19,20,21196.842,23247.833000000002
118560,0.50584611866312,-15.509513114642,20,19,20,16357.121000000001,18047.51
279814,157.35254690253,29.510514853841,20,20,20,40734.49,42125.59400000001
45684,354.09757665892,2.1576838468571,20,19,20,21196.842,23247.833000000002
118656,0.49208342178418,-15.466188076156,20,19,20,16357.121000000001,18047.51
116918,10.113236367078,41.615424875858,20,20,20,46850.4,47274.21399999999
279969,157.48835417393,-35.239101788099,20,20,20,24225.078,25743.212000000003
118540,0.52096961350305,-15.417995946135,19,18,19,14861.631000000001,16551.187
118684,0.48048637903989,-15.430893177069,19,18,19,14861.631000000001,16551.187
47450,181.03764214614,20.182324433582,19,3,18,22503.903,25833.801999999996
311347,150.83675436451,68.694994199025,18,18,18,21077.321,21373.689000000002
164413,60.659860572932,71.711773456369,18,18,18,47121.94899999999,47569.187999999995
98094,20.665117710311,34.438510866303,18,11,18,28192.246999999996,34104.45
164419,60.606137027832,71.705357189725,18,18,18,47121.94899999999,47569.187999999995
227249,345.54132706539,-39.557170085176,18,18,18,60627.01000000001,60684.62699999999
227253,345.54482887504,-39.567765401709,18,18,18,60627.01000000001,60684.62699999999
227313,345.56387351599,-39.549449333028,18,18,18,60627.01000000001,60684.62699999999
313497,154.40568532748,21.695703161798,18,18,18,24277.34,24579.522999999997
206842,234.91582277872,59.331277352672,18,18,18,8717.067000000001,8836.722000000002
227271,345.52415803918,-39.604476807054,18,18,18,60627.01000000001,60684.62699999999
296171,173.48100665267,49.063549536987,17,17,17,15504.595000000001,15750.494000000002
229595,344.16382411367,-37.020721532176,17,17,17,37813.109,39025.86
142226,71.392884303378,-59.215599433066,17,17,17,37436.549,37721.554
142220,71.404865887442,-59.282939301603,17,17,17,37436.549,37721.554
142223,71.420223772118,-59.296367076156,17,17,17,37436.549,37721.554
142216,71.364169529308,-59.215729202271,17,17,17,37436.549,37721.554
142213,71.373734567627,-59.225033328409,17,17,17,37436.549,37721.554
142273,71.456586505972,-59.2137344358,17,17,17,37436.549,37721.554
142277,71.441908148849,-59.206622677914,17,17,17,37436.549,37721.554
8508,146.34442673506,9.7774561689976,17,16,17,12823.693000000001,13341.407
26974,34.333840533073,-5.4838113483282,16,16,16,54612.497,54795.446
324555,205.01389219772,-31.620987398922,16,16,16,16765.883,17011.927
324513,204.96138423114,-31.6555914677,16,16,16,16765.883,17011.927
290410,178.68481867549,-13.981736406479,16,16,16,40539.549999999996,40612.992
290379,178.64966234784,-13.96791108228,16,16,16,40539.549999999996,40612.992
36117,187.05563102306,44.115720859749,15,15,15,24642.808000000005,24970.423999999995
35065,187.07398063009,44.109791739273,15,15,15,24642.808000000005,24970.423999999995
37181,187.01686078342,44.095636999974,15,15,15,24642.808000000005,24970.423999999995
39604,187.04538127784,44.113674471114,15,15,15,24642.808000000005,24970.423999999995
365157,198.23155506398,-19.511004556823,14,14,14,17699.377999999997,19286.186999999998
35110,187.0387229957,44.086053159962,14,14,14,24408.910000000003,24732.373999999996
120330,5.3385097047573,-48.641028048147,14,14,14,14510.280999999999,15691.436
257290,282.10143935235,-63.213402701838,14,14,14,21119.084000000003,21054.454
38185,187.04514964532,44.061064803153,14,14,14,24408.910000000003,24732.373999999996
87530,111.70016291598,85.764109723863,13,13,13,19877.579,20384.524
87638,112.16147069273,69.215597348921,13,13,13,23066.767999999996,23269.138999999996
87656,112.23141645598,69.218070937169,13,13,13,23066.767999999996,23269.138999999996
87684,112.21595668298,69.239401343111,13,13,13,23066.767999999996,23269.138999999996
116018,9.8913587931343,0.86452943151774,13,13,13,23186.046,23333.844999999998
116057,9.9066082928497,0.85286820272945,13,13,13,23186.046,23333.844999999998
87382,111.99616452001,85.744080659875,13,13,13,19877.579,20384.524
18115,180.5133574673,29.850131952215,13,13,13,31544.341999999997,31520.023
87703,112.06960471045,85.743163796687,13,13,13,19877.579,20384.524
103941,35.777948943355,41.381897167312,13,13,13,5108.848000000001,5162.01
363132,198.26801358586,-19.531074738844,13,13,13,17584.006999999998,19168.353
363339,198.37329121045,-19.556314229403,13,13,13,17584.006999999998,19168.353
363355,198.38063206598,-19.543796659502,13,13,13,17584.006999999998,19168.353
87501,111.84271700957,85.753627131697,13,13,13,19877.579,20384.524
87105,112.24213397652,69.19264461329,13,13,13,23066.767999999996,23269.138999999996
87497,111.83204756402,85.775781940728,13,13,13,19877.579,20384.524
50825,10.191184131156,41.680920709012,13,13,13,35768.119,36970.01499999999
260136,288.08406018762,-57.204789543875,12,12,12,4052.523,4159.007
37943,349.5996168963,-42.398798565091,12,12,12,23511.889000000003,23780.629999999994
356476,186.09248386221,7.2796225833923,12,11,12,13329.219,13692.155999999999
117064,10.084246966247,41.747064076681,12,11,11,27763.367,31928.629
116980,10.120758244811,41.830252817793,12,11,11,27763.367,31928.629
38088,184.38624159371,37.80520002178,12,12,12,12125.090000000002,12313.187
356482,186.08551307339,7.3165321231754,12,11,12,13329.219,13692.155999999999
356770,186.15920902378,7.3519191105899,12,11,12,13329.219,13692.155999999999
356785,186.14764247312,7.3016100661665,12,11,12,13329.219,13692.155999999999
32289,184.36634910217,37.781216783868,12,12,12,12125.090000000002,12313.187
356805,186.15243287869,7.3578314079659,12,11,12,13329.219,13692.155999999999
42608,184.40536196441,37.83577362417,12,12,12,12125.090000000002,12313.187
260720,287.86567434844,-57.058576432019,12,12,12,4052.523,4159.007
28906,184.42615179826,37.837832798938,12,12,12,12125.090000000002,12313.187
157963,49.556441790141,41.870212438021,12,12,12,16041.348000000002,17116.749
358781,184.48580272356,7.1847239147392,12,12,12,14192.536,14260.875999999998
116112,10.005797057091,41.752710872094,12,11,11,28818.467,32984.08
335484,223.41713339195,3.5713131130452,12,11,12,60415.564000000006,62804.216
358476,184.36159706055,37.796273093779,12,12,12,12125.090000000002,12313.187
358475,184.3643463958,37.8041986318,12,12,12,12125.090000000002,12313.187
335542,223.43289437903,3.5735127242984,12,11,12,60415.564000000006,62804.216
356479,186.08411201776,7.2943647542048,12,11,12,13329.219,13692.155999999999
236722,354.41684189304,-47.487109909324,11,11,11,21213.516,24917.043999999998
325456,206.01775034014,-27.236359884434,11,10,11,26186.270999999997,26393.472999999998
214419,255.78144017324,61.042012986761,11,11,11,12745.035,13109.640000000001
311334,150.87505192462,68.739618509763,11,11,11,16474.763000000003,16684.753
369043,194.36867529576,27.504400453623,11,11,11,11684.987,11703.44
292290,169.23176763933,18.145502474368,11,11,11,21142.857999999997,21581.005999999998
236728,354.46496845131,-47.51070840916,11,11,11,21213.516,24917.043999999998
116989,10.057620114177,41.709986397237,11,10,10,26433.503,30597.129
236716,354.42277087765,-47.516842108935,11,11,11,21213.516,24917.043999999998
244927,349.61907540039,-42.396379672906,11,11,11,22122.414,22341.453999999994
236711,354.42266265912,-47.708787906783,11,11,11,21213.516,24917.043999999998
117040,10.091652626425,41.833435489537,11,10,10,27712.781,31875.985
117094,10.195195541823,41.70295779272,11,11,11,32840.898,34031.892
340060,225.51556091268,1.8377385503284,10,10,10,23663.765,25414.33
350895,189.23642307533,13.139316548618,10,10,10,25965.488999999998,26003.592
350899,189.23722916391,13.223031829371,10,10,10,25965.488999999998,26003.592
17098,349.85380674321,-42.242560376839,10,10,10,21714.164,21913.414999999997
350892,189.22499027302,13.159877210324,10,10,10,25965.488999999998,26003.592
366093,192.10597829516,-5.8019473362028,10,9,10,4903.726,5071.202
35190,243.95534850789,-60.801698002977,10,9,10,3756.08,3990.0129999999995
328521,208.7406827042,5.3233146720849,10,9,9,19977.32,20715.649
367002,192.19444031943,-5.8030519278223,10,9,10,4903.726,5071.202
351031,189.19917121394,13.144770234702,10,10,10,25965.488999999998,26003.592
351033,189.19451424356,13.196535485187,10,10,10,25965.488999999998,26003.592
328520,208.74106027316,5.3259824999617,10,9,9,19977.32,20715.649
366105,192.11274889079,-5.8237772614379,10,9,10,4903.726,5071.202
366101,192.11392658345,-5.7855909363551,10,9,10,4903.726,5071.202
350913,189.207657747,13.200232022219,10,10,10,25965.488999999998,26003.592
366065,192.11945456492,-5.8225585325067,10,9,10,4903.726,5071.202
366084,192.10891233116,-5.8341990534145,10,9,10,4903.726,5071.202
366017,192.09389404591,-5.8044702093627,10,9,10,4903.726,5071.202
350890,189.22338198744,13.198169897149,10,10,10,25965.488999999998,26003.592
351068,189.18085376278,13.253594122939,10,10,10,25965.488999999998,26003.592
16342,349.73432191007,-42.233768432581,10,10,10,21714.164,21913.414999999997
351046,189.20078742685,13.176283927606,10,10,10,25965.488999999998,26003.592
351038,189.20552846481,13.190784530784,10,10,10,25965.488999999998,26003.592
316206,152.7528286043,-4.6703459236685,10,10,10,12031.712000000001,12232.6
351034,189.19315212289,13.181995320951,10,10,10,25965.488999999998,26003.592
365922,192.14993904376,-5.7646256340668,10,9,10,4903.726,5071.202
365942,192.13517344827,-5.8347746479145,10,9,10,4903.726,5071.202
365948,192.12883399062,-5.8103105964388,10,9,10,4903.726,5071.202
39103,192.16356412539,-5.801898993312,10,9,10,4903.726,5071.202
365952,192.14546033996,-5.816714885006,10,9,10,4903.726,5071.202
365997,192.16653178219,-5.8015724046915,10,9,10,4903.726,5071.202
366004,192.17260742192,-5.7673421180973,10,9,10,4903.726,5071.202
366010,192.1711334025,-5.7886638334593,10,9,10,4903.726,5071.202
351058,189.171363894,13.149548265704,10,10,10,25965.488999999998,26003.592
280911,157.98708482929,-34.858999958068,10,10,10,14474.484,16149.955000000002
279927,157.21412847393,68.45274712042,10,10,10,16319.996000000001,16565.514
174434,55.060305926131,-18.544868657726,10,10,10,5171.217,5236.658
281857,156.86866804692,68.376226878088,10,10,10,16319.996000000001,16565.514
51654,281.84116582146,45.566218471477,10,9,10,7427.184,7600.387
279891,157.17916428421,68.471144509246,10,10,10,16319.996000000001,16565.514
279929,157.21333799256,68.402137739045,10,10,10,16319.996000000001,16565.514
17868,192.19485004645,-5.8147926492947,10,9,10,4903.726,5071.202
56060,192.15262165059,-5.8129085302773,10,9,10,4903.726,5071.202
174439,55.055351373275,-18.558017695122,10,10,10,5171.217,5236.658
281949,157.12234032775,68.403386977695,10,10,10,16319.996000000001,16565.514
174452,55.042353350334,-18.549329293562,10,10,10,5171.217,5236.658
116242,9.9889447438831,41.74333368328,10,9,9,26297.963999999996,30374.107
279910,157.22857573232,68.430746720586,10,10,10,16319.996000000001,16565.514
116183,9.9788761117274,41.739867928818,10,9,9,26297.963999999996,30374.107
242944,349.8566105083,-42.250441493339,10,10,10,21714.164,21913.414999999997
243122,349.82041494767,-42.261377966972,10,10,10,21714.164,21913.414999999997
281911,157.08065141306,68.461524922834,10,10,10,16319.996000000001,16565.514
243100,349.83308271225,-42.255375115431,10,10,10,21714.164,21913.414999999997
282011,157.01217757846,68.409275745358,10,10,10,16319.996000000001,16565.514
282043,157.06474458863,68.370297036526,10,10,10,16319.996000000001,16565.514
26304,192.14313366224,-5.8369282808954,10,9,10,4903.726,5071.202
96434,23.212224706851,-7.0467204081181,10,10,10,21031.742,21408.503999999997
284828,160.15334766058,-46.320726462994,10,8,10,31248.232000000004,40888.337999999996
279837,157.32545793528,68.469927241483,10,10,10,16319.996000000001,16565.514
282017,157.00880873055,68.381721016362,10,10,10,16319.996000000001,16565.514
174491,55.07556031531,-18.599801284675,9,9,9,4396.828,4454.384
116146,10.041037855033,41.678054122059,9,8,8,25298.547,29486.416
116148,10.041711417726,41.816812207872,9,8,8,25192.278000000002,29266.012000000002
116210,9.9665916518436,41.754407061618,9,8,8,14996.416000000001,19000.524
117156,10.159263914523,41.683303846571,9,9,9,29286.5,30475.823000000004
169412,53.40927104348,-5.0967637132382,9,8,9,6962.557,7349.5380000000005
362186,196.00462160195,-30.364722935868,9,8,9,4597.934,4727.929999999999
76699,85.522465625494,69.398079167775,9,9,9,17537.154,17942.581
68983,122.95890311607,-18.299627616899,9,9,9,141477.79499999998,141582.84999999998
74459,85.61175984756,69.380823265502,9,9,9,17537.154,17942.581
321754,145.18492299409,71.173401833498,8,8,8,15560.166999999998,15661.086000000001
352815,189.02133487712,26.043154036603,8,8,8,7153.447,7197.540999999999
73531,102.19268317478,-64.333373232731,8,8,8,2178.25,2215.59
242483,349.90590254134,8.2663203956022,8,8,8,6510.571,6587.977
244362,348.02738975277,-28.535531278001,8,7,8,2082.344,2384.5769999999998
229457,344.20526379006,-36.556976515966,8,8,8,7487.625,7539.679
98279,20.772363802303,-34.983245409766,8,7,8,14213.964000000002,14761.641000000001
170347,54.105128587648,-34.988277563034,8,8,8,5410.553,5331.657
350736,189.10211334758,25.9944498448,8,8,8,7153.447,7197.540999999999
286370,177.78206142221,55.07090461776,8,7,8,6570.188,6830.369
15621,183.43874203889,36.631933449707,8,8,8,8102.022999999999,8231.091
127011,18.582501355286,-55.388696277466,8,7,8,29464.993000000002,29459.45
350827,189.06073597228,26.014584986885,8,8,8,7153.447,7197.540999999999
127068,18.604214772498,-55.412511865148,8,7,8,29464.993000000002,29459.45
350876,189.0789591241,26.00759954815,8,8,8,7153.447,7197.540999999999
45054,63.974856487589,-55.623007532305,7,7,7,2660.457,2681.0340000000006
352402,188.217424477,0.10679304040221,7,7,7,11202.295999999998,11205.741999999998
42919,190.92914669482,11.502727819506,7,7,7,15682.003999999999,16232.525000000001
352373,188.16308775409,0.11193831628582,7,7,7,11202.295999999998,11205.741999999998
49055,128.31998907887,-22.973428542239,7,7,7,6022.241999999999,6312.832
352333,188.17793710319,0.11523987079669,7,7,7,11202.295999999998,11205.741999999998
355379,181.1603126771,1.7878766585385,7,7,7,6874.886,6971.764000000001
352261,188.25745536313,0.11827487476114,7,7,7,11202.295999999998,11205.741999999998
37906,63.883196244404,-55.58769179786,7,7,7,2660.457,2681.0340000000006
116949,10.127156329686,41.69788441998,7,6,6,22053.094,22366.935999999998
77847,115.89862932234,49.665882458807,7,7,7,11074.569000000001,11259.304000000002
46000,190.94608282203,11.506074533128,7,7,7,15682.003999999999,16232.525000000001
348233,188.13732897181,0.11869702586575,7,7,7,11202.295999999998,11205.741999999998
348243,188.14737518525,0.11000120522528,7,7,7,11202.295999999998,11205.741999999998
58403,226.77815365381,1.5274565328024,7,7,7,8361.515,8598.978000000001
168986,63.938797873659,-55.606619141752,7,7,7,2660.457,2681.0340000000006
358229,184.83701909747,5.8513875460779,7,7,7,8875.643,9253.74
273777,162.49697646131,32.988588406938,7,6,7,5288.662,5499.714000000001
352409,188.21371976578,0.11699461675394,7,7,7,11202.295999999998,11205.741999999998
314633,154.53457056918,41.392184577944,7,6,7,18508.087,23026.917
314492,154.59884795345,41.382313021664,7,6,7,18508.087,23026.917
314529,154.62949642721,41.445332515967,7,6,7,18508.087,23026.917
314456,154.61159223479,41.417347595967,7,6,7,18508.087,23026.917
314482,154.57843337893,41.432186358504,7,6,7,18508.087,23026.917
357216,185.80518738825,11.357015169753,7,7,7,21328.871,21840.302000000003
34990,184.85258983182,5.8515345486141,7,7,7,8875.643,9253.74
314489,154.59628758102,41.420144931137,7,6,7,18508.087,23026.917
314494,154.59047516068,41.435819356128,7,6,7,18508.087,23026.917
368751,190.97064271718,11.553393108205,7,7,7,15682.003999999999,16232.525000000001
314496,154.59566440657,41.461530744637,7,6,7,18508.087,23026.917
368713,190.9770172928,11.544882289815,7,7,7,15682.003999999999,16232.525000000001
314639,154.52864418673,41.406460759977,7,6,7,18508.087,23026.917
314527,154.6386823469,41.40619393453,7,6,7,18508.087,23026.917
314614,154.55913285005,41.392143987344,7,6,7,18508.087,23026.917
314612,154.57177284765,41.395089031967,7,6,7,18508.087,23026.917
41213,184.81992347011,5.8307439076689,7,7,7,8875.643,9253.74
93126,28.735354613901,-9.0237225053275,7,7,7,3409.868,3493.9929999999995
314595,154.55021568958,41.406019951198,7,6,7,18508.087,23026.917
306140,128.38014452981,-22.980849852538,7,7,7,6022.241999999999,6312.832
366958,192.2824227787,-11.413606360359,6,6,6,4563.579,4571.309
319826,147.4905380069,-25.00529549244,6,6,6,2311.8149999999996,2621.906
157334,51.52348081679,-21.349484866684,6,5,6,3152.215,3264.9949999999994
69762,124.95957415663,20.983573196836,6,6,6,2866.86,2895.979
157272,51.506501286863,-21.339189965592,6,5,6,3152.215,3264.9949999999994
276227,162.10825973668,-25.173011227803,6,5,5,23775.203,23812.033
32697,32.40676251532,35.790846747009,6,6,6,1652.642,1658.951
324078,207.25020343562,60.201807590912,6,6,6,2797.23,2876.246
348297,188.03455547199,14.409260399974,6,6,6,10554.299,10695.991
340468,226.7822348144,1.5197652167985,6,6,6,6924.544,7114.667000000001
348315,188.02586665428,14.389061635551,6,6,6,10554.299,10695.991
350774,189.12744885664,25.947717192826,6,6,6,6178.941999999999,6214.577999999999
128457,13.369334745043,-8.768775137752,6,4,4,17810.278,17386.336
35066,190.94716335231,11.592687782633,6,6,6,14890.767,15430.193000000001
348319,188.02711557874,14.375261173493,6,6,6,10554.299,10695.991
350708,189.1145096694,25.959230164184,6,6,6,6178.941999999999,6214.577999999999
43779,190.95210939968,11.588633623538,6,6,6,14890.767,15430.193000000001
38886,190.96545612732,11.566139398673,6,6,6,14890.767,15430.193000000001
27999,124.97030522057,20.985624496267,6,6,6,2866.86,2895.979
348005,187.9957737279,14.455455197037,6,6,6,10554.299,10695.991
223634,252.79408987085,-58.998946617414,5,5,5,9051.075,9155.027
223657,252.76434482915,-58.996918066186,5,5,5,9051.075,9155.027
52164,192.11411405133,8.4677621935048,5,5,5,19245.341,19313.02
58470,190.86147802654,11.587590039803,5,5,5,13397.694,13923.307
358828,185.4259917309,14.587827385271,5,5,5,32092.182,31902.260000000002
358966,185.40021036126,14.595718991191,5,5,5,32092.182,31902.260000000002
13755,221.23811088411,1.9207042927405,5,5,5,2994.0239999999994,3020.59
366033,192.09890363145,8.4792814423386,5,5,5,19245.341,19313.02
358809,185.42340860285,14.593895789829,5,5,5,32092.182,31902.260000000002
366059,192.08623485188,8.4886703666689,5,5,5,19245.341,19313.02
362252,196.07929305738,-30.508894469803,5,5,5,3075.094,3113.258
48826,221.23274490736,1.9390521867024,5,5,5,2994.0239999999994,3020.59
366031,192.09598625478,8.4676903815843,5,5,5,19245.341,19313.02
325383,205.74042058384,-48.161696077424,5,5,5,8389.994999999999,8576.297
66837,109.15948913371,-62.336796760962,5,5,5,2741.58,2773.088
20240,221.23807936073,1.9668724408808,5,5,5,2994.0239999999994,3020.59
21415,221.22774179231,1.9878414860952,5,5,5,2994.0239999999994,3020.59
366088,192.11033994226,8.4987825086285,5,5,5,19245.341,19313.02
43250,190.86634828986,11.567087899993,5,5,5,13397.694,13923.307
58875,190.8683614038,11.57818345618,5,5,5,13397.694,13923.307
331434,200.92575728666,31.648506974077,5,5,5,2617.163,2639.5779999999995
64848,190.68452800297,11.45414522001,5,5,5,13397.694,13923.307
34780,190.8981877844,11.602349933548,5,5,5,13397.694,13923.307
41751,190.87440611797,11.55507666627,5,5,5,13397.694,13923.307
368805,190.99859195776,13.132104151719,4,4,4,13205.777,13509.641
239871,357.84398601906,20.110729951598,4,4,4,1091.597,1097.7259999999999
350462,189.42472198749,11.851127353371,4,4,4,24716.783,21247.571
368752,190.97048759544,13.144822249235,4,4,4,13205.777,13509.641
31024,296.21240916564,-54.456872371253,4,4,4,2403.389,2428.827
275804,162.35519019153,32.774849475098,4,4,4,2437.6340000000005,2343.0690000000004
368778,191.01367564291,13.113281354545,4,4,4,13205.777,13509.641
267464,308.27467972155,-2.0359671492174,4,3,4,14102.518999999998,13913.963
239945,357.86436018691,20.11433645617,4,4,4,1091.597,1097.7259999999999
367300,190.70169162626,13.261940112882,4,4,4,13205.777,13509.641
367285,190.71361200722,13.244433685518,4,4,4,13205.777,13509.641
368758,190.96561562217,13.13762335171,4,4,4,13205.777,13509.641
67940,107.45700789406,-27.576442697757,3,3,3,2059.967,2088.563
97836,20.991572770699,33.910984280365,3,3,3,11391.544000000002,11508.269
68035,107.44494822678,-27.569344620405,3,3,3,2059.967,2088.563
149492,81.665201840531,-63.750221753374,3,3,3,19514.536,19875.262
22268,132.04196897434,74.093542593188,3,3,3,1684.805,1707.637
287286,174.93438874663,31.942516618753,3,3,3,7850.914,7279.998
149509,81.675693030562,-63.755751523346,3,3,3,19514.536,19875.262
149713,81.713365597457,-63.773357618973,3,3,3,19514.536,19875.262
46442,132.03431524884,74.08066352955,3,3,3,1684.805,1707.637
71470,100.76308602418,-74.236295228346,3,3,3,2024.673,2140.6440000000002
63570,300.87428310261,-55.965241532748,3,0,3,0.0,4706.204
152628,82.280319520465,-39.416753708169,3,3,3,7229.674,7346.409
33262,338.95073599925,-26.024976342641,2,2,2,3547.59,3549.5209999999997
16132,194.75320420511,34.84635993137,2,2,2,1652.004,1674.9199999999998
16088,194.75724598503,34.853923367536,2,2,2,1652.004,1674.9199999999998
41140,9.4267236215869,-33.713909751272,2,2,2,5388.036,5448.729
140773,73.325683501085,-3.0081730316779,2,2,2,2458.255,2484.741
132990,76.295875234099,-37.979775242812,2,2,2,5883.051,6109.546
132977,76.290662899722,-37.96354178664,2,2,2,5883.051,6109.546
132874,76.314754731385,-37.974778304,2,2,2,5883.051,6109.546
19102,194.76651103602,34.887085327442,2,2,2,1652.004,1674.9199999999998
21337,28.27677857202,-13.76069942091,2,2,2,2671.809,2735.1800000000003
75939,125.34418539805,20.913414777287,2,2,2,1199.996,1211.317
359243,185.09262828885,29.303899475877,2,2,2,1083.3110000000001,1095.676
315464,151.79284688191,12.647180246491,2,2,2,3874.374,3848.9750000000004
29739,338.93802383393,-26.081015825218,2,2,2,3547.59,3549.5209999999997
130890,14.442397778619,-27.497866099975,2,2,2,1935.0639999999999,2005.2399999999998
29749,244.01702933026,-22.623965184563,2,2,2,549.352,603.396
113227,9.4134735487159,-33.713733027563,2,2,2,5388.036,5448.729
105368,37.755202210764,-44.428720910436,2,2,2,1450.3319999999999,1460.795
105087,37.912365476101,-44.527971370561,2,2,2,1450.3319999999999,1460.795
125982,20.312994001502,3.865150516626,2,2,2,1696.0900000000001,1699.926
362325,195.5826707993,-15.76743498634,2,2,2,1207.7730000000001,1221.022
337715,221.35710059319,-20.687302214595,2,2,2,2104.661,2121.1580000000004
340331,227.04818675997,1.2478135139213,2,2,2,848.177,859.538
357691,186.34656427179,4.9281173478013,1,1,1,989.73,990.382
357667,186.30983394843,4.9143669756821,1,1,1,989.73,990.382
357632,186.31377446921,4.9287160096298,1,1,1,989.73,990.382
357698,186.343788292,4.9204791073953,1,1,1,989.73,990.382
50865,9.6879648855953,48.260499335794,1,1,1,3872.157,3873.761
116550,9.8277210637896,48.369401895591,1,1,1,3872.157,3873.761
116316,9.7459942782812,48.381631463213,1,1,1,3872.157,3873.761
97272,23.746466347603,-41.422672874383,1,1,1,5909.143,5989.638
370399,193.17925577975,15.862501704734,1,1,1,78.102,78.007
100729,23.779588797498,-41.434747445317,1,1,1,5909.143,5989.638
100743,23.764491269343,-41.43745394786,1,1,1,5909.143,5989.638
112841,9.6258096541387,48.324707813896,1,1,1,3872.157,3873.761
112887,9.6688416867612,48.375388731999,1,1,1,3872.157,3873.761
116254,9.7370870871828,48.41742180795,1,1,1,3872.157,3873.761
116290,9.7298475649871,48.287273487946,1,1,1,3872.157,3873.761
116292,9.743530939661,48.422557098305,1,1,1,3872.157,3873.761
116295,9.7611435812676,48.319880626212,1,1,1,3872.157,3873.761
116301,9.7605063045002,48.423409647137,1,1,1,3872.157,3873.761
116325,9.7525074660083,48.321585870349,1,1,1,3872.157,3873.761
116524,9.7695326577597,48.295430426006,1,1,1,3872.157,3873.761
116326,9.7568350597603,48.329481497265,1,1,1,3872.157,3873.761
116361,9.6748095192904,48.34215721365,1,1,1,3872.157,3873.761
116368,9.6779053715376,48.297537509698,1,1,1,3872.157,3873.761
116370,9.6797385446243,48.332603596479,1,1,1,3872.157,3873.761
116381,9.7079154745402,48.320171040615,1,1,1,3872.157,3873.761
116390,9.7169988970442,48.286370300442,1,1,1,3872.157,3873.761
116413,9.7043807552939,48.382608227465,1,1,1,3872.157,3873.761
116414,9.7687273695754,48.378944870926,1,1,1,3872.157,3873.761
116439,9.8334205554471,48.378296409202,1,1,1,3872.157,3873.761
116486,9.859356952457,48.36531770069,1,1,1,3872.157,3873.761
116505,9.780554893877,48.27830097832,1,1,1,3872.157,3873.761
116536,9.7954678548098,48.353374701989,1,1,1,3872.157,3873.761
371904,9.8158055726258,48.330868217813,1,1,1,3872.157,3873.761
268824,306.89868703675,-47.036940331816,1,1,1,2896.748,2976.168
333190,204.42118114071,8.8846005987251,1,1,1,410.149,416.206
319271,141.13685343389,-63.252068223224,1,1,1,1079.186,1132.187
56162,59.395323983576,-46.202263635622,1,1,1,211.755,223.053
166296,59.37382489646,-46.200102511024,1,1,1,211.755,223.053
277616,166.56338000532,-18.254254674311,1,1,1,4215.16,4224.767
333148,204.36807599179,8.9055170047786,1,1,1,410.149,416.206
281332,155.64318397226,43.849633149694,1,1,1,826.453,852.48
32643,9.760291505021,48.402912871721,1,1,1,3872.157,3873.761
283782,161.06027959983,6.7615703671517,1,1,1,1835.238,1834.93
54932,9.7970394115035,48.381257262642,1,1,1,3872.157,3873.761
333271,204.37123352721,8.8940132015723,1,1,1,410.149,416.206
333282,204.37546394175,8.8757284133214,1,1,1,410.149,416.206
50629,9.6949376627963,48.307593709178,1,1,1,3872.157,3873.761
333286,204.37813936616,8.9099691324752,1,1,1,410.149,416.206
333336,204.39397040839,8.8724301310101,1,1,1,410.149,416.206
352463,188.47748324012,15.357375991765,1,1,1,2475.158,2480.503
44778,9.7873523606667,48.411558031528,1,1,1,3872.157,3873.761
319846,147.49261827688,-73.919519914685,0,0,0,0.0,0.0
320850,148.28650403735,7.8664798892728,0,0,0,0.0,0.0
319845,147.492922075,-73.926901635828,0,0,0,0.0,0.0
319844,147.49458827744,-73.903355260383,0,0,0,0.0,0.0
159945,39.878808834276,-34.402219159701,0,0,0,0.0,0.0
319693,147.56896183523,-73.93607266591,0,0,0,0.0,0.0
319663,147.57962906255,-73.925467560421,0,0,0,0.0,0.0
318639,140.40823935152,75.121406314899,0,0,0,0.0,0.0
325580,205.89249463591,-38.169838683689,0,0,0,0.0,0.0
316113,152.18450720667,12.314778099732,0,0,0,0.0,0.0
316131,152.19228550679,12.33513564773,0,0,0,0.0,0.0
327678,207.81779896989,-33.813047141091,0,0,0,0.0,0.0
327583,207.97245537904,64.370419831522,0,0,0,0.0,0.0
327664,207.79571085576,-33.798925081097,0,0,0,0.0,0.0
327669,207.82551545076,-33.818568451571,0,0,0,0.0,0.0
327670,207.83215027395,-33.794684530613,0,0,0,0.0,0.0
364079,199.83144961563,-14.836164164985,0,0,0,0.0,0.0
315182,152.05633621237,12.305399817911,0,0,0,0.0,0.0
250687,293.0791453998,-55.913364295879,0,0,0,0.0,0.0
328571,209.0544495212,5.040203892787,0,0,0,0.0,0.0
328614,209.0445392321,5.0257619933031,0,0,0,0.0,0.0
241323,356.08347515045,9.9301613864972,0,0,0,0.0,0.0
238355,353.3254986683,-54.107365275625,0,0,0,0.0,0.0
236202,355.00309310503,-12.285675947454,0,0,0,0.0,0.0
224562,339.68325228833,35.539770575636,0,0,0,0.0,0.0
333754,202.47373683781,-17.987955739588,0,0,0,0.0,0.0
35311,35.397900603036,-5.508263198279,0,0,0,0.0,0.0
315219,152.05124852065,12.289184519588,0,0,0,0.0,0.0
315175,152.05688027703,12.324141837627,0,0,0,0.0,0.0
315180,152.05499803309,12.296557920619,0,0,0,0.0,0.0
333845,202.42390177488,-17.947744015967,0,0,0,0.0,0.0
315070,152.08485348981,12.335557122789,0,0,0,0.0,0.0
315063,152.06829300074,12.271845395795,0,0,0,0.0,0.0
315056,152.0745380398,12.2991723158,0,0,0,0.0,0.0
315043,152.10536554601,12.275554575843,0,0,0,0.0,0.0
315037,152.08787298974,12.250379810956,0,0,0,0.0,0.0
315034,152.09778656178,12.291419838578,0,0,0,0.0,0.0
315029,152.09759866384,12.29681002217,0,0,0,0.0,0.0
314950,151.86297581489,12.272701297617,0,0,0,0.0,0.0
311928,149.08515506057,27.226514089105,0,0,0,0.0,0.0
285178,159.74201278369,41.676627183256,0,0,0,0.0,0.0
294740,168.36030933724,-26.766583797959,0,0,0,0.0,0.0
294415,168.31667153679,-26.739912992214,0,0,0,0.0,0.0
292821,170.05254922836,67.245090095739,0,0,0,0.0,0.0
291411,178.97581174854,6.7301526662252,0,0,0,0.0,0.0
95572,31.126886831216,-6.205250686862,0,0,0,0.0,0.0
370815,192.76408358254,27.367547482665,0,0,0,0.0,0.0
291394,178.96657165928,6.7307648757845,0,0,0,0.0,0.0
315074,152.08111789901,12.328000632275,0,0,0,0.0,0.0
105678,36.953766961407,0.5064162627556,0,0,0,0.0,0.0
315083,152.14986993941,12.302155430842,0,0,0,0.0,0.0
114163,8.376100046087,48.513880762673,0,0,0,0.0,0.0
315108,152.10821806568,12.311190109996,0,0,0,0.0,0.0
315100,152.16779306395,12.294735547551,0,0,0,0.0,0.0
315097,152.15933674887,12.321926834777,0,0,0,0.0,0.0
114282,8.3418229348776,48.557542973007,0,0,0,0.0,0.0
114267,8.3529151807572,48.464241818646,0,0,0,0.0,0.0
114246,8.3038468995947,48.497437625425,0,0,0,0.0,0.0
114238,8.3057571404433,48.436523516315,0,0,0,0.0,0.0
114154,8.4113693831869,48.561121821218,0,0,0,0.0,0.0
315085,152.14454891351,12.277669823858,0,0,0,0.0,0.0
114052,8.2608062479478,48.541026323288,0,0,0,0.0,0.0
114044,8.2482904925319,48.450249850607,0,0,0,0.0,0.0
114040,8.2413621172809,48.516974311987,0,0,0,0.0,0.0
114032,8.2833254920997,48.417982877701,0,0,0,0.0,0.0
114022,8.2751149897928,48.526338417811,0,0,0,0.0,0.0
113974,8.2157724327637,48.432339823214,0,0,0,0.0,0.0
315091,152.17058388491,12.349635572581,0,0,0,0.0,0.0
333813,202.50522408395,-18.005085323382,0,0,0,0.0,0.0
360728,197.15448743239,-49.469870746763,0,0,0,0.0,0.0
360785,197.15748225041,-49.528877741492,0,0,0,0.0,0.0
157109,52.090562400837,-31.055439690086,0,0,0,0.0,0.0
159623,40.098712340073,-34.358185639536,0,0,0,0.0,0.0
41305,172.96394808328,-30.412871281012,0,0,0,0.0,0.0
159579,40.140396439319,-34.451536956066,0,0,0,0.0,0.0
160059,39.996533294145,-34.414957220355,0,0,0,0.0,0.0
160065,39.991770081806,-34.471580894221,0,0,0,0.0,0.0
159575,40.138857394589,-34.420673134373,0,0,0,0.0,0.0
159555,40.156373370628,-34.401226038546,0,0,0,0.0,0.0
60990,35.392362316463,-5.5181558886471,0,0,0,0.0,0.0
63189,201.8648832869,-27.326494965999,0,0,0,0.0,0.0
160066,39.996078233048,-34.51797089967,0,0,0,0.0,0.0
352883,189.03699551857,19.332235290649,0,0,0,0.0,0.0
160075,40.051399758155,-34.483491974934,0,0,0,0.0,0.0
160077,40.054561628495,-34.508482093028,0,0,0,0.0,0.0
160091,40.042233116381,-34.43940516883,0,0,0,0.0,0.0
160096,40.036362445584,-34.389591607722,0,0,0,0.0,0.0
157161,52.100254791454,-31.064972860716,0,0,0,0.0,0.0
160098,40.036804584706,-34.526994570323,0,0,0,0.0,0.0
159626,40.094055231059,-34.434371109017,0,0,0,0.0,0.0
160057,39.981352070888,-34.43174348791,0,0,0,0.0,0.0
43541,354.68121982411,-56.480058561169,0,0,0,0.0,0.0
159677,40.124816458214,-34.44991291294,0,0,0,0.0,0.0
160032,40.014469254574,-34.351472776856,0,0,0,0.0,0.0
159933,39.86900118614,-34.446113530424,0,0,0,0.0,0.0
159928,39.873209224297,-34.409717520089,0,0,0,0.0,0.0
159924,39.896029349083,-34.535344349218,0,0,0,0.0,0.0
159911,39.885311004091,-34.497121449284,0,0,0,0.0,0.0
159907,39.888347998663,-34.444636404756,0,0,0,0.0,0.0
159686,40.112335251938,-34.506448001344,0,0,0,0.0,0.0
159675,40.131857966692,-34.464538041642,0,0,0,0.0,0.0
159650,40.078744632102,-34.456881708381,0,0,0,0.0,0.0
159671,40.12109197596,-34.432702168408,0,0,0,0.0,0.0
160052,39.985027498969,-34.375337399952,0,0,0,0.0,0.0
159664,40.122608507889,-34.420140483482,0,0,0,0.0,0.0
160053,39.977375034686,-34.368468237354,0,0,0,0.0,0.0
159662,40.122538211049,-34.405103294678,0,0,0,0.0,0.0
159656,40.085282293425,-34.407577631501,0,0,0,0.0,0.0
159652,40.089448542244,-34.396958084707,0,0,0,0.0,0.0
160100,40.046826139008,-34.514289692332,0,0,0,0.0,0.0
157101,52.086478204131,-31.073055666157,0,0,0,0.0,0.0
360784,197.15843337716,-49.493701175052,0,0,0,0.0,0.0
291372,179.00488927438,6.754745546255,0,0,0,0.0,0.0
172357,55.565935606079,-35.390491281468,0,0,0,0.0,0.0
172366,55.578059064354,-35.377513942783,0,0,0,0.0,0.0
350260,187.42750166928,13.420287705211,0,0,0,0.0,0.0
350205,187.48504271929,13.642060514645,0,0,0,0.0,0.0
350049,187.26322691721,13.980957418629,0,0,0,0.0,0.0
349659,187.50056343483,13.655373854764,0,0,0,0.0,0.0
39284,353.32221209387,-54.083280236818,0,0,0,0.0,0.0
348871,187.02522534337,13.913140306668,0,0,0,0.0,0.0
348701,187.87328540721,25.77291804304,0,0,0,0.0,0.0
348700,187.86826742076,25.782794065752,0,0,0,0.0,0.0
348467,187.85489079247,25.79164539668,0,0,0,0.0,0.0
348432,187.85824143329,25.748154225268,0,0,0,0.0,0.0
34447,193.46519864875,31.10956156665,0,0,0,0.0,0.0
335648,223.28291588718,16.668749048799,0,0,0,0.0,0.0
333849,202.39906852739,-17.928442629343,0,0,0,0.0,0.0
28744,187.26418715635,13.971173412222,0,0,0,0.0,0.0
159943,39.875043969017,-34.414800671176,0,0,0,0.0,0.0
166110,59.341544180444,-46.189406086757,0,0,0,0.0,0.0
166107,59.357739623398,-46.216470616338,0,0,0,0.0,0.0
166053,59.32634517941,-46.206757632809,0,0,0,0.0,0.0
160131,39.910922270105,-34.388523023188,0,0,0,0.0,0.0
160114,39.922650814002,-34.560341219091,0,0,0,0.0,0.0
155048,45.433185102012,35.212475326655,0,0,0,0.0,0.0
160116,39.92283834398,-34.412780644918,0,0,0,0.0,0.0
35211,187.49938446771,13.632379804382,0,0,0,0.0,0.0
160120,39.930336551575,-34.560235396843,0,0,0,0.0,0.0
160121,39.931867666938,-34.511137546416,0,0,0,0.0,0.0
160129,39.910363247951,-34.50373475122,0,0,0,0.0,0.0
160144,39.912851783729,-34.539201857158,0,0,0,0.0,0.0
164191,59.862351110035,-67.630208398503,0,0,0,0.0,0.0
160146,39.914463140426,-34.38311686893,0,0,0,0.0,0.0
160149,39.932844990917,-34.437881510178,0,0,0,0.0,0.0
160155,39.955900068468,-34.543021739825,0,0,0,0.0,0.0
160163,39.974779667853,-34.457944793203,0,0,0,0.0,0.0
160187,39.94489259868,-34.485981282144,0,0,0,0.0,0.0
160189,39.946097806882,-34.418719648732,0,0,0,0.0,0.0
164119,60.071268359664,-67.804383867348,0,0,0,0.0,0.0
160107,40.046110770676,-34.42078784801,0,0,0,0.0,0.0
