Galaxy_Name,Galaxy_RA,Galaxy_DEC,n_obs,n_obs_uvot,n_obs_xrt,total_uvot_exp,total_xrt_exp
NGC3031                ,148.88815649999998,69.0652757,823,813,819,991891.412,998278.7289999999
NGC0224                ,10.6846845,41.2689778,725,720,723,1939108.2480000001,1972257.275
IC1633                 ,17.4815685,-45.9312151,630,627,630,1196647.207,1197160.643
PGC073717              ,17.583042,-45.8551111,630,627,630,1196647.207,1197160.643
PGC073710              ,17.527584,-45.9317778,630,627,630,1196647.207,1197160.643
ESO243-051             ,17.830311000000002,-45.9321527,626,623,626,1191215.845,1191714.722
PGC073734              ,17.696958000000002,-45.7565556,625,622,625,1190259.534,1190756.938
NGC5907                ,228.9731505,56.3291505,549,543,548,965456.173,969445.692
NGC1313A               ,50.023899,-66.7011379,518,507,516,612163.8160000001,615632.658
NGC1313                ,49.5655215,-66.4978677,518,507,516,612163.8160000001,615632.658
NGC5408                ,210.838041,-41.3770864,504,150,502,143469.58000000002,708356.5920000001
PGC1351875             ,345.716958,8.6932222,453,451,451,433716.62600000005,439502.642
NGC3034                ,148.969708333333,69.6793888888889,440,439,440,877600.257,892307.0320000001
ESO383-025             ,203.6943015,-34.3119106,438,428,438,433676.505,449329.235
IC4296                 ,204.1629195,-33.9658215,435,428,435,424296.592,439480.673
NGC7793                ,359.457591,-32.5910738,350,348,350,572719.981,574900.39
NGC5195                ,202.497309,47.2660603,312,298,312,576087.852,587684.781
NGC5194                ,202.469625,47.1951666666667,312,298,312,576087.852,587684.781
NGC4395                ,186.4535833333333,33.54691666666667,260,256,260,336022.507,352127.89
NGC1566                ,65.001642,-54.9378097,248,245,247,282107.723,306703.69
NGC5457                ,210.802368,54.349023,248,244,247,448378.351,502464.48199999996
UGC04305               ,124.77075,70.72002777777777,233,231,233,289898.367,290880.01
NGC0247                ,11.7857175,-20.7604499,185,183,185,290752.801,292551.569
ESO097-013             ,213.2912535,-65.3391521,180,154,177,231091.168,232613.87699999998
NGC0300                ,13.7230245,-37.6844766,164,162,164,573871.8,581188.0190000001
NGC1365                ,53.4016665,-36.1405075,145,143,144,310850.351,323995.763
NGC5128                ,201.367185,-43.0181183,137,134,137,187712.082,199419.29899999997
ESO467-051             ,335.8217385,-28.9808773,137,134,137,294191.62,308025.015
PGC053808              ,226.153863,10.3989111,132,132,132,208324.872,212752.161
NGC4653                ,190.96221450000002,-0.5612163,130,126,130,298012.437,309632.89
NGC2992                ,146.425173,-14.3263754,126,125,126,230728.59,232628.52599999998
NGC2993                ,146.4513015,-14.3683584,126,125,126,230728.59,232628.52599999998
NGC4945                ,196.36450000000002,-49.468222222222224,125,96,124,119491.90699999999,154745.54200000002
IC3212                 ,185.514114,28.1860084,124,124,124,180908.17000000007,186754.75399999996
UGC01841               ,35.7991335,42.991546,123,122,123,210618.152,215810.022
NGC5643                ,218.169585,-44.1744753,121,118,121,196851.40099999998,211421.96099999998
NGC1278                ,49.975728,41.5631945,115,115,115,202486.93600000002,211676.509
PGC012378              ,49.8239055,41.6442723,114,114,114,207211.751,216296.487
NGC1275                ,49.9510875,41.5115451,114,114,114,201657.16199999998,210839.07499999998
NGC6946                ,308.718,60.1539166666667,109,107,109,136731.439,142930.429
NGC2770                ,137.39034,33.1234992,105,104,104,475745.653,479738.641
NGC4939                ,196.059813,-10.3395694,103,99,101,150786.9,161426.398
NGC3227                ,155.8775385,19.8649777,102,101,102,145118.92099999997,147328.51699999996
NGC4303                ,185.47841400000001,4.4737765,99,99,98,215623.064,221174.39700000003
NGC4038                ,180.470898,-18.8682165,99,98,99,203817.16700000002,207251.897
NGC4039                ,180.4734345,-18.886422,99,98,99,203817.16700000002,207251.897
NGC5236                ,204.25395833333332,-29.86541666666667,99,96,97,171330.878,171003.88700000005
NGC0925                ,36.8203333333333,33.5791666666667,99,98,99,204943.4,205036.765
NGC4486                ,187.706364,12.3905194,98,96,98,113409.67300000001,115513.052
IC4587                 ,239.9650875,25.9406696,97,91,97,184718.039,210758.653
NGC6643                ,274.943166,74.5683889,97,97,97,380262.14800000004,385742.859
NGC4559                ,188.9903415,27.9596837,94,94,94,142001.19799999997,143125.54500000004
NGC4314                ,185.63331,29.8954364,93,91,93,98224.096,100193.172
NGC3222                ,155.64392550000002,19.8869873,93,92,93,139479.84199999998,141641.74299999996
NGC4666                ,191.2859775,-0.4618785,89,87,89,207484.45200000002,218135.136
IC0451                 ,103.216584,74.4807222,88,88,88,163362.668,167805.162
NGC1559                ,64.39908299999999,-62.7836667,87,83,83,152775.855,151651.522
ESO137-001             ,243.3635535,-60.7640783,83,80,82,131462.22400000002,135696.348
NGC4321                ,185.7286665,15.8222492,82,79,81,153539.999,155485.068
NGC3623                ,169.7329605,13.092309,81,80,81,133547.158,136634.845
NGC2798                ,139.345353,41.9998104,79,77,79,255757.58499999996,258210.779
UGC04904               ,139.34034,41.910946,79,77,79,255757.58499999996,258210.779
NGC1389                ,54.2987985,-35.7460455,78,78,78,210778.205,214706.166
NGC3627                ,170.0625345,12.9916041,77,76,77,131489.541,134564.52899999998
PGC054817              ,230.38904100000002,-7.4476667,76,69,76,100233.22499999999,110316.924
NGC3583                ,168.54543600000002,48.3184721,76,76,76,120271.149,126249.49799999999
NGC1399                ,54.62112,-35.4506257,76,76,76,195412.31499999997,199327.86900000004
PGC074785              ,54.268914,-35.5906266,76,76,76,197855.60000000003,201757.07
NGC1404                ,54.7163115,-35.5942321,75,75,75,194785.392,198694.69300000003
NGC4507                ,188.902563,-39.9092917,74,5,67,8996.153,36627.268
IC3061                 ,183.7686165,14.0288864,73,71,72,99326.885,101815.033
PGC132167              ,54.91248,-35.4208196,72,72,72,192321.256,196212.477
NGC1427A               ,55.038822,-35.6245057,72,72,72,192321.256,196212.477
NGC2442                ,114.09915600000001,-69.5307523,69,68,69,131396.592,136230.00599999996
PGC027776              ,145.722621,9.494902,68,68,68,231958.52799999996,234974.53699999998
PGC027784              ,145.7364555,9.4711691,68,68,68,231958.52799999996,234974.53699999998
NGC3982                ,179.1171885,55.1252607,67,67,67,130474.238,136331.56
NGC5584                ,215.5990545,-0.3876275,66,64,66,133629.04600000003,135823.33500000002
ESO463-012             ,309.855,-30.6175556,66,66,66,142822.36299999998,147152.10499999998
NGC5204                ,202.4023995,58.420383,66,66,66,158103.516,158264.33
NGC1587                ,67.666266,0.6616683,64,64,64,144623.788,146461.99300000002
NGC2256                ,101.8081665,74.2365,63,63,63,112042.16500000002,115159.53400000003
NGC2207                ,94.091796,-21.3727095,62,60,62,119800.477,124234.97
NGC1316                ,50.674956,-37.208308,62,61,62,124494.38500000001,126697.05600000001
NGC5055                ,198.9553965,42.0292782,61,61,61,113948.56700000001,115270.08499999999
ESO059-011             ,114.550095,-69.4754405,61,60,61,116392.10900000003,120660.39499999997
NGC3147                ,154.223655,73.4007336,60,59,59,102190.66799999999,100824.15500000001
NGC5806                ,225.0016545,1.8912683,60,58,59,158958.185,163130.669
NGC1097                ,41.5795935,-30.2750483,58,55,58,64640.037000000004,64654.29400000001
NGC1015                ,39.5482155,-1.3187224,57,56,57,168231.38999999998,171405.679
NGC4258                ,184.7399355,47.3038816,57,56,56,82582.269,81809.587
UGC10512               ,250.4461515,39.9844097,57,56,57,140738.95700000002,146499.05099999998
NGC5669                ,218.1827715,9.8914264,57,36,56,82119.539,90293.21800000001
NGC4417                ,186.7107675,9.5842976,56,54,55,125412.11399999999,129500.90699999999
NGC1367                ,53.755542,-24.9332222,55,50,55,290351.36000000004,299257.15499999997
IC0342                 ,56.7021255,68.0960926,55,55,55,164827.34900000005,167961.584
PGC1788422             ,195.0882585,26.7886988,53,52,53,87991.35,89699.522
NGC3351                ,160.99041749999998,11.7036846,53,52,53,160474.52,166651.804
NGC0628                ,24.17395833333333,15.783666666666669,51,51,51,104993.728,110897.59599999999
NGC5813                ,225.2970015,1.7020032,50,48,49,127078.90699999999,130429.71399999998
NGC3079                ,150.491748,55.6799633,50,50,50,56075.84999999999,56032.448000000004
NGC7331                ,339.267279,34.4156195,50,50,50,114261.118,120353.17099999999
NGC2146                ,94.656909,78.3569316,49,49,49,88638.02299999999,92042.047
NGC4414                ,186.612942,31.2235137,48,47,48,79550.559,81947.42000000001
PGC3088986             ,186.491772,31.0220285,48,47,48,79550.559,81947.42000000001
NGC5728                ,220.599537,-17.2530053,47,47,47,151800.604,159456.156
NGC4884                ,195.0338295,27.9769491,47,47,47,97045.36200000001,99044.069
PGC044821              ,195.197523,27.9221576,47,47,47,92278.99700000002,94288.51699999999
NGC3690                ,172.1398875,58.5629063,46,45,44,87118.63799999999,85043.64399999999
IC3976                 ,194.8725135,27.8501534,45,45,45,92694.33400000002,94443.86999999998
ESO018-013             ,130.952604,-78.949375,45,44,45,33680.369,34463.774999999994
NGC7479                ,346.236102,12.3228077,44,41,43,88204.294,89824.355
IC4327                 ,207.1825365,-30.2175413,43,41,42,115428.034,118588.11300000001
NGC3640                ,170.2787475,3.2348187,42,41,42,54099.796,55680.53200000001
NGC3621                ,169.568658,-32.8140373,41,41,41,124818.378,132034.486
IC2233                 ,123.49536599999999,45.7418232,41,40,41,59339.576,60017.39800000001
NGC1042                ,40.0999125,-8.433591,41,41,41,112553.47499999999,114402.929
ESO121-026             ,95.41197600000001,-59.7400048,41,41,41,133368.056,135783.245
NGC3486                ,165.1001865,28.9749673,40,40,40,55094.477,55484.165
IC4329                 ,207.272112,-30.2957762,40,39,40,114873.15500000001,117933.378
UGC08250               ,197.5838505,32.4827197,40,40,39,96566.546,93801.008
NGC0613                ,23.575806,-29.4184424,40,40,40,92270.573,93787.674
NGC0891                ,35.639511,42.3476344,39,38,39,73005.998,73483.21499999998
NGC0918                ,36.46185,18.4962296,39,38,39,75285.07699999998,76906.485
NGC3862                ,176.2709145,19.6062233,39,37,39,63563.03999999999,66922.16799999999
NGC0385                ,16.8632295,32.3198244,39,39,39,57409.429999999986,58776.134999999995
NGC0383                ,16.853778,32.4126615,39,39,39,57409.429999999986,58776.134999999995
2MASXJ10540084+1648432 ,163.5034905,16.8119888,39,39,39,95629.627,97270.92400000003
PGC3083305             ,349.1971485,-44.4119286,39,36,38,114758.22499999998,121901.18600000002
NGC0384                ,16.854101999999997,32.2924746,38,38,38,56270.159999999996,57630.296
NGC0375                ,16.7745645,32.3481075,38,38,38,56270.159999999996,57630.296
UGC09350               ,218.003952,36.305231,38,36,38,453543.74100000004,467184.54699999996
NGC3953                ,178.4542245,52.3266874,38,38,38,93217.528,94005.30200000001
PGC026004              ,138.405597,29.9995148,38,37,38,99037.62199999997,100150.39900000002
NGC5675                ,218.1659955,36.3022219,38,36,38,453543.74100000004,467184.54699999996
PGC3112720             ,40.6198215,-0.0367643,37,37,37,86523.23400000001,88001.319
NGC6240                ,253.2452505,2.4009722,37,37,37,106467.76699999998,108697.20000000003
PGC012206              ,49.306674,41.435541,37,37,37,87190.09099999997,89356.53300000002
NGC4485                ,187.629981,41.7008037,37,37,37,78878.36500000002,81691.289
NGC4490                ,187.651425,41.6439942,37,37,37,78878.36500000002,81691.289
NGC4536                ,188.61283799999998,2.1879496,37,37,36,68078.59700000001,68869.865
NGC1068                ,40.669729499999995,-0.0132779,37,37,37,86527.05100000002,88003.827
PGC2388061             ,243.4360035,51.0829236,37,36,36,172605.874,174599.02199999997
NGC4725                ,192.610875,25.50075,36,34,36,26962.034,27762.445
UGC03422               ,93.783981,71.1367402,36,36,36,124989.942,125132.07
NGC3287                ,158.697075,21.6482708,36,36,36,40809.29,43408.676999999996
IC5131                 ,326.855469,-34.8836786,36,36,36,57735.15,62612.746999999996
NGC4911                ,195.233622,27.7907396,36,36,36,75179.38399999999,76841.33499999999
NGC1448                ,56.132687999999995,-44.6445564,36,36,35,65468.74999999999,72444.83499999998
UGC03426               ,93.9017955,71.0375877,36,36,36,124989.942,125132.07
NGC2783B               ,138.38772,30.0000317,35,34,35,89753.486,90653.74100000001
UGC06456               ,171.99858,78.993902,35,35,35,53704.695999999996,53783.331000000006
NGC2537                ,123.31128749999999,45.9901225,35,34,35,50833.811,51134.23100000001
NGC4736                ,192.721248,41.1203028,35,35,35,39292.03799999999,39467.18
PGC3092873             ,311.51265,-5.7409355,35,34,33,44616.622,45086.234
IC2597                 ,159.44734649999998,-27.0812698,35,35,35,84293.946,85465.609
IC0310                 ,49.1791215,41.3248405,34,34,34,82201.103,83430.326
NGC7090                ,324.12048000000004,-54.557572,34,34,34,95250.40400000001,96919.05
NGC0253                ,11.888,-25.288222222222224,34,34,34,38921.547000000006,39267.462
ESO352-041             ,19.782699,-34.1033028,33,32,33,96094.941,96819.657
NGC0582                ,22.99191,33.4765292,33,32,33,91784.19,93465.522
NGC0337                ,14.9585115,-7.5780176,33,33,33,51394.490999999995,53122.39
PGC000290              ,1.0570905,-52.9114828,33,30,31,358017.329,349882.782
NGC4696                ,192.20532,-41.311071,33,33,33,44629.12300000001,46060.222
IC5188                 ,334.610043,-59.6413196,33,26,33,33879.809,80777.976
IC5063                 ,313.009716,-57.0688296,33,33,33,30316.392000000003,30569.798000000003
PGC048179              ,204.543,-9.8018333,32,16,32,30004.620000000003,30573.08
NGC4173                ,183.086748,29.2093726,32,32,32,39328.051,40095.258
NGC2315                ,105.6378405,50.5905812,32,32,32,96506.95800000001,98335.359
NGC4709                ,192.51637200000002,-41.3820765,32,32,32,34310.816999999995,35416.818999999996
NGC4088                ,181.391307,50.5388391,32,27,28,98960.148,109297.028
NGC6925                ,308.585718,-31.9808826,32,32,32,59888.557,61236.187999999995
NGC3556                ,167.8789005,55.6742681,31,31,31,37338.306,37569.3
NGC5350                ,208.340064,40.3639366,31,30,31,46083.915,46878.222
NGC4618                ,190.38698549999998,41.1509388,31,30,30,22592.469,22864.587999999996
NGC2525                ,121.40841900000001,-11.4270204,31,31,31,40980.962999999996,43456.384999999995
NGC2403                ,114.21416666666666,65.60255555555555,30,29,29,77398.118,78187.82200000001
NGC4125                ,182.0248725,65.1741769,30,29,30,43993.384,45520.772000000004
PGC663162              ,19.779709500000003,-34.3781475,30,29,30,94401.465,95107.04100000001
NGC4919                ,195.3233235,27.8090139,30,30,30,59908.027,61307.493
NGC5354                ,208.36137,40.302753,30,29,30,46036.507,46830.04
NGC4406                ,186.549081,12.9458098,30,30,30,57662.647,58125.29199999999
NGC6754                ,287.85729150000003,-50.6421944,30,29,30,52979.399000000005,55256.16099999999
UGC02619               ,49.065834,41.18075,29,29,29,78961.486,80158.756
NGC1954                ,83.2014585,-14.0627778,29,29,29,98669.99399999999,101437.625
IC1625                 ,16.927415999999997,-46.9075556,29,29,29,62196.884,63112.594000000005
NGC0470                ,19.936854,3.4099601,29,28,29,46182.883,47574.882
NGC0474                ,20.0277855,3.4153385,29,28,29,46182.883,47574.882
PGC058314              ,247.2799545,39.4956944,29,29,29,67933.66600000001,67884.66400000002
NGC2683                ,133.17220833333334,33.42175,29,28,29,28834.182,27962.407999999996
NGC5861                ,227.3170125,-11.321628,29,28,29,70942.137,72894.855
NGC3631                ,170.262,53.169556,29,29,29,49517.609,51443.242
NGC4921                ,195.3589215,27.8859038,29,29,29,50763.32399999999,51994.124
NGC3367                ,161.6457375,13.7507951,28,26,28,25948.541999999998,26584.692
NGC4388                ,186.4448235,12.6620998,28,28,28,55904.142,56350.448999999986
NGC4552                ,188.9160405,12.5562424,28,27,28,53273.545,54075.096000000005
ESO322-101             ,192.393933,-41.0548452,28,28,28,32288.350000000002,33328.244000000006
NGC5179                ,202.3786965,11.7458683,28,28,28,67030.91999999998,69650.841
NGC3289                ,158.53092,-35.3233635,27,0,23,0.0,1889.654
NGC5371                ,208.9164195,40.4616986,27,26,27,24496.411,25051.651
IC5267                 ,344.306316,-43.3960258,27,27,27,57224.145000000004,59436.242999999995
UGC06697               ,175.9543515,19.9685338,27,18,26,23953.338,25306.863
NGC3341                ,160.631232,5.044062,27,5,25,2588.411,4213.593
NGC3923                ,177.757326,-28.8059533,27,26,27,28886.460000000003,29833.202
NGC5419                ,210.9108075,-33.9787482,27,26,26,29236.748999999996,31237.424
NGC4144                ,182.493648,46.4573312,27,27,27,33034.236999999994,33524.079999999994
NGC0584                ,22.836393,-6.868085,26,24,26,33965.512,34703.597
ESO514-003             ,229.6498065,-24.1199375,26,24,26,43275.014,54065.27999999999
PGC069292              ,339.1235415,-12.5670278,26,26,26,106268.33700000001,109643.94700000001
ESO474-016             ,10.719642,-23.5408493,26,26,26,56746.819,57137.675
PGC737243              ,177.95562,-28.8045451,26,25,26,28727.012000000002,29672.743000000002
NGC0467                ,19.792101,3.3008277,26,25,26,44276.008,45625.096
NGC4291                ,185.073708,75.3709444,26,26,26,43713.45500000001,46030.47899999999
PGC980563              ,66.506667,-10.2480833,25,25,25,101653.403,104187.325
NGC4636                ,190.706964,2.6887035,25,25,25,32620.152000000002,34088.826
NGC4631                ,190.5326625,32.5425167,25,25,25,35011.679,35471.854999999996
NGC5846                ,226.621887,1.6061876,25,25,25,36374.435,37483.954
UGC08164               ,195.576084,78.5420556,25,24,25,93293.831,93812.977
NGC4896                ,195.128151,28.346308,25,25,25,45270.473999999995,46261.23900000001
PGC011890              ,47.83125,1.3132778,25,25,25,63823.507,66647.335
UGC08046               ,193.7665935,58.7911978,24,24,24,123597.239,125253.08499999999
UGC08041               ,193.8026445,0.116599,24,24,24,34793.177,35579.871
NGC2196                ,93.04019100000001,-21.8059326,24,22,23,42182.201,42307.663
NGC2217                ,95.41554,-27.2336829,24,24,24,79660.421,81707.039
NGC1309                ,50.5273125,-15.4000556,24,23,24,48049.55499999999,49190.522
NGC4594                ,189.997701,-11.6230104,24,23,24,20048.888,21415.244
NGC7678                ,352.1161065,22.4212641,24,23,24,20691.992,21681.692
NGC0524                ,21.198749999999997,9.5387778,24,24,24,65351.796,66890.421
ESO171-005             ,180.400473,-53.3574152,24,24,24,32141.556,35809.401
ESO501-023             ,158.846577,-24.7541149,24,24,24,16308.733,16607.061
NGC4254                ,184.7067315,14.4167921,23,23,23,34004.195999999996,34866.01899999999
NGC3190                ,154.5260505,21.8326815,23,23,23,26412.915999999997,26722.149999999994
PGC045601              ,197.31223649999998,8.5317102,23,22,23,44683.89399999999,46048.17499999999
NGC3239                ,156.2703045,17.1637013,23,22,23,45612.761,47893.647999999994
PGC044364              ,194.45027100000001,27.883027,23,23,23,28738.009000000005,28779.164
ESO318-021             ,163.2748065,-40.3290159,23,1,21,895.167,2121.9130000000005
UGC04375               ,125.79697350000001,22.6646066,23,23,23,75461.962,75299.19899999998
ESO137-018             ,245.24666699999997,-60.4869444,23,23,23,26673.782999999996,27090.835
NGC1187                ,45.6566175,-22.8671808,23,21,23,61349.70999999999,68843.267
NGC2832                ,139.94495999999998,33.7496108,22,22,22,43875.314,44789.24199999999
NGC1416                ,55.2619995,-22.7191667,22,22,22,84837.52699999999,85433.104
NGC2397A               ,110.28293699999999,-69.1153472,22,21,22,32596.722,33064.082
NGC3256                ,156.9636465,-43.9037917,22,20,22,18865.406,20019.712999999996
NGC5903                ,229.652133,-24.0685581,22,20,22,29831.886999999995,40416.41499999999
NGC5754                ,221.331876,38.7311943,22,21,22,45794.79799999999,46296.886
ESO293-034             ,1.582761,-41.4999877,22,22,22,40334.071,43105.674
NGC1084                ,41.499655499999996,-7.5785815,22,22,22,42500.945,42602.380999999994
NGC7552                ,349.045038,-42.5842393,22,21,22,28469.788000000004,29019.042
NGC4036                ,180.36171900000002,61.8957613,21,20,21,25583.410000000003,26351.637999999995
NGC5068                ,199.72866599999998,-21.0390236,21,21,21,21359.103000000003,21851.944999999996
NGC3115                ,151.308132,-7.7184976,21,21,21,13020.647000000003,13200.189
NGC3842                ,176.0090535,19.9497354,21,20,21,28778.399000000005,29100.157999999996
NGC3432                ,163.129341,36.6191529,21,21,21,25861.623999999996,26361.564000000006
ESO138-010             ,254.76188399999998,-60.2160645,21,21,21,22952.341,24715.861999999997
NGC3087                ,149.78614499999998,-34.2251914,21,21,21,27666.112999999998,28444.01
UGC08040               ,193.68144750000002,58.7764422,21,21,21,98792.59400000001,100276.778
NGC5421                ,210.4224495,33.8268349,21,21,21,46374.74,46711.47000000001
NGC4145                ,182.5062585,39.8839178,21,8,19,101269.28899999999,103130.198
NGC3268                ,157.502886,-35.3255322,21,21,21,24791.023,26314.868000000002
UGC10018               ,235.914708,67.7608056,21,21,21,69162.803,70889.289
NGC1265                ,49.5653235,41.8575695,21,21,21,33211.104999999996,35833.439999999995
PGC3080366             ,36.017334,-4.8033333,21,21,21,29996.537000000004,35418.536
IC0313                 ,50.241222,41.8938359,21,21,21,36178.464,37374.3
NGC3271                ,157.60944750000002,-35.3585397,21,21,21,24541.437,26066.716
NGC6744                ,287.4418785,-63.8574729,20,20,20,24838.137000000002,24954.777
NGC7714                ,354.0588285,2.1550235,20,19,20,21196.842,23247.833000000002
NGC7715                ,354.091722,2.1567864,20,19,20,21196.842,23247.833000000002
PGC015260              ,67.343166,-53.7667778,20,18,20,24634.457,25591.810999999998
NGC3613                ,169.6504965,57.9999533,20,20,20,45313.491,47056.651999999995
NGC0193                ,9.8273745,3.3313333,20,20,20,31329.132,31764.708
NGC0151                ,8.511672,-9.7053003,20,19,20,42399.956,42723.267
NGC5687                ,218.7182535,54.4757598,20,19,20,54300.14200000001,57405.912000000004
NGC3269                ,157.48776600000002,-35.2244111,20,20,20,24225.078,25743.212000000003
NGC6943                ,311.1402405,-68.7478986,20,19,20,33864.992000000006,35351.752
NGC3841                ,176.0090535,19.9718771,19,17,19,22870.005000000005,23206.097999999998
UGC07049               ,181.0395735,20.1846302,19,3,18,22503.903,25833.801999999996
UGC06483               ,172.2598305,17.2319433,19,19,19,49979.827000000005,51102.17700000001
PGC043458              ,192.622542,-10.8544028,19,19,19,44449.229999999996,45376.615
NGC6942                ,310.15763549999997,-54.3030506,19,19,19,36372.69,38131.54
NGC4236                ,184.1755,69.46258333333333,19,18,19,17968.595999999998,18967.357999999997
NGC5153                ,201.976281,-29.6179804,19,3,18,1637.087,2467.8179999999998
NGC4394                ,186.4818195,18.214115,19,18,19,31895.647,34327.087
IC0438                 ,88.250313,-17.8760556,19,19,19,40075.159,40906.628
ESO179-013             ,251.8333335,-57.4411111,19,19,19,13061.741,13140.935
IC5052                 ,313.0232083333333,-69.2016388888889,18,18,18,14596.344000000001,14796.6
NGC4722                ,192.88495799999998,-13.3300417,18,17,18,19342.097999999998,19414.312
PGC132593              ,344.4459855,-36.8538058,18,18,18,35004.496999999996,36032.937000000005
PGC065678              ,313.541661,-69.0402819,18,18,18,14596.344000000001,14796.6
PGC052940              ,222.377685,-10.1751221,18,17,18,12623.094000000001,13035.124
PGC052935              ,222.38725050000002,-10.1641667,18,17,18,12623.094000000001,13035.124
NGC3185                ,154.4107005,21.6883195,18,18,18,24277.34,24579.522999999997
NGC7640                ,350.527416,40.8454167,18,18,18,12108.697999999999,12420.603
NGC2235                ,95.591916,-64.9340278,18,13,18,20515.031000000003,23775.475000000002
NGC7252                ,335.1862365,-24.6782126,18,18,18,22763.771999999997,23006.286
NGC7064                ,322.2626055,-52.7675742,18,17,18,12589.825,12940.269
NGC3938                ,178.2058515,44.1207736,18,18,18,28850.55,29651.417
NGC0315                ,14.453676,30.3523544,18,14,18,31404.599000000002,50938.977
NGC5985                ,234.9044805,59.3319842,18,18,18,8717.067000000001,8836.722000000002
IC0712                 ,173.7054165,49.077708,18,18,18,15577.622000000001,15823.688000000002
NGC4472                ,187.444536,7.999724,18,18,18,27141.884000000002,27465.143
UGC02916               ,60.640959,71.7059167,18,18,18,47121.94899999999,47569.187999999995
NGC7456                ,345.5431815,-39.5694186,18,18,18,60627.01000000001,60684.62699999999
NGC1589                ,67.689672,0.8635097,18,18,18,38721.594000000005,38848.572
NGC5047                ,198.952215,-16.5188428,17,17,17,17248.059,17516.877000000004
NGC5152                ,201.9632865,-29.6188132,17,3,16,1637.087,2357.7490000000003
UGC05216               ,146.3443785,9.7674649,17,16,17,12823.693000000001,13341.407
NGC4224                ,184.140759,7.4620827,17,17,17,25161.852,25454.262
NGC3274                ,158.07183,27.6687876,17,16,17,13776.562000000002,14070.208
NGC6118                ,245.45262749999998,-2.2834505,17,17,17,34732.746,35992.526
NGC7318B               ,338.993334,33.9660278,17,17,17,61621.24999999999,58933.33500000001
NGC7318A               ,338.987985,33.9656045,17,17,17,61621.24999999999,58933.33500000001
NGC7319                ,339.01503,33.9759184,17,17,17,61621.24999999999,58933.33500000001
NGC2466                ,116.316687,-71.4104306,17,17,17,37113.570999999996,38007.049999999996
ESO300-014             ,47.409333000000004,-41.0320833,17,17,17,14110.862,14291.733
NGC7320                ,339.014202,33.9481578,17,17,17,61621.24999999999,58933.33500000001
NGC4096                ,181.5047595,47.4784538,17,17,17,23707.162999999997,24167.909000000003
ESO381-020             ,191.501643,-33.8381248,17,17,17,18576.752,18871.654
NGC3137                ,152.2809555,-29.064169,17,17,17,13086.038999999999,13388.187
NGC1672                ,71.4271395,-59.2473109,17,17,17,37436.549,37721.554
NGC4080                ,181.21593,26.9925556,17,17,17,17474.869999999995,19044.739
NGC3521                ,166.453122,-0.0347594,17,17,17,14384.870999999997,14704.615
NGC7753                ,356.770119,29.4834161,17,17,17,25730.863999999994,26465.766
NGC7418                ,344.1506235,-37.0300048,17,17,17,37813.109,39025.86
NGC6984                ,314.47491599999995,-51.8708472,16,15,16,19267.176,20776.845
NGC4168                ,183.071931,13.2051931,16,16,16,25187.622,25711.398999999998
NGC3962                ,178.6670595,-13.9749552,16,16,16,40539.549999999996,40612.992
NGC3310                ,159.6911745,53.5033384,16,16,16,35274.79,36038.84
NGC5838                ,226.359564,2.0994673,16,16,16,29298.52,29922.993000000002
ESO336-009             ,280.283091,-41.7949613,16,16,16,31147.242999999995,31806.828
ESO443-080             ,197.7899085,-28.010316,16,16,16,14348.860999999999,14658.323999999999
NGC0520                ,21.146187,3.7923901,16,16,16,37005.742,37804.441000000006
NGC5033                ,198.364629,36.5937669,16,15,16,28950.152000000002,30057.786
NGC5468                ,211.6454295,-5.4529933,16,16,16,22997.697,23396.139000000003
PGC008726              ,34.3307055,-5.4806651,16,16,16,54612.497,54795.446
PGC702439              ,204.8369055,-31.6775933,16,16,16,16765.883,17011.927
NGC0541                ,21.4346475,-1.379486,15,14,15,24430.567000000003,25688.568
NGC6868                ,302.475177,-48.3795056,15,15,14,14057.691000000003,13945.484999999999
NGC2976                ,146.81461050000001,67.9162633,15,15,15,13990.125999999998,14285.302999999998
NGC3318                ,159.31464,-41.6275552,15,15,15,29578.273000000005,31069.588000000003
PGC071454              ,351.6949905,26.602864,15,15,14,104785.81499999999,102624.60200000003
NGC1232A               ,47.50848,-20.6000395,15,15,15,37710.95300000001,38745.07699999999
UGC04956               ,140.0090385,1.0382932,15,14,15,11712.721999999998,11956.661
ESO158-003             ,71.5724415,-57.3434428,15,15,15,43630.683999999994,44268.79699999999
NGC5506                ,213.311946,-3.207593,15,15,15,35578.625,34460.103
NGC6870                ,302.5451505,-48.2869373,15,15,14,14057.691000000003,13945.484999999999
PGC062437              ,282.0332505,-63.2098056,14,14,14,21173.432,21108.379000000004
NGC0545                ,21.49644,-1.3401635,14,13,14,21670.428000000004,22909.876999999997
ESO104-014             ,282.092742,-63.2175668,14,14,14,21119.084000000003,21054.454
NGC3278                ,157.8974625,-39.9546454,14,14,14,46342.555,46796.79200000001
NGC3801                ,175.0706685,17.7278826,14,14,14,52432.227000000006,52924.023
NGC1003                ,39.8195985,40.8724963,14,14,14,13354.597,13717.509
NGC4204                ,183.8103765,20.6587139,14,14,14,11904.379,12075.575
ESO207-007             ,102.66410099999999,-52.1420985,14,14,14,14293.136,14520.447999999997
NGC1366                ,53.4735795,-31.1941097,14,14,14,43118.725,43692.48399999999
NGC4449                ,187.04626050000002,44.093628,14,14,14,24408.910000000003,24732.373999999996
UGC02855               ,57.086388,70.1328806,14,14,14,34797.12,43521.326
UGC02866               ,57.561958499999996,70.0946944,14,14,14,34797.12,43521.326
NGC2357                ,109.4207205,23.3566929,14,14,14,29261.174,29983.371000000003
IC0170                 ,27.9897285,-8.5176682,14,14,14,35798.736000000004,35869.232
NGC0547                ,21.50268,-1.3451745,14,13,14,21670.428000000004,22909.876999999997
ESO104-007             ,281.824959,-63.359391,13,13,13,20818.787999999997,20739.704
PGC011199              ,44.439873,5.9528438,13,13,13,12512.201,12603.187
NGC3901                ,175.704864,77.3730067,13,13,13,18827.792,20937.008
NGC7096                ,325.3303545,-63.9087083,13,12,12,26762.648999999998,27524.658
NGC1729                ,75.0653745,-3.3525,13,13,13,44283.38,45531.941999999995
NGC5018                ,198.25419,-19.5182358,13,13,13,17584.006999999998,19168.353
NGC5135                ,201.433419,-29.8335001,13,13,13,6816.710999999999,6644.758
ESO531-006             ,323.738115,-24.694799,13,11,13,126757.765,129694.19500000002
NGC0192                ,9.805866,0.8641204,13,13,13,23186.046,23333.844999999998
NGC2276                ,111.804396,85.7513925,13,13,13,19877.579,20384.524
NGC2300                ,113.085333,85.7088611,13,13,13,19877.579,20384.524
NGC5022                ,198.378225,-19.5466187,13,13,13,17584.006999999998,19168.353
NGC5046                ,198.9379995,-16.3266667,13,13,13,10874.618,10948.443000000001
ESO576-008             ,198.07878,-19.4459836,13,12,13,17238.002999999997,18913.928
NGC0196                ,9.824343,0.9127812,13,13,13,23186.046,23333.844999999998
NGC0201                ,9.8951715,0.8599237,13,13,13,23186.046,23333.844999999998
NGC5395                ,209.65821,37.4244981,13,13,13,9849.340999999999,9934.692000000001
NGC7619                ,350.0605005,8.2062778,13,13,13,9815.657999999998,9978.346000000001
IC4766                 ,281.89875,-63.2919444,13,13,13,20818.787999999997,20739.704
NGC0499                ,20.79798,33.4603155,13,13,13,12381.472000000002,11356.302
NGC2748                ,138.429291,76.4753333,13,13,13,18682.945,19297.433
PGC134307              ,323.75838899999997,-24.6943507,13,11,13,126757.765,129694.19500000002
NGC2835                ,139.470327,-22.3545759,13,13,13,18411.352000000003,18903.260000000002
NGC0543                ,21.458208,-1.2928056,13,13,13,21670.428000000004,21939.559999999998
NGC5775                ,223.489992,3.5442626,12,11,12,60415.564000000006,62804.216
NGC7541                ,348.6827625,4.533989,12,12,12,10888.608,11183.179000000002
NGC3557                ,167.4903675,-37.5392254,12,11,12,11565.908000000001,12110.137999999999
NGC3607                ,169.2276675,18.0518559,12,12,12,21547.170999999995,21997.211
NGC4246                ,184.4921655,7.1859226,12,12,12,14192.536,14260.875999999998
NGC0741                ,29.0875215,5.6287675,12,12,12,11710.209,11779.124
IC1687                 ,20.82945,33.2776067,12,12,12,11240.094,10202.863
NGC6753                ,287.848083,-57.0493889,12,12,12,4052.523,4159.007
ESO075-041             ,329.274792,-69.6898889,12,12,12,25414.604,25592.254999999997
NGC4365                ,186.1169205,7.3167467,12,11,12,13329.219,13692.155999999999
NGC7582                ,349.5962445,-42.3696669,12,12,12,23511.889000000003,23780.629999999994
NGC5252                ,204.56604,4.5425601,12,12,12,11795.436,11810.140000000003
NGC4782                ,193.649067,-12.5679456,12,12,12,3493.861000000001,3537.339
PGC005379              ,21.6812295,-1.3062222,12,12,12,20947.198000000004,21209.943
NGC7626                ,350.1772215,8.2169963,12,12,12,8905.397999999997,9018.02
IC1070                 ,223.4637435,3.4846939,12,11,12,60415.564000000006,62804.216
NGC7744                ,356.24677049999997,-42.910327,12,11,11,23862.757,27175.301
ESO139-012             ,264.412833,-59.9407222,11,11,11,23959.959000000006,25260.356
NGC6300                ,259.247382,-62.8201795,11,11,11,20000.951,20150.55
NGC0596                ,23.216271000000003,-7.0315417,11,11,11,23462.945,23884.958999999995
PGC2024686             ,200.12582849999998,33.1452635,11,11,11,5431.6810000000005,5449.558999999999
PGC027886              ,146.071476,54.1911983,11,10,11,21230.692,21576.962
NGC4217                ,183.9621975,47.0918971,11,11,11,11790.558000000003,11970.967
PGC127685              ,342.4926945,-64.4297394,11,11,11,5237.965,5297.444999999999
NGC1741                ,75.410067,-4.2582355,11,11,11,40154.310999999994,40316.132999999994
NGC4839                ,194.3514645,27.4977009,11,11,11,11684.987,11703.44
PGC140831              ,284.2819995,-78.4725556,11,10,11,18548.102000000003,18661.182999999997
NGC4030                ,180.0983565,-1.100072,11,10,11,33225.02,37048.179000000004
IC5357                 ,356.84568,-2.3006949,11,10,11,9968.836000000001,10559.261999999999
PGC101367              ,159.1564035,-27.7169465,11,11,11,5247.983,5329.512000000001
ESO501-099             ,162.018948,-25.1587007,11,9,9,42262.812999999995,42503.140999999996
NGC0508                ,20.9195265,33.2808629,11,11,11,10496.342999999999,9453.186999999998
NGC6269                ,254.491506,27.8544351,11,11,11,14476.076000000001,14513.894
NGC6292                ,255.76444650000002,61.0439147,11,11,11,12745.035,13109.640000000001
UGC02755               ,52.349409,39.7922826,11,0,10,0.0,757.2979999999999
IC5359                 ,356.9077455,-2.3168373,11,10,11,9968.836000000001,10559.261999999999
ESO555-027             ,90.90329100000001,-20.6542083,11,11,11,27651.306,28075.396
NGC1709                ,74.6833335,-0.4782778,11,11,11,7600.148,7664.240000000001
ESO422-041             ,77.6957145,-31.5970943,11,11,11,11976.166000000001,12162.433
IC0399                 ,75.4337025,-4.2887587,11,11,11,40154.310999999994,40316.132999999994
ESO240-010             ,354.435048,-47.5063808,11,11,11,21213.516,24917.043999999998
PGC323655              ,342.2696985,-64.3432064,11,11,11,5237.965,5297.444999999999
ESO240-011             ,354.4560705,-47.7274261,11,11,11,21213.516,24917.043999999998
NGC1374                ,53.819098499999996,-35.2263035,11,11,11,10154.486999999997,10135.667
ESO186-055             ,307.77348,-52.6132897,11,10,10,60351.905000000006,60632.218
NGC4569                ,189.20808,13.1633946,10,10,10,25965.488999999998,26003.592
UGC05055               ,142.54899,55.8524189,10,10,10,14322.999000000002,15313.614
NGC5691                ,219.472221,-0.3988812,10,10,10,8181.594,8204.860999999999
ESO264-032             ,160.1608785,-46.3167283,10,8,10,31248.232000000004,40888.337999999996
NGC1407                ,55.0496505,-18.5804571,10,10,10,5171.217,5236.658
NGC1358                ,53.415417000000005,-5.0895417,10,9,10,7148.958,7542.571000000001
PGC141471              ,159.0827715,-27.6564722,10,10,10,5195.091,5274.361000000001
NGC6703                ,281.8285245,45.5506042,10,9,10,7427.184,7600.387
PGC170203              ,192.05206199999998,-5.7793333,10,9,10,4903.726,5071.202
NGC6702                ,281.739939,45.7057799,10,9,10,7427.184,7600.387
NGC0266                ,12.449091,32.2776927,10,10,10,24082.548,23720.779
PGC2231366             ,263.2943775,43.8796467,10,10,10,28144.668,28482.278000000002
NGC6509                ,269.8555425,6.2869924,10,9,10,30144.321000000004,30959.614999999998
UGC11861               ,329.1005835,73.2609167,10,10,10,43454.187,43814.814999999995
NGC6862                ,302.2285485,-56.392087,10,10,10,5461.142,5500.608999999999
NGC7599                ,349.837695,-42.2565407,10,10,10,21714.164,21913.414999999997
NGC7590                ,349.7281815,-42.2391053,10,10,10,21714.164,21913.414999999997
NGC3717                ,172.8831525,-30.3077105,10,0,10,0.0,1144.448
NGC1066                ,40.9581195,32.4750829,10,9,10,17185.428,18825.814000000002
NGC0703                ,28.165281,36.171172,10,10,10,11915.399,12485.029
IC1263                 ,263.2801515,43.8219899,10,10,10,28144.668,28482.278000000002
NGC0708                ,28.193919,36.1519464,10,10,10,11915.399,12485.029
NGC7059                ,321.839589,-60.014452,10,8,10,3320.7879999999996,3526.939
IC2574                 ,157.0978333333333,68.41213888888889,10,10,10,16319.996000000001,16565.514
NGC3175                ,153.67553550000002,-28.8719446,10,10,10,13193.099000000002,13350.266
NGC1057                ,40.762041,32.4911944,10,9,10,17185.428,18825.814000000002
NGC4697                ,192.149694,-5.8007715,10,9,10,4903.726,5071.202
IC5179                 ,334.03809,-36.8436333,10,10,10,9473.836,9693.722999999998
NGC3628                ,170.0707545,13.5896273,10,10,10,26366.088000000003,29369.051000000003
IC1262                 ,263.2584165,43.7595833,10,10,10,28144.668,28482.278000000002
PGC1105521             ,202.6782645,-1.9560303,10,10,10,2414.444,2492.358
NGC2805                ,140.0849025,64.1029681,10,10,10,7622.965999999999,7681.602
NGC1961                ,85.5199785,69.3786639,9,9,9,17537.154,17942.581
ESO561-023             ,122.96888849999999,-18.3004621,9,9,9,141477.79499999998,141582.84999999998
PGC000108              ,0.358467,13.1128852,9,9,9,17184.921000000002,17252.429
NGC5426                ,210.853722,-6.0698667,9,8,9,9224.501,9201.195
ESO443-043             ,196.0026045,-30.3690417,9,8,9,4597.934,4727.929999999999
NGC4761                ,193.2737835,-9.2039135,9,9,9,13786.038,14095.468
ESO148-002             ,348.944889,-59.0543534,9,5,9,16008.292000000003,26145.334
NGC3599                ,168.8622915,18.1103766,9,9,9,18559.378999999997,18983.527000000002
ESO137-034             ,248.8084515,-58.0795247,9,9,9,20351.832,20932.442
NGC4759                ,193.268775,-9.20003,9,9,9,13786.038,14095.468
ESO418-007             ,52.48671,-28.774652,9,9,8,31713.915,30911.452
NGC0710                ,28.2249225,36.0528481,9,9,9,11103.596000000001,11173.722
NGC0527                ,20.9921775,-35.1151325,9,8,9,14992.701000000001,15546.42
NGC3898                ,177.313767,56.0843617,9,9,9,7892.101,7951.109
NGC5141                ,201.2144145,36.378764,9,9,9,11742.453,11884.440999999999
IC0950                 ,208.111038,14.4910128,9,9,9,12582.106,11166.389000000001
NGC1232                ,47.439399,-20.5790414,9,9,9,30950.805,31821.417000000005
ESO450-002             ,233.9462535,-28.9148595,9,9,9,45988.415,46336.046
ESO306-019             ,85.096497,-41.4844921,9,9,9,11396.858999999999,11570.16
PGC032033              ,161.078991,52.7701315,9,9,9,12929.778000000002,13987.106
PGC2421400             ,214.4485365,52.6953472,9,9,9,12707.733,12912.101999999999
ESO365-001             ,93.5354985,-33.4988682,9,9,9,16225.276,16406.641
NGC5090                ,200.3035545,-43.7045827,9,7,9,7558.3679999999995,10015.594000000001
NGC6027                ,239.795241,20.7621839,9,9,9,13968.403999999999,14018.631000000001
NGC0704                ,28.157067,36.1267371,9,9,9,11103.596000000001,11173.722
NGC4102                ,181.5981495,52.7109722,9,9,9,27043.515,27175.759000000002
NGC5356                ,208.7435295,5.3337007,9,8,8,15016.907,15885.100000000002
NGC5258                ,204.99027,0.8308395,8,8,8,17470.147,17962.229
IC0577                 ,149.0165505,10.4988569,8,8,8,26774.334000000003,27340.519
NGC5257                ,204.9700155,0.8399433,8,8,8,17470.147,17962.229
NGC5247                ,204.512997,-17.8840462,8,8,8,21663.566,22223.698
NGC1553                ,64.043676,-55.780018,8,8,8,2714.011,2736.185
NGC5793                ,224.853333,-16.6934722,8,8,8,19152.531,19095.217
PGC894674              ,224.920791,-16.7096667,8,8,8,19152.531,19095.217
ESO364-029             ,91.4373105,-33.0816082,8,8,8,17601.089999999997,17855.647
PGC036871              ,177.135159,12.7052309,8,8,8,14673.363,14936.255999999998
PGC046101              ,198.8219205,44.4070977,8,6,8,19800.305,27696.415
NGC3110                ,151.008798,-6.4747244,8,8,8,4637.467000000001,4675.763
NGC2623                ,129.6002805,25.7545702,8,8,8,11995.154999999999,11551.534
NGC2500                ,120.47157,50.7371623,8,8,8,12357.368,12520.122000000001
UGC00833               ,19.5369165,11.38175,8,8,8,29262.888000000003,30190.449
PGC010980              ,43.6859535,41.5283499,8,7,7,7031.84,7088.115000000001
NGC1398                ,54.717063,-26.3377639,8,8,8,5355.446,5401.6230000000005
NGC2307                ,102.2116665,-64.3355556,8,8,8,2178.25,2215.59
UGC04374               ,125.72198850000001,3.5712202,8,8,8,25996.346,26743.678
UGC04532               ,130.42190699999998,18.8600017,8,8,8,4523.763,4450.763
NGC1521                ,62.0788755,-21.0519167,8,8,8,16566.224000000002,16739.941
2MASXJ13411534+3022181 ,205.313931,30.3718176,8,8,8,22427.928,22724.115
NGC5796                ,224.8503045,-16.6238199,8,8,8,19152.531,19095.217
PGC023546              ,125.892609,21.3477215,8,8,8,9624.325,9931.906
NGC0527B               ,20.9972715,-35.1273611,8,7,8,14213.964000000002,14761.641000000001
NGC5905                ,228.8471985,55.5171897,8,8,8,32447.333,32476.749
NGC0974                ,38.607375,32.9544444,8,8,8,18350.199,18305.492000000002
NGC0214                ,10.366749,25.4993442,8,7,8,15126.815,18605.36
PGC006186              ,25.1052105,-7.9023885,8,8,8,17758.677,18099.806
PGC004461              ,18.5917395,-55.4001338,8,7,8,29464.993000000002,29459.45
NGC7507                ,348.031554,-28.539653,8,7,8,2082.344,2384.5769999999998
NGC7049                ,319.750866,-48.5608096,8,8,8,5024.259,5074.473
NGC6872                ,304.2347445,-70.7679087,8,8,8,3337.734,3382.954
NGC0978                ,38.695708499999995,32.8461667,8,8,8,30510.958999999995,30446.513
3C277.3                ,193.550085,27.6260933,7,7,7,3693.1589999999997,3717.56
ESO137-006             ,243.7657005,-60.9071615,7,6,7,2184.176,2403.007
NGC5850                ,226.7819145,1.5445518,7,7,7,8361.515,8598.978000000001
PGC017719              ,86.268117,-25.8405965,7,6,7,288.621,437.01399999999995
NGC5908                ,229.1799795,55.4095087,7,7,7,25879.58,25845.341
NGC1549                ,63.9380925,-55.5923174,7,7,7,2660.457,2681.0340000000006
ESO552-052             ,75.502938,-21.137,7,7,7,6780.985,6864.043
NGC5129                ,201.041754,13.9765579,7,7,7,3814.9959999999996,3856.1349999999998
PGC006966              ,28.2041115,-3.4469242,7,7,7,27158.547,27459.714
IC2476                 ,141.9700605,29.9857461,7,5,5,168937.294,171054.656
NGC5963                ,233.366088,56.5597225,7,7,7,19235.124,19451.181
NGC2685                ,133.8946005,58.734394,7,7,7,23531.164,23884.118999999995
NGC0430                ,18.249729000000002,-0.2524405,7,7,7,12265.661999999998,12372.58
NGC4565                ,189.086598,25.9875214,7,7,7,6979.236999999999,7021.923999999998
NGC2563                ,125.1487275,21.0678351,7,7,7,3534.297,3569.1229999999996
NGC2613                ,128.34480449999998,-22.973597,7,7,7,6022.241999999999,6312.832
NGC1380                ,54.114948000000005,-34.9760931,7,7,7,5374.431,5294.057
NGC1161                ,45.308844,44.8970718,7,6,7,6450.053000000001,6589.184
NGC4437                ,188.1894825,0.1145302,7,7,7,11202.295999999998,11205.741999999998
NGC4411B               ,186.6966705,8.8845899,7,7,7,10883.389,11085.043
NGC3184                ,154.57058999999998,41.4243426,7,6,7,18508.087,23026.917
IC4901                 ,298.5963705,-58.7138152,7,7,7,23818.975,24498.829999999998
NGC2639                ,130.9085805,50.2055329,7,7,7,13771.645,13750.706
NGC2903                ,143.042052,21.5015656,7,6,6,18602.714000000004,18933.587
NGC2389                ,112.26933299999999,33.8609722,7,7,7,7013.296000000001,7214.427999999999
NGC1291                ,49.327476,-41.1079941,7,7,7,20448.874999999996,20760.819
NGC4261                ,184.846542,5.8249555,7,7,7,8875.643,9253.74
NGC4330                ,185.82113999999999,11.3678395,7,7,7,21328.871,21840.302000000003
NGC4527                ,188.5352505,2.653794,7,7,7,13377.404,13591.672
NGC0838                ,32.410569,-10.1463508,7,7,7,19968.031,20320.717999999997
NGC4233                ,184.282029,7.6243615,7,7,7,10324.616999999998,10467.981
NGC0922                ,36.2680485,-24.7883352,7,7,7,3088.8650000000002,3123.663
NGC0731                ,28.734333,-9.0108717,7,7,7,3409.868,3493.9929999999995
NGC3393                ,162.09765,-25.1619927,7,5,5,23775.203,23812.033
NGC3894                ,177.2099205,59.4157878,7,7,7,7581.236,7675.254000000001
NGC3145                ,152.541084,-12.4337222,6,6,6,700.767,749.672
PGC046700              ,200.574708,-16.9066667,6,5,6,4570.906,4704.22
NGC1532                ,63.018042,-32.8741944,6,6,6,11317.008,13956.063999999998
NGC4492                ,187.7488785,8.0778443,6,6,6,12054.016,12231.113
NGC7174                ,330.5278935,-31.9922415,6,6,6,39104.086,39322.711
NGC5623                ,216.7860825,33.2525115,6,6,6,6203.809,6287.264
PGC050952              ,213.9369165,36.1781801,6,6,6,3626.2870000000003,3663.311
NGC5529                ,213.89202,36.226669,6,6,6,3626.2870000000003,3663.311
NGC4501                ,187.997064,14.4200354,6,6,6,10554.299,10695.991
UGC05101               ,143.9651295,61.353165,6,6,6,24507.468999999997,24523.338
PGC002501              ,10.4602725,-9.3031528,6,6,6,6560.870999999999,6720.218
NGC0134                ,7.591251,-33.2440594,6,6,6,24866.878,25367.275
NGC0447                ,18.906665999999998,33.0676389,6,6,6,28466.678,28581.351
NGC3396                ,162.4794795,32.9908234,6,5,6,4344.553,4551.97
UGC01651               ,32.410965,35.7971069,6,6,6,1652.642,1658.951
NGC1380A               ,54.197838,-34.7395814,6,6,6,5225.6849999999995,5138.612999999999
ESO499-008             ,147.496509,-25.0090507,6,6,6,2311.8149999999996,2621.906
NGC0533                ,21.380787,1.7591167,6,6,6,7493.611,7548.022999999999
NGC7814                ,0.812559,16.1456194,6,6,6,5862.5070000000005,6140.329000000001
UGC08877               ,209.279025,41.7931183,6,6,6,5741.85,5774.041
ESO507-025             ,192.882687,-26.4520979,6,6,6,2708.714,2749.1850000000004
NGC0291                ,13.3746315,-8.7677573,6,4,4,17810.278,17386.336
NGC3359                ,161.65347,63.2241505,6,5,5,11538.979,11411.385999999999
PGC002480              ,10.429146,-9.4394012,6,6,6,6560.870999999999,6720.218
3C452                  ,341.45325,39.6875833,6,6,6,14201.705000000002,14324.297000000002
PGC047440              ,202.5455745,-2.1037763,6,6,6,1806.409,1872.9090000000003
NGC4760                ,193.2801255,-10.4942778,6,6,6,5006.892,5049.965999999999
NGC5061                ,199.521255,-26.8371305,6,6,6,2531.1610000000005,2547.713
IC1296                 ,283.3284585,33.0665556,6,5,6,2129.619,2231.062
NGC1302                ,49.9627635,-26.0605611,6,5,5,31566.46,32425.495
NGC4649                ,190.9165035,11.5527063,6,6,6,14890.767,15430.193000000001
PGC093226              ,10.459044,-9.4298546,6,6,6,6560.870999999999,6720.218
PGC093204              ,10.400862,-9.3251047,6,6,6,6560.870999999999,6720.218
PGC096373              ,111.609792,-35.9059444,6,6,6,21240.323,21799.884
NGC4660                ,191.133249,11.1905117,6,6,6,12749.73,13043.064000000002
PGC2311389             ,171.075897,48.1465735,6,6,6,50718.34999999999,51333.486
NGC5322                ,207.31345199999998,60.1904759,6,6,6,2797.23,2876.246
NGC1332                ,51.57177,-21.3353431,6,5,6,3152.215,3264.9949999999994
NGC1600                ,67.9160415,-5.0860833,6,6,6,3827.2859999999996,3869.12
PGC165114              ,185.7552,10.5896177,6,6,6,10625.079,10799.659999999998
NGC2560                ,124.96626,20.9850001,6,6,6,2866.86,2895.979
UGC12812               ,357.8277555,20.5778346,6,6,6,2801.301,2797.58
NGC4922                ,195.3526185,29.3099067,6,6,6,18775.164,18786.449999999997
NGC5383                ,209.2701795,41.8462926,6,6,6,5741.85,5774.041
NGC0035                ,2.79375,-12.0207222,6,5,5,16597.902,16520.479
IC1459                 ,344.294181,-36.4622102,6,6,6,6360.5019999999995,6386.43
ESO154-023             ,44.2090665,-54.5706416,5,5,5,14670.361,14830.556
NGC5077                ,199.881825,-12.6564762,5,5,5,3602.258,3643.4509999999996
NGC5076                ,199.8766455,-12.740875,5,5,5,3602.258,3643.4509999999996
NGC6221                ,253.192002,-59.218049,5,5,5,9051.075,9155.027
NGC6215                ,252.7792935,-58.9931413,5,5,5,9051.075,9155.027
PGC057421              ,242.848314,52.4548401,5,5,5,2835.3720000000003,2874.764
NGC4178                ,183.1928955,10.8657101,5,5,5,11051.398,11044.185
NGC2681                ,133.38633,51.313765,5,4,5,1387.2239999999997,1515.9119999999998
NGC0988                ,38.865498,-9.3559501,5,5,5,12388.125,12751.328000000001
ESO269-012             ,194.1688335,-46.9260278,5,5,5,16177.615,16347.391000000001
NGC6944                ,309.5994585,6.9965556,5,5,5,19410.872,19714.307
ESO424-012             ,85.8871665,-27.6514722,5,5,5,20725.097,20777.743
NGC2782                ,138.521169,40.1137263,5,5,5,13457.601999999999,13543.946
ESO442-026             ,193.05523349999999,-29.840649,5,5,5,5094.051000000001,5297.549999999999
NGC4936                ,196.070742,-30.5262879,5,5,5,3075.094,3113.258
NGC7377                ,341.9478795,-22.3120915,5,5,5,3110.3689999999997,3118.811
NGC4298                ,185.3867325,14.6060549,5,5,5,32092.182,31902.260000000002
NGC2369                ,109.1575275,-62.3437661,5,5,5,2741.58,2773.088
NGC5127                ,200.93727750000002,31.5655548,5,5,5,2617.163,2639.5779999999995
NGC2427                ,114.117075,-47.6354241,5,5,5,14057.826,14220.936000000002
NGC2545                ,123.55896150000001,21.3554613,5,4,5,2968.804,3104.097
UGC09291               ,217.153728,38.9991636,5,5,4,5490.985,5536.298
NGC3044                ,148.420374,1.5795904,5,5,5,8539.345000000001,8872.454000000002
UGC08850               ,209.0120895,18.3721449,5,5,5,15918.252,16032.375000000002
ESO269-014             ,194.2790415,-46.8715972,5,5,5,16177.615,16347.391000000001
PGC044234              ,194.2522425,-17.3203749,5,5,5,585.374,594.225
NGC5198                ,202.547541,46.6708056,5,5,5,4285.3189999999995,4332.71
PGC032012              ,160.9757505,70.3734444,5,5,5,39784.865000000005,39707.784999999996
SDSSJ091048.27+600323.4,137.7012195,60.0565207,5,5,5,3010.84,3033.5209999999997
PGC094335              ,19.987695,-41.2417397,5,5,5,3068.012,3103.807
PGC020246              ,107.264667,48.5733611,5,5,5,1471.637,1491.031
NGC4698                ,192.0956055,8.4874421,5,5,5,19245.341,19313.02
UGC02238               ,41.572833,13.0956389,5,5,5,4554.323,4531.1050000000005
NGC1129                ,43.614324,41.57901,5,4,4,4193.259,4229.801
NGC3683                ,171.882672,56.8770213,5,5,5,4613.392,4641.065
PGC2034704             ,227.542431,33.5670479,4,4,4,3991.1899999999996,4028.5130000000004
PGC1060849             ,120.559362,-4.2487358,4,4,2,5880.3240000000005,4508.3189999999995
NGC2724                ,135.2574555,35.7623597,4,4,4,2757.578,2783.8469999999998
NGC3078                ,149.602197,-26.9260706,4,3,3,2599.709,2624.915
ESO323-025             ,193.160511,-39.0297985,4,3,4,1479.3380000000002,2053.442
UGC02688               ,50.332942499999994,41.9319302,4,4,4,2019.8619999999999,2070.675
PGC009313              ,36.7348755,20.5329444,4,4,4,3067.9,3090.541
PGC047508              ,202.7451465,11.2218512,4,4,4,2115.927,2146.349
NGC3506                ,165.803991,11.0767452,4,4,4,3236.5730000000003,3111.9339999999997
NGC1199                ,45.910458,-15.6138572,4,4,4,14268.876,13855.306
PGC1843987             ,167.599878,28.7210187,4,4,4,7464.52,8039.089999999999
UGC03805               ,110.0034795,17.9456972,4,4,4,350.218,355.999
PGC2156773             ,122.2449195,39.8580651,4,3,4,1431.256,1490.8300000000002
NGC3395                ,162.4587915,32.9828333,4,4,4,2437.6340000000005,2343.0690000000004
NGC0924                ,36.6951255,20.4974167,4,4,4,3067.9,3090.541
UGC03974               ,115.48083299999999,16.8025,4,3,4,12894.58,13245.429999999998
PGC083808              ,198.484206,-16.273423,4,4,4,2661.923,2684.669
NGC3389                ,162.1163595,12.5331631,4,4,4,7251.0830000000005,7615.13
NGC3384                ,162.070416,12.6293385,4,4,4,7251.0830000000005,7615.13
PGC055976              ,236.4412605,2.4098357,4,4,4,3340.855,3365.112
NGC7770                ,357.844167,20.0968056,4,4,4,1091.597,1097.7259999999999
NGC7771                ,357.8538765,20.1119531,4,4,4,1091.597,1097.7259999999999
PGC1156047             ,243.0386625,0.0591659,4,4,4,4328.491,4429.03
UGC12915               ,0.4246905,23.4958156,4,4,4,2957.902,2985.183
ESO142-019             ,293.328918,-58.1142771,4,4,4,2573.174,2596.8430000000003
NGC4579                ,189.431379,11.8181349,4,4,4,24716.783,21247.571
NGC6251                ,248.132292,82.5379167,4,4,4,30026.434999999998,29151.264
NGC5990                ,236.5681755,2.4155398,4,4,4,3340.855,3365.112
NGC1779                ,76.3251045,-9.1472361,4,4,4,8972.078000000001,10473.208999999999
NGC6926                ,308.2755045,-2.0274612,4,3,4,14102.518999999998,13913.963
ESO069-009             ,252.064416,-69.1396389,4,4,4,6889.650999999999,6954.473
IC0302                 ,48.213666,4.7069722,4,4,4,2306.0339999999997,2326.23
NGC4278                ,185.028264,29.28064,4,4,4,5368.397000000001,5386.525000000001
NGC4639                ,190.718337,13.2572415,4,4,4,13205.777,13509.641
NGC2633                ,132.0193335,74.0987778,3,3,3,1684.805,1707.637
PGC1054690             ,194.29062449999998,-4.6981944,3,3,3,2239.177,2314.214
NGC4981                ,197.20304099999998,-6.7774698,3,3,3,21223.103,21536.856
UGC03326               ,84.904614,77.312496,3,3,3,2472.9849999999997,2520.259
IC3639                 ,190.2203085,-36.7559105,3,3,3,2891.5950000000003,2907.898
PGC011590              ,46.235472,-27.5050411,3,3,3,3145.342,3159.401
NGC1700                ,74.234736,-4.8658996,3,3,3,5653.949999999999,5781.624
UGC01697               ,33.0850755,-2.1415432,3,2,3,10997.393,67972.79699999999
PGC1100622             ,172.86975,-2.1407122,3,3,3,225.502,228.136
PGC018855              ,95.232159,-8.495589,3,3,3,12111.286,12300.115999999998
PGC019481              ,100.774764,-74.2361454,3,3,3,2024.673,2140.6440000000002
PGC023326              ,124.771128,21.7914542,3,3,3,1850.0990000000002,1867.69
NGC1614                ,68.500104,-8.5790833,3,3,3,17212.756,17436.864
NGC3221                ,155.5831965,21.5693726,3,3,3,1527.497,1552.0430000000001
NGC1140                ,43.639803,-10.0282842,3,3,3,6965.6669999999995,7036.3099999999995
PGC032591              ,162.955881,16.0004586,3,3,3,2021.672,2045.7649999999999
ESO306-003             ,82.280151,-39.4221404,3,3,3,7229.674,7346.409
UGC08441               ,201.37115849999998,57.821985,3,3,3,10908.03,10963.13
PGC035570              ,173.0162955,57.4392227,3,3,3,3945.878,4014.168
IC0278                 ,45.376833,37.7660556,3,3,3,1738.4569999999999,2652.606
NGC6407                ,266.24025,-60.7397778,3,3,3,6114.08,6134.143
IC0563                 ,146.584734,3.0456208,3,3,3,1027.21,1042.043
NGC1189                ,45.852207,-15.6234159,3,3,3,12099.506,11642.768
NGC5483                ,212.604288,-43.3246227,3,3,3,4300.7880000000005,5592.736
PGC054660              ,229.71375,6.4359444,3,3,3,4685.703,4798.404
IC0564                 ,146.587887,3.0713372,3,3,3,1027.21,1042.043
PGC3082851             ,300.6565005,-55.9013472,3,0,3,0.0,4706.204
IC5157                 ,330.86247,-34.9417636,3,3,3,2768.6220000000003,2790.603
NGC5330                ,208.2466605,-28.4706735,3,3,3,1379.1920000000002,1390.453
NGC5301                ,206.60276549999998,46.1071577,3,3,3,6379.322999999999,6318.656
PGC047293              ,202.20542999999998,-31.5758415,3,3,3,345.64,350.994
PGC035845              ,173.9331675,49.0376433,3,3,3,1027.276,1048.943
NGC7386                ,342.508875,11.69875,3,3,3,1270.9699999999998,1316.7369999999999
UGC05228               ,146.51505450000002,1.6683624,3,3,3,4990.742,4998.9169999999995
PGC002051              ,8.5649415,-21.4178028,3,3,3,8820.741,8892.52
NGC1738                ,75.444099,-18.1575315,3,3,3,2345.3779999999997,2369.373
NGC3665                ,171.181899,38.7627867,3,3,3,1798.6860000000001,1820.588
NGC3788                ,174.935796,31.9312405,3,3,3,7850.914,7279.998
NGC3495                ,165.3174825,3.628104,3,3,3,8706.616999999998,8818.78
NGC7385                ,342.476721,11.6076647,3,3,3,1270.9699999999998,1316.7369999999999
NGC2179                ,92.009208,-21.7466806,2,2,2,3121.754,3125.859
PGC2790838             ,240.5533275,15.9075657,2,2,2,3829.13,3857.4080000000004
3C386                  ,279.6092475,17.1968066,2,2,2,8886.631,9141.793
NGC0550                ,21.677122500000003,2.0223285,2,2,2,894.6489999999999,907.628
NGC1792                ,76.31013300000001,-37.9806372,2,2,2,5883.051,6109.546
NGC0071                ,4.598292,30.0631944,2,2,2,6502.716,6300.761
PGC044991              ,195.615291,-15.779,2,2,2,1207.7730000000001,1221.022
UGC05454               ,151.79575200000002,12.6513756,2,2,2,3874.374,3848.9750000000004
NGC5678                ,218.023359,57.9214316,2,2,2,1061.091,1076.473
UGC09732               ,227.04076350000003,1.2493587,2,2,2,848.177,859.538
PGC044990              ,195.5849505,-15.7666119,2,2,2,1207.7730000000001,1221.022
PGC044532              ,194.757687,34.860685,2,2,2,1652.004,1674.9199999999998
ESO350-040             ,9.4201395,-33.716339,2,2,2,5388.036,5448.729
NGC0072                ,4.618209,30.0406944,2,2,2,6502.716,6300.761
IC0239                 ,39.115959,38.9690278,2,2,2,1663.1239999999998,1652.246
NGC7673                ,351.9212475,23.5889331,2,2,2,1088.816,1100.6930000000002
NGC7424                ,344.3264895,-41.0706469,2,2,2,2796.5480000000002,2791.951
PGC002249              ,9.4311105,-33.7020623,2,2,2,5388.036,5448.729
NGC7196                ,331.478439,-50.1190894,2,2,2,1004.933,1015.444
UGC10143               ,240.5709015,15.9745922,2,2,2,3829.13,3857.4080000000004
IC1860                 ,42.391191,-31.1893845,2,2,2,2362.402,2389.2799999999997
IC1622                 ,16.9028025,-17.5386725,2,2,2,3625.2960000000003,3626.484
NGC4956                ,196.253991,35.1780854,2,2,2,1745.828,1759.492
UGC12709               ,354.350103,0.3914687,2,2,2,4812.108,4926.259
NGC3642                ,170.5746555,59.0744505,2,2,2,6022.32,6179.036
NGC0720                ,28.2521685,-13.7385851,2,2,2,2671.809,2735.1800000000003
PGC1035926             ,243.979986,-6.1741154,2,2,2,1878.663,1770.818
NGC4676A               ,191.5420575,30.7319684,2,2,2,1247.768,1271.226
PGC2171536             ,51.233301,40.8272352,2,2,2,12634.746,12494.609
UGC10094               ,238.938816,24.4939095,2,2,2,6754.541,6766.039000000001
PGC094305              ,21.2338845,8.6672881,2,2,2,879.644,882.554
UGC10050               ,237.437073,18.5269043,2,2,2,1700.316,1714.984
IC1020                 ,217.20613649999999,26.03222,2,2,2,1890.58,1905.6129999999998
IC1018                 ,217.05330899999998,25.8305183,2,2,2,1890.58,1905.6129999999998
PGC090367              ,309.3237915,25.5271389,2,1,2,74.671,155.915
UGC04344               ,125.0690025,20.8750862,2,2,2,1107.904,1118.965
NGC4013                ,179.630676,43.9468119,2,2,2,8827.616,8935.887
NGC7314                ,338.9417115,-26.0505071,2,2,2,3547.59,3549.5209999999997
ESO120-016             ,87.8968245,-59.0456566,2,2,2,10733.575,10743.014
NGC0410                ,17.7456135,33.1522335,2,2,2,1976.7020000000002,1978.086
NGC0536                ,21.590709,34.7029722,2,2,2,844.107,859.106
PGC017271              ,81.410991,-31.5523739,2,2,2,1271.4450000000002,1273.694
UGC05823               ,160.4725545,0.7932781,2,2,2,9522.7,9530.947
ESO411-034             ,14.4455145,-27.5016522,2,2,2,1935.0639999999999,2005.2399999999998
NGC7796                ,359.7491625,-55.4583701,2,2,2,1495.8319999999999,1506.8790000000001
ESO554-035             ,86.9480625,-19.8664306,2,2,2,7299.599,7312.861
PGC155202              ,156.171174,-18.7045226,2,2,2,538.925,541.559
IC2980                 ,179.3760555,-73.6845057,2,2,2,604.284,621.669
ESO362-008             ,77.7879405,-34.3933844,2,2,2,992.3779999999999,1005.0730000000001
PGC024369              ,130.009791,29.8174342,2,2,2,7954.195,7981.647999999999
PGC009390              ,37.046783999999995,-5.8387582,2,2,2,1243.002,1243.867
NGC3370                ,161.7668265,17.2736572,2,2,2,6916.758,7270.239
UGC01214               ,25.9906665,2.3498889,2,2,2,11415.264,11419.855
NGC4294                ,185.324265,11.5106195,2,2,2,3560.7200000000003,3561.3819999999996
ESO563-021             ,131.8208175,-20.0356286,2,2,2,1009.722,1023.111
NGC2272                ,100.672083,-27.4594722,2,2,2,1386.7060000000001,1399.0059999999999
PGC2095830             ,140.3705145,37.2314172,1,1,1,4765.614,4765.935
NGC3656                ,170.911245,53.8421255,1,1,1,1052.739,1065.339
PGC2832008             ,18.2618745,15.5273332,1,1,1,489.906,491.515
NGC4378                ,186.32523450000002,4.9249453,1,1,1,989.73,990.382
UGC12064               ,337.835916,39.3582778,1,1,1,1488.704,1499.466
PGC033423              ,165.975786,40.8500932,1,1,1,76.392,77.717
NGC3353                ,161.343312,55.9603651,1,1,1,1944.266,2291.209
PGC012243              ,49.430043,42.3850745,1,1,1,812.508,818.049
PGC000196              ,0.7278645,-35.7221058,1,1,1,56.047,57.659
NGC1231                ,46.622062500000006,-15.5690972,1,1,1,935.503,942.742
PGC087431              ,2.9319465,-28.9323356,1,1,1,15773.225,15885.81
PGC1043897             ,206.443833,-5.5035556,1,1,1,69.463,70.195
ESO286-019             ,314.6112705,-42.6500803,1,1,1,2059.625,2061.0
PGC084913              ,292.839294,-72.6555478,1,1,1,1712.232,1716.169
PGC073855              ,18.7851075,0.3036317,1,1,1,338.291,338.319
ESO213-002             ,147.318762,-47.9200898,1,1,1,7247.018,7366.648
PGC073879              ,18.876837,0.2227993,1,1,1,338.291,338.319
NGC4621                ,190.509333,11.6472733,1,1,1,2932.274,3189.461
NGC2341                ,107.299836,20.602884,1,1,1,98.998,100.283
NGC5248                ,204.3834195,8.885176,1,1,1,410.149,416.206
IC0664                 ,165.188973,10.5532348,1,1,1,10925.999,10930.039
SDSSJ153238.30+324242.1,233.1595215,32.7116768,1,1,1,894.858,987.404
PGC1162545             ,18.818055,0.3094985,1,1,1,338.291,338.319
NGC5614                ,216.03162,34.858852,1,1,1,1886.089,1898.793
NGC3169                ,153.561621,3.4664709,1,1,1,6868.654,6879.14
NGC2441                ,117.9782085,73.0156667,1,1,1,4632.536,4735.768
NGC0444                ,18.9567255,31.0801809,1,1,1,8406.555,8309.588
NGC7265                ,335.614458,36.2098333,1,1,1,1459.468,1471.774
ESO570-003             ,166.5667545,-18.2591875,1,1,1,4215.16,4224.767
PGC003183              ,13.516416,73.0847778,1,1,1,2375.818,2374.955
PGC044297              ,194.3516565,-30.386316,1,1,1,72.928,73.02
NGC2444                ,116.7210255,39.0319458,1,1,1,1415.733,1421.801
NGC2445                ,116.729583,39.01525,1,1,1,1415.733,1421.801
ESO477-020             ,30.150636000000002,-25.0514607,1,1,1,1236.106,1248.63
ESO477-021             ,30.2079255,-25.0267392,1,1,1,1236.106,1248.63
PGC493675              ,84.0253755,-47.926,1,1,1,845.276,847.464
PGC166755              ,337.30798500000003,75.3670049,1,1,1,1321.677,1333.963
NGC5672                ,218.159814,31.6701383,1,1,1,1006.158,1012.245
PGC393843              ,87.784479,-57.1134306,1,1,1,144.465,145.414
IC0632                 ,159.7991565,-0.4094339,1,1,1,830.304,837.432
PGC001224              ,4.712121,-10.3768517,1,1,1,2906.7,2939.33
NGC4216                ,183.976284,13.1493536,1,1,1,1500.609,1506.887
NGC3356                ,161.050917,6.7588201,1,1,1,1835.238,1834.93
NGC4758                ,193.1843325,15.8477655,1,1,1,78.102,78.007
NGC3949                ,178.423842,47.8587682,1,1,1,3649.369,3736.002
PGC054617              ,229.5255495,42.7458113,1,1,1,1674.19,1674.117
NGC4750                ,192.5300415,72.8744722,1,1,1,920.057,925.194
PGC020735              ,110.2245,55.7218333,1,1,1,51.744,53.224
2MASXJ13262223+1236325 ,201.59257050000002,12.6090246,1,1,1,4908.171,4968.48
PGC054913              ,230.77209,8.6092103,1,1,1,61.31,62.673
UGC03134               ,70.4510835,-1.3018056,0,0,0,0.0,0.0
PGC1762966             ,226.1790705,26.1099565,0,0,0,0.0,0.0
UGC12160               ,340.2271245,75.1647222,0,0,0,0.0,0.0
ESO242-014             ,8.635875,-43.6561667,0,0,0,0.0,0.0
NGC1703                ,73.21725,-59.7421944,0,0,0,0.0,0.0
NGC2139                ,90.2831775,-23.6723296,0,0,0,0.0,0.0
NGC1395                ,54.623766,-23.0274404,0,0,0,0.0,0.0
ESO101-004             ,249.5755125,-64.3601672,0,0,0,0.0,0.0
ESO018-007             ,125.784567,-77.8519566,0,0,0,0.0,0.0
ESO182-007             ,274.205868,-57.2268179,0,0,0,0.0,0.0
NGC1427                ,55.5808605,-35.3927299,0,0,0,0.0,0.0
PGC394821              ,56.37918,-57.0243874,0,0,0,0.0,0.0
NGC2541                ,123.66717,49.0616237,0,0,0,0.0,0.0
PGC3133930             ,138.1167075,53.26307,0,0,0,0.0,0.0
PGC3123947             ,180.043908,3.3684212,0,0,0,0.0,0.0
ESO186-062             ,308.508666,-52.9811806,0,0,0,0.0,0.0
NGC1511                ,59.909874,-67.6365789,0,0,0,0.0,0.0
ESO187-026             ,312.9870555,-52.629689,0,0,0,0.0,0.0
PGC3087775             ,246.760659,43.4761082,0,0,0,0.0,0.0
UGC06203               ,167.435145,21.7588854,0,0,0,0.0,0.0
PGC2601016             ,184.0824555,60.3490874,0,0,0,0.0,0.0
PGC2519056             ,117.2618835,55.9187375,0,0,0,0.0,0.0
PGC2474646             ,242.6620215,54.6077874,0,0,0,0.0,0.0
UGC04978               ,140.52588,3.8972574,0,0,0,0.0,0.0
NGC1637                ,70.3674585,-2.8579167,0,0,0,0.0,0.0
UGC01934               ,36.9643185,0.5014981,0,0,0,0.0,0.0
PGC2163545             ,168.450852,40.2857243,0,0,0,0.0,0.0
PGC2129982             ,155.5760055,38.5443116,0,0,0,0.0,0.0
ESO156-008             ,55.7523165,-53.6377667,0,0,0,0.0,0.0
NGC1439                ,56.208309,-21.9207205,0,0,0,0.0,0.0
NGC4900                ,195.163311,2.5010616,0,0,0,0.0,0.0
PGC146838              ,75.286083,-38.7262222,0,0,0,0.0,0.0
NGC0895                ,35.401959000000005,-5.5213909,0,0,0,0.0,0.0
NGC6911                ,304.90975050000003,66.7283611,0,0,0,0.0,0.0
NGC3955                ,178.488138,-23.1641298,0,0,0,0.0,0.0
NGC7013                ,315.8898795,29.8973421,0,0,0,0.0,0.0
NGC3887                ,176.769021,-16.854625,0,0,0,0.0,0.0
ESO444-072             ,203.39469,-31.6722977,0,0,0,0.0,0.0
NGC7285                ,337.1581245,-24.8405833,0,0,0,0.0,0.0
NGC0765                ,29.699916,24.8925278,0,0,0,0.0,0.0
NGC3610                ,169.605291,58.7862361,0,0,0,0.0,0.0
NGC0766                ,29.674959,8.3467222,0,0,0,0.0,0.0
NGC3507                ,165.855792,18.1353333,0,0,0,0.0,0.0
NGC7648                ,350.9751255,9.6674444,0,0,0,0.0,0.0
NGC4136                ,182.323779,29.9276571,0,0,0,0.0,0.0
NGC7689                ,353.3196915,-54.0944859,0,0,0,0.0,0.0
NGC7727                ,354.97428749999995,-12.2927807,0,0,0,0.0,0.0
NGC7743                ,356.088042,9.9340278,0,0,0,0.0,0.0
ESO385-047             ,218.689293,-32.9785751,0,0,0,0.0,0.0
PGC003853              ,16.2703125,-6.212375,0,0,0,0.0,0.0
PGC005858              ,23.604963,-15.8190795,0,0,0,0.0,0.0
PGC007900              ,31.131066,-6.1989563,0,0,0,0.0,0.0
PGC007942              ,31.271666999999997,-6.5074722,0,0,0,0.0,0.0
NGC0953                ,37.790667,29.5886944,0,0,0,0.0,0.0
PGC010253              ,40.6274235,-21.5847331,0,0,0,0.0,0.0
NGC4104                ,181.6622715,28.174268,0,0,0,0.0,0.0
NGC6799                ,293.0687955,-55.9079877,0,0,0,0.0,0.0
ESO384-002             ,207.82874999999999,-33.807899,0,0,0,0.0,0.0
NGC4596                ,189.9830865,10.1761628,0,0,0,0.0,0.0
IC3518                 ,188.630391,9.6234219,0,0,0,0.0,0.0
NGC4976                ,197.1556755,-49.5062705,0,0,0,0.0,0.0
IC4523                 ,226.293927,-43.5094507,0,0,0,0.0,0.0
NGC5087                ,200.1041145,-20.6110687,0,0,0,0.0,0.0
IC4687                 ,273.4157955,-57.7252348,0,0,0,0.0,0.0
IC1291                 ,278.469042,49.2785556,0,0,0,0.0,0.0
NGC4689                ,191.9399205,13.7626332,0,0,0,0.0,0.0
NGC5170                ,202.453191,-17.9664979,0,0,0,0.0,0.0
IC1024                 ,217.8626835,3.0081905,0,0,0,0.0,0.0
IC5337                 ,354.10425,21.1506432,0,0,0,0.0,0.0
IC0883                 ,200.1475065,34.1393251,0,0,0,0.0,0.0
NGC4157                ,182.7680235,50.4849616,0,0,0,0.0,0.0
NGC4561                ,189.0339225,19.3226707,0,0,0,0.0,0.0
NGC0057                ,3.878625,17.3283889,0,0,0,0.0,0.0
NGC4494                ,187.8501255,25.7749722,0,0,0,0.0,0.0
NGC4477                ,187.5091695,13.6364183,0,0,0,0.0,0.0
NGC4459                ,187.250178,13.9785204,0,0,0,0.0,0.0
NGC4434                ,186.902841,8.1543168,0,0,0,0.0,0.0
NGC0255                ,11.9471085,-11.4687138,0,0,0,0.0,0.0
NGC4371                ,186.230853,11.7042332,0,0,0,0.0,0.0
NGC0278                ,13.0179165,47.5505278,0,0,0,0.0,0.0
NGC5964                ,234.4009095,5.9740148,0,0,0,0.0,0.0
NGC1012                ,39.812334,30.1516667,0,0,0,0.0,0.0
NGC1055                ,40.4383785,0.4434215,0,0,0,0.0,0.0
NGC1340                ,52.081809,-31.0681613,0,0,0,0.0,0.0
ESO291-022             ,350.54835,-42.5955519,0,0,0,0.0,0.0
ESO306-017             ,85.0279695,-40.8362699,0,0,0,0.0,0.0
PGC058586              ,249.064458,66.2399722,0,0,0,0.0,0.0
PGC060511              ,263.575608,68.0191106,0,0,0,0.0,0.0
PGC062535              ,283.36809150000005,68.4752768,0,0,0,0.0,0.0
PGC065597              ,313.0015395,-52.7549867,0,0,0,0.0,0.0
PGC066146              ,316.9225515,3.872119,0,0,0,0.0,0.0
PGC068149              ,332.2782495,2.0149167,0,0,0,0.0,0.0
PGC069457              ,340.1259615,3.3585093,0,0,0,0.0,0.0
PGC071158              ,350.2656015,-69.2170107,0,0,0,0.0,0.0
NGC2997                ,146.411625,-31.1910833,0,0,0,0.0,0.0
PGC075215              ,68.3340975,-13.4394984,0,0,0,0.0,0.0
PGC056821              ,240.6977595,19.7872548,0,0,0,0.0,0.0
PGC083292              ,159.988794,-8.5840272,0,0,0,0.0,0.0
PGC083477              ,174.468834,21.7992605,0,0,0,0.0,0.0
PGC088489              ,96.3976245,-53.8498056,0,0,0,0.0,0.0
PGC094246              ,210.442938,-11.575875,0,0,0,0.0,0.0
PGC099489              ,203.4495555,-31.5559973,0,0,0,0.0,0.0
PGC112808              ,153.8562915,-5.5622778,0,0,0,0.0,0.0
PGC1259426             ,184.07286150000002,3.8400009,0,0,0,0.0,0.0
PGC128758              ,56.4450195,-57.0657827,0,0,0,0.0,0.0
PGC128847              ,316.400637,-52.3781087,0,0,0,0.0,0.0
PGC133317              ,327.88962449999997,-27.4529722,0,0,0,0.0,0.0
PGC057841              ,244.950708,5.1621928,0,0,0,0.0,0.0
PGC056249              ,238.0236315,20.1451866,0,0,0,0.0,0.0
ESO365-026             ,98.023053,-35.6236,0,0,0,0.0,0.0
PGC037309              ,178.4642415,-19.6632112,0,0,0,0.0,0.0
PGC012425              ,49.9458525,0.5845571,0,0,0,0.0,0.0
PGC013653              ,55.752162,-53.6383302,0,0,0,0.0,0.0
NGC1056                ,40.7012505,28.5740972,0,0,0,0.0,0.0
PGC015524              ,68.4075,-13.2616389,0,0,0,0.0,0.0
PGC026378              ,139.952322,-12.2462632,0,0,0,0.0,0.0
ESO351-021             ,13.7495835,-35.3213889,0,0,0,0.0,0.0
PGC030258              ,155.2237155,48.5234285,0,0,0,0.0,0.0
PGC032640              ,163.1192505,45.8892316,0,0,0,0.0,0.0
PGC034112              ,168.1706295,13.4174746,0,0,0,0.0,0.0
PGC034881              ,170.555343,24.3171434,0,0,0,0.0,0.0
PGC039311              ,184.145115,60.3647812,0,0,0,0.0,0.0
PGC055696              ,234.7613955,5.8408692,0,0,0,0.0,0.0
ESO349-009             ,359.252952,-34.6805324,0,0,0,0.0,0.0
ESO347-008             ,350.2046595,-41.7309355,0,0,0,0.0,0.0
NGC1167                ,45.426526499999994,35.2057302,0,0,0,0.0,0.0
PGC046821              ,200.990076,-31.6458445,0,0,0,0.0,0.0
ESO325-004             ,205.8883095,-38.1759864,0,0,0,0.0,0.0
PGC049116              ,207.604917,68.55475,0,0,0,0.0,0.0
PGC051362              ,215.6545095,59.9308869,0,0,0,0.0,0.0
NGC1172                ,45.400125,-14.8366111,0,0,0,0.0,0.0
PGC053422              ,224.225709,65.9344324,0,0,0,0.0,0.0
PGC054773              ,230.28492,30.5735904,0,0,0,0.0,0.0
PGC027171              ,143.476278,34.0618708,0,0,0,0.0,0.0
