,simbad_name,readable_name,filter,N,SRCEXP_TOT,t_diff_mean,t_diff_std,t_diff_n_sigma,MAG_MEAN,COI_SRC_RATE_MEAN
0,Holmberg_II_X-1,Holmberg II X-1,B,3,1113.0165,3439381.4094199985,176280.51520000398,19.51084273561234,17.691652,3.65841
1,Holmberg_II_X-1,Holmberg II X-1,U,98,128951.07,738408.4696302058,58016286.05578783,0.012727606674445864,16.512234,4.620734
2,Holmberg_II_X-1,Holmberg II X-1,UVM2,31,28976.518,-2119273.3659920017,99979717.29154345,-0.021197032992323287,15.887988,2.0141425
3,Holmberg_II_X-1,Holmberg II X-1,UVW1,52,56294.844,-1138372.7386121564,63055823.97028785,-0.018053411515938037,16.102509,3.0412874
4,Holmberg_II_X-1,Holmberg II X-1,UVW2,46,49854.383,-1350698.6119295545,83133385.42374825,-0.01624736686765204,15.79931,3.7369344
5,Holmberg_II_X-1,Holmberg II X-1,V,3,1356.9512,3439829.271510005,175908.71951001883,19.554626291928017,17.859121,1.0122714
6,M31_ULX-1,M31 ULX-1,B,3,751.09985,119747460.289585,119727211.39642501,1.0001691252383131,44.66614,2.7639267
7,M31_ULX-1,M31 ULX-1,U,36,91967.13,8982418.793720858,74420766.6374322,0.12069774606706182,28.76928,1.8588244
8,M31_ULX-1,M31 ULX-1,UVM2,84,153208.78,-610042.918226144,101708747.50367516,-0.0059979395400980694,32.478535,0.034186535
9,M31_ULX-1,M31 ULX-1,UVW1,373,951075.44,-127077.45124537619,33887380.26493267,-0.003749993367792979,19.19621,0.31910762
10,M31_ULX-1,M31 ULX-1,UVW2,76,168022.77,-2441607.1569893337,83653660.36138731,-0.02918709290713029,22.705683,0.104799725
11,M31_ULX-1,M31 ULX-1,V,3,751.14325,119747480.91286999,119727484.38119999,1.0001670170535475,43.80029,2.8650846
12,M82_X-2,M82 X-2,B,41,1801.2981,-7487453.35700725,45854677.8836244,-0.16328657625749382,15.365837,28.888168
13,M82_X-2,M82 X-2,U,81,129610.62,1399351.2150608748,30421091.49042093,0.045999375647041006,15.544909,11.669234
14,M82_X-2,M82 X-2,UVM2,108,203003.02,3506226.5367814954,39391205.090185285,0.08901039023188217,17.806343,0.3508388
15,M82_X-2,M82 X-2,UVW1,100,170293.66,261510.09155787845,37631932.67968691,0.006949153895012074,16.479103,2.0154645
16,M82_X-2,M82 X-2,UVW2,98,138955.14,2558514.836428763,29467779.898805372,0.08682414641397825,17.391079,0.7771136
17,M82_X-2,M82 X-2,V,41,1951.5417,-7487434.028711252,45854790.63026492,-0.16328575326150155,14.137541,27.745564
18,NAME_Holmberg_IX_X-1,Holmberg IX X-1,B,24,5947.8477,1342053.2853830417,75303388.44488797,0.017821950819188512,28.801523,2.4502897
19,NAME_Holmberg_IX_X-1,Holmberg IX X-1,U,43,50498.74,7027093.4721390465,102795716.38615823,0.06835978890152729,20.752182,0.56323546
20,NAME_Holmberg_IX_X-1,Holmberg IX X-1,UVM2,53,68601.73,-3011856.9317682693,116541714.4969695,-0.02584359552944957,19.650127,0.07661413
21,NAME_Holmberg_IX_X-1,Holmberg IX X-1,UVW1,132,129564.63,2263324.6236817553,47005449.451014765,0.04815026023823912,19.787937,0.2060449
22,NAME_Holmberg_IX_X-1,Holmberg IX X-1,UVW2,174,204856.0,1740231.3591379768,35753467.336538635,0.048673079529814686,20.10853,0.17492002
23,NAME_IC_10_X-1,IC10 X-1,U,119,185702.2,3388205.1520177126,37419957.000145346,0.09054540474230241,19.294048,0.35674298
24,NAME_IC_10_X-1,IC10 X-1,UVM2,5,25255.615,62903986.934737496,108386374.61451343,0.5803680320378053,22.131289,0.00722002
25,NAME_IC_10_X-1,IC10 X-1,UVW1,3,19651.12,337233.04868000746,1592.378989994526,211.77938844895633,20.003788,0.09373888
26,NAME_IC_10_X-1,IC10 X-1,UVW2,3,28760.797,342523.06772500277,4696.786565005779,72.92710941498387,21.614265,0.02021957
27,NAME_M101-ULX1,M101 ULX-1,B,57,8143.997,2741471.7061426784,18550121.856829412,0.14778726130757885,18.058685,2.4915376
28,NAME_M101-ULX1,M101 ULX-1,U,1,5134.603,,,,17.689915,1.779393
29,NAME_M101-ULX1,M101 ULX-1,UVM2,23,19461.99,-10259262.847564546,83053088.55824932,-0.12352656626814315,42.667633,0.23053138
30,NAME_M101-ULX1,M101 ULX-1,UVW1,5,9720.034,36449515.43600725,212657783.70027575,0.1713998650873741,34.021755,0.5509126
31,NAME_M101-ULX1,M101 ULX-1,UVW2,8,15987.086,20541782.809172858,47785797.148896106,0.4298721384759277,17.992268,0.59391296
32,NAME_M101-ULX1,M101 ULX-1,V,55,8528.866,2843027.2334383335,18882584.151817486,0.1505634615781488,17.565819,1.2277563
33,NAME_M83_ULX-1,M83 ULX-1,B,6,556.141,59083081.46506419,105367596.56690466,0.5607329329899685,16.551128,9.873969
34,NAME_M83_ULX-1,M83 ULX-1,U,31,59156.566,-7741045.356177336,54640825.33264144,-0.14167145735906328,16.75649,3.8549182
35,NAME_M83_ULX-1,M83 ULX-1,UVM2,20,31556.322,-12314953.538629472,76139911.18870091,-0.16174110721128604,18.253704,0.22980194
36,NAME_M83_ULX-1,M83 ULX-1,UVW1,10,16405.465,7143028.740067787,13420476.094381204,0.5322485349873975,17.405659,0.82721776
37,NAME_M83_ULX-1,M83 ULX-1,UVW2,8,15720.733,-32979336.923974283,101784016.57521112,-0.32401292495275924,18.096378,0.41434675
38,NAME_M83_ULX-1,M83 ULX-1,V,6,776.94336,59085169.366218194,105371813.83690624,0.5607303055224029,15.667119,6.952148
39,NAME_NGC_1313_X-1,NGC1313 X-1,B,5,1762.2272,49873452.71302751,62233386.0106924,0.8013938483832245,16.739809,8.50609
40,NAME_NGC_1313_X-1,NGC1313 X-1,U,280,300024.97,679009.8277170609,10969829.211445643,0.061897939760866945,17.028105,5.0541935
41,NAME_NGC_1313_X-1,NGC1313 X-1,UVM2,92,111240.99,2107886.5613578022,14020818.383873504,0.15033976645630442,16.631418,1.057943
42,NAME_NGC_1313_X-1,NGC1313 X-1,UVW1,49,57926.645,3966550.686979583,24323898.280260608,0.16307216225281326,16.561863,1.965769
43,NAME_NGC_1313_X-1,NGC1313 X-1,UVW2,58,72758.48,3358926.185742281,54632981.59463239,0.06148165609310788,16.628294,1.6772554
44,NAME_NGC_1313_X-2,NGC1313 X-2,B,5,1762.2272,49873452.71302751,62233386.0106924,0.8013938483832245,20.078136,0.4025456
45,NAME_NGC_1313_X-2,NGC1313 X-2,U,280,300024.97,679009.8277170609,10969829.211445643,0.061897939760866945,23.351898,0.37964618
46,NAME_NGC_1313_X-2,NGC1313 X-2,UVM2,93,111340.484,2084974.7509082607,14159186.594107041,0.1472524383410565,18.98928,0.12274608
47,NAME_NGC_1313_X-2,NGC1313 X-2,UVW1,49,57926.645,3966550.686979583,24323898.280260608,0.16307216225281326,18.990808,0.21185829
48,NAME_NGC_1313_X-2,NGC1313 X-2,UVW2,58,72758.48,3358926.185742281,54632981.59463239,0.06148165609310788,18.888325,0.21126248
49,NAME_NGC_1365-X1,NGC1365 X-1,B,62,5061.575,1304858.0820008195,37342153.830575004,0.03494329994785753,17.916382,2.8090737
50,NAME_NGC_1365-X1,NGC1365 X-1,U,9,16467.523,33311374.427226245,204653460.46831733,0.16276966121656772,18.175024,1.0554831
51,NAME_NGC_1365-X1,NGC1365 X-1,UVM2,51,64318.84,979734.5864420008,86161259.0804829,0.011370940918201237,18.889044,0.12943286
52,NAME_NGC_1365-X1,NGC1365 X-1,UVW1,4,5475.387,88939182.86694667,205811460.86508408,0.43213911651523196,18.756672,0.27509075
53,NAME_NGC_1365-X1,NGC1365 X-1,UVW2,12,17737.537,-8772901.015078181,126093497.99608408,-0.06957457088985373,18.798658,0.23861592
54,NAME_NGC_1365-X1,NGC1365 X-1,V,64,5792.0,1263431.057068888,36745368.06276472,0.034383410037173205,17.33128,1.509764
55,NAME_NGC_1365-X1,NGC1365 X-1,WHITE,1,1428.3634,,,,17.094706,16.919178
56,NAME_NGC_300_ULX1,NGC300 ULX-1,B,48,23987.623,-1108973.3024197894,73028062.63031991,-0.015185577468124755,17.231537,5.7494698
57,NAME_NGC_300_ULX1,NGC300 ULX-1,U,18,62382.074,22847621.180984706,81751463.4106028,0.27947660173654426,17.305588,2.3257787
58,NAME_NGC_300_ULX1,NGC300 ULX-1,UVM2,21,64726.645,1952344.6971684992,22863731.43927203,0.08539046665913168,18.017893,0.2723805
59,NAME_NGC_300_ULX1,NGC300 ULX-1,UVW1,28,106264.79,16421808.006663332,65395137.36098472,0.2511166528485758,17.719765,0.6337377
60,NAME_NGC_300_ULX1,NGC300 ULX-1,UVW2,32,102429.61,1257683.4560919385,91606564.12181795,0.013729184891373914,18.031181,0.41526675
61,NAME_NGC_300_ULX1,NGC300 ULX-1,V,49,26317.533,-1085866.81017479,71989886.96639892,-0.015083602099300632,16.72988,2.8428435
62,NAME_NGC_5907_ULX,NGC5907 ULX,U,147,242833.53,735968.8654126712,32151120.445255134,0.02289092433546233,17.814592,1.4092895
63,NAME_NGC_5907_ULX,NGC5907 ULX,UVM2,161,265164.56,671491.7698605001,23115234.581584785,0.02904974931102181,19.25685,0.08819908
64,NAME_NGC_5907_ULX,NGC5907 ULX,UVW1,98,167641.66,1108271.573570206,30337353.15600485,0.03653158427734621,19.426813,0.2750847
65,NAME_NGC_5907_ULX,NGC5907 ULX,UVW2,104,178221.17,1019717.325887378,28536728.15872431,0.035733505264359734,19.111559,0.15616359
66,NAME_NGC_7090_ULX3,NGC7090 ULX-3,B,2,518.15454,3182528.875939995,0.0,inf,17.255484,5.4283323
67,NAME_NGC_7090_ULX3,NGC7090 ULX-3,U,10,32184.035,28612364.4375,70347898.43879312,0.406726641058005,17.229656,2.4943728
68,NAME_NGC_7090_ULX3,NGC7090 ULX-3,UVM2,10,31996.87,28608161.150757775,94035831.30001788,0.30422617373886435,18.022745,0.2919882
69,NAME_NGC_7090_ULX3,NGC7090 ULX-3,UVW1,8,13938.343,35446919.31260144,55964398.62720223,0.6333833683932771,17.636185,0.7096298
70,NAME_NGC_7090_ULX3,NGC7090 ULX-3,UVW2,4,10194.277,81094400.10700667,104402098.79023126,0.7767506692556505,17.954945,0.47601372
71,NAME_NGC_7090_ULX3,NGC7090 ULX-3,V,2,268.5409,3188452.4231100082,0.0,inf,16.632359,3.0929275
72,NAME_NGC_7793_P13,NGC7793 P13,B,2,206.24326,16460722.465140045,0.0,inf,18.182507,2.0855818
73,NAME_NGC_7793_P13,NGC7793 P13,U,258,362038.72,1155530.5068889493,27590553.430160187,0.04188138196698146,17.899477,1.3074182
74,NAME_NGC_7793_P13,NGC7793 P13,UVM2,25,41834.72,6999746.935200416,58794700.3171793,0.11905404564423216,18.12345,0.26497865
75,NAME_NGC_7793_P13,NGC7793 P13,UVW1,14,26173.443,12865504.71937077,102639559.9843881,0.1253464523944536,18.034065,0.48714897
76,NAME_NGC_7793_P13,NGC7793 P13,UVW2,12,31417.545,8792483.897840906,88190776.40559489,0.09969845210800417,18.118189,0.41047883
77,NAME_NGC_925_ULX-1,NGC925 ULX-1,U,16,28460.934,-785703.7684599956,35561754.1210933,-0.022094066726420527,17.961567,1.2033284
78,NAME_NGC_925_ULX-1,NGC925 ULX-1,UVM2,29,40919.95,-701720.260378216,70297906.76412684,-0.00998209324685476,17.866499,0.32990083
79,NAME_NGC_925_ULX-1,NGC925 ULX-1,UVW1,27,51152.055,-437260.4849838477,53963183.70070859,-0.00810294083849812,17.892408,0.5202777
80,NAME_NGC_925_ULX-1,NGC925 ULX-1,UVW2,26,49411.742,-374054.53022119997,82474311.87734613,-0.004535406500602092,17.800514,0.5080289
81,NAME_NGC_925_ULX-2,NGC925 ULX-2,U,16,28460.934,-785703.7684599956,35561754.1210933,-0.022094066726420527,17.308142,2.1976757
82,NAME_NGC_925_ULX-2,NGC925 ULX-2,UVM2,29,40919.95,-701720.260378216,70297906.76412684,-0.00998209324685476,17.743166,0.3680812
83,NAME_NGC_925_ULX-2,NGC925 ULX-2,UVW1,27,51152.055,-437260.4849838477,53963183.70070859,-0.00810294083849812,17.548317,0.7122809
84,NAME_NGC_925_ULX-2,NGC925 ULX-2,UVW2,26,49411.742,-374054.53022119997,82474311.87734613,-0.004535406500602092,17.668144,0.5724583
85,NAME_UGC_6456_ULX,UGC6456 ULX,B,5,4160.7637,13249680.997555003,22498715.999242213,0.5889083180569624,18.355495,1.7521122
86,NAME_UGC_6456_ULX,UGC6456 ULX,U,6,9061.953,17075379.768522013,30711512.70955482,0.5559927942985889,17.447798,1.9440776
87,NAME_UGC_6456_ULX,UGC6456 ULX,UVM2,13,13657.01,24465733.576384168,40979565.6457301,0.597022764660108,16.905342,0.79554975
88,NAME_UGC_6456_ULX,UGC6456 ULX,UVW1,6,8038.317,18933277.105063997,22277773.679182876,0.8498729441154126,17.113466,1.0711061
89,NAME_UGC_6456_ULX,UGC6456 ULX,UVW2,4,6481.5845,1731519.5265900295,29059.740741586254,59.584823622053854,16.773405,1.2809544
90,NAME_UGC_6456_ULX,UGC6456 ULX,V,2,290.45407,0.0,0.0,,17.858541,0.8668688
91,NOVA_Cyg_1989,V404Cyg,B,22,3534.8777,10036078.975846143,41324759.87399214,0.24285873666170726,17.306826,32.36121
92,NOVA_Cyg_1989,V404Cyg,U,79,109592.74,-626690.8180966538,26315631.926521115,-0.023814393659498997,23.169415,11.031324
93,NOVA_Cyg_1989,V404Cyg,UVM2,16,14814.97,1302.1532226681709,58474084.034589365,2.226889474485661e-05,49.943626,0.05695733
94,NOVA_Cyg_1989,V404Cyg,UVW1,63,210893.92,652086.6792420966,32868645.262024265,0.019839171162783022,31.917416,0.035012733
95,NOVA_Cyg_1989,V404Cyg,UVW2,7,9602.163,-2473907.705906669,97858268.22916377,-0.025280517943698844,33.05778,0.008613997
96,NOVA_Cyg_1989,V404Cyg,V,24,4090.1907,9163359.802738218,39588303.300573595,0.23146634330765697,15.928908,31.132498
97,NOVA_Cyg_1989,V404Cyg,WHITE,3,3346.721,8192736.4697699845,8103034.728329986,1.0110701415515821,17.549208,11.443835
98,RX_J133001+47137,M51 ULX-7,B,66,9319.419,-903367.2827501545,82286205.89996368,-0.010978356249021723,16.213045,13.634922
99,RX_J133001+47137,M51 ULX-7,U,56,97117.84,-6321007.937150182,66585121.91202439,-0.09493123622273779,15.530762,11.474786
100,RX_J133001+47137,M51 ULX-7,UVM2,58,73506.52,-3650302.6991177215,94731477.56744242,-0.0385331549011146,15.288774,3.439155
101,RX_J133001+47137,M51 ULX-7,UVW1,33,65424.543,-5929787.662389064,74290302.06607835,-0.07981913516941616,15.331519,5.6484327
102,RX_J133001+47137,M51 ULX-7,UVW2,47,61527.176,-6993951.146869347,94724242.02816202,-0.0738348599800884,15.339312,5.0697103
103,RX_J133001+47137,M51 ULX-7,V,1,44.91245,,,,15.835459,6.5756803
104,SMC_X-3,SMC X-3,B,3,1052.2716,176238.8498700261,130401.00178998709,1.351514539388751,71.181984,7.7491183
105,SMC_X-3,SMC X-3,U,12,18799.215,-26512381.842013635,68163418.86242867,-0.3889532286448608,42.034813,48.590668
106,SMC_X-3,SMC X-3,UVM2,11,21487.084,-22848307.647676,64219076.05226069,-0.3557869258206445,20.782173,27.59601
107,SMC_X-3,SMC X-3,UVW1,6,9857.37,-11671889.27823999,28008749.29863852,-0.41672297301784017,27.636053,31.101393
108,SMC_X-3,SMC X-3,UVW2,2,3691.0842,360750.9783799648,0.0,inf,12.951826,44.31343
109,SMC_X-3,SMC X-3,V,4,1174.7817,118429.19329667091,167484.17134105685,0.7071067811865475,56.91697,6.9587646
110,SS433,SS433,B,7,2079.0303,47276202.47323183,88488311.82715829,0.5342649384652641,16.211805,14.3622265
111,SS433,SS433,U,5,7887.3022,-24107508.666745007,54244772.126625314,-0.4444208671477147,17.577215,1.9162964
112,SS433,SS433,UVM2,4,6657.412,5888145.775333325,4905618.494030215,1.2002861173364328,80.26996,-0.0016713117
113,SS433,SS433,UVW1,7,7894.0244,10532409.904013336,69103279.36132413,0.15241548594158524,18.826563,0.25375977
114,SS433,SS433,UVW2,4,4451.3486,4159464.7918233275,3617266.790267422,1.1498916261899006,19.924238,0.0788372
115,SS433,SS433,V,1,40.90951,,,,14.963987,14.654023
116,SWIFT_J0243.6+6124,Swift J0243.6+6124,B,31,5401.127,85110.14371796648,24297014.458715424,0.0035029054233219658,13.849672,112.67217
117,SWIFT_J0243.6+6124,Swift J0243.6+6124,U,27,30771.396,3361221.168601153,6105040.4027407,0.5505649343601755,13.454469,78.89155
118,SWIFT_J0243.6+6124,Swift J0243.6+6124,UVM2,38,27813.215,-50223.65779756855,8548306.358983207,-0.005875275836925256,15.887639,1.9401448
119,SWIFT_J0243.6+6124,Swift J0243.6+6124,UVW1,13,15582.282,4261677.889186665,5506952.671761526,0.7738722562551948,14.421469,12.897105
120,SWIFT_J0243.6+6124,Swift J0243.6+6124,UVW2,19,21277.605,2957106.1554166675,6929622.668173642,0.42673408019718867,15.505291,4.186245
121,SWIFT_J0243.6+6124,Swift J0243.6+6124,V,36,5609.882,72937.58407911402,22494759.469357934,0.0032424256048822677,12.847271,88.14163
122,SWIFT_J0243.6+6124,Swift J0243.6+6124,WHITE,1,530.34375,,,,13.910614,310.09894
123,[BBL2003b]_IC_342_X-2,IC342 ULX-2,B,1,440.8609,,,,20.742874,0.22016937
124,[BBL2003b]_IC_342_X-2,IC342 ULX-2,U,9,32871.848,19686406.5095625,55921022.39483557,0.35203945969665573,46.77569,-0.099039964
125,[BBL2003b]_IC_342_X-2,IC342 ULX-2,UVM2,12,16169.436,8112725.251534549,47643648.89834049,0.17027925944221975,73.43066,-0.007956303
126,[BBL2003b]_IC_342_X-2,IC342 ULX-2,UVW1,10,20187.545,11677952.54293222,39053173.95305755,0.29902697683341384,67.469894,0.013428587
127,[BBL2003b]_IC_342_X-2,IC342 ULX-2,UVW2,13,57594.293,7432275.764252499,17315762.63140004,0.42922023837257767,81.67432,-0.023431875
128,[BBL2003b]_IC_342_X-2,IC342 ULX-2,V,1,631.8256,,,,23.131218,0.007864624
129,[LB2005]_NGC_253_X2,NGC253 X-2,B,7,1124.9829,32381914.988788333,51705538.15228774,0.6262755624632365,15.6646185,22.689302
130,[LB2005]_NGC_253_X2,NGC253 X-2,U,6,2248.5867,11629802.068956006,23125861.902918696,0.5028916162250462,43.78102,4.2299843
131,[LB2005]_NGC_253_X2,NGC253 X-2,UVM2,1,976.2484,,,,19.072443,0.102625325
132,[LB2005]_NGC_253_X2,NGC253 X-2,UVW1,2,2304.977,-160025018.80515003,0.0,-inf,17.29373,0.97952044
133,[LB2005]_NGC_253_X2,NGC253 X-2,UVW2,1,970.4715,,,,18.294134,0.31880963
134,[LB2005]_NGC_253_X2,NGC253 X-2,V,7,653.73883,32384336.605110005,51704539.89672786,0.6263344895785342,14.566106,19.622854
135,[LB2005]_NGC_253_X9,NGC253 X-9,B,7,1124.9829,32381914.988788333,51705538.15228774,0.6262755624632365,17.046206,6.3554955
136,[LB2005]_NGC_253_X9,NGC253 X-9,U,6,2248.5867,11629802.068956006,23125861.902918696,0.5028916162250462,44.351837,1.9206284
137,[LB2005]_NGC_253_X9,NGC253 X-9,UVM2,1,976.2484,,,,17.890196,0.3048926
138,[LB2005]_NGC_253_X9,NGC253 X-9,UVW1,2,2304.977,-160025018.80515003,0.0,-inf,17.580528,0.75105584
139,[LB2005]_NGC_253_X9,NGC253 X-9,UVW2,1,970.4715,,,,17.83057,0.4885794
140,[LB2005]_NGC_253_X9,NGC253 X-9,V,7,653.73883,32384336.605110005,51704539.89672786,0.6263344895785342,16.294851,4.002549
141,[LB2005]_NGC_5236_X11,M83 ULX-2,B,6,556.141,59083081.46506419,105367596.56690466,0.5607329329899685,16.270365,13.322372
142,[LB2005]_NGC_5236_X11,M83 ULX-2,U,31,59156.566,-7741045.356177336,54640825.33264144,-0.14167145735906328,16.518282,5.0081077
143,[LB2005]_NGC_5236_X11,M83 ULX-2,UVM2,20,31556.322,-12314953.538629472,76139911.18870091,-0.16174110721128604,17.951632,0.31022996
144,[LB2005]_NGC_5236_X11,M83 ULX-2,UVW1,10,16405.465,7143028.740067787,13420476.094381204,0.5322485349873975,17.181068,1.0554466
145,[LB2005]_NGC_5236_X11,M83 ULX-2,UVW2,8,15720.733,-32979336.923974283,101784016.57521112,-0.32401292495275924,17.80421,0.5531982
146,[LB2005]_NGC_5236_X11,M83 ULX-2,V,6,776.94336,59085169.366218194,105371813.83690624,0.5607303055224029,15.440651,8.998347
147,[LB2005]_NGC_6946_ULX1,NGC6946 ULX-1,B,88,14876.758,981108.6255517235,44512417.82434902,0.022041234188250294,17.672676,3.3476236
148,[LB2005]_NGC_6946_ULX1,NGC6946 ULX-1,U,1,1630.519,,,,17.756014,1.4418905
149,[LB2005]_NGC_6946_ULX1,NGC6946 ULX-1,UVM2,13,4606.4053,3899409.4578716704,9483767.372880489,0.41116671303245067,19.461302,0.07538624
150,[LB2005]_NGC_6946_ULX1,NGC6946 ULX-1,UVW1,1,440.24188,,,,18.413218,0.3283214
151,[LB2005]_NGC_6946_ULX1,NGC6946 ULX-1,UVW2,1,68.09624,,,,18.818298,0.19538717
152,[LB2005]_NGC_6946_ULX1,NGC6946 ULX-1,V,92,13939.254,938010.5793168129,43523492.0743663,0.02155182258156316,16.803625,2.309642
153,[LB2005]_NGC_6946_ULX3,NGC6946 ULX-3,B,88,14876.758,981108.6255517235,44512417.82434902,0.022041234188250294,18.803339,1.2088536
154,[LB2005]_NGC_6946_ULX3,NGC6946 ULX-3,U,1,1630.519,,,,18.332117,0.8483056
155,[LB2005]_NGC_6946_ULX3,NGC6946 ULX-3,UVM2,13,4606.4053,3899409.4578716704,9483767.372880489,0.41116671303245067,31.918308,0.05229283
156,[LB2005]_NGC_6946_ULX3,NGC6946 ULX-3,UVW1,1,440.24188,,,,18.805481,0.22880188
157,[LB2005]_NGC_6946_ULX3,NGC6946 ULX-3,UVW2,1,68.09624,,,,19.077911,0.15382169
158,[LB2005]_NGC_6946_ULX3,NGC6946 ULX-3,V,92,13939.254,938010.5793168129,43523492.0743663,0.02155182258156316,18.185154,0.67775565
159,[LM2005]_IC_342_ULX1,IC342 ULX-1,B,1,440.8609,,,,19.253382,0.8680903
160,[LM2005]_IC_342_ULX1,IC342 ULX-1,U,11,33588.83,15783004.381074006,50613448.478612304,0.3118342032699752,19.626848,0.36117253
161,[LM2005]_IC_342_ULX1,IC342 ULX-1,UVM2,12,16169.436,8112725.251534549,47643648.89834049,0.17027925944221975,34.515766,0.014356874
162,[LM2005]_IC_342_ULX1,IC342 ULX-1,UVW1,10,20187.545,11677952.54293222,39053173.95305755,0.29902697683341384,20.343967,0.095003925
163,[LM2005]_IC_342_ULX1,IC342 ULX-1,UVW2,13,57594.293,7432275.764252499,17315762.63140004,0.42922023837257767,27.861166,0.016739806
164,[LM2005]_IC_342_ULX1,IC342 ULX-1,V,1,631.8256,,,,18.364285,0.634544
165,[LM2005]_NGC_1042_ULX1,NGC1042 ULX-1,B,5,1171.0356,61108285.223255,104374170.91867895,0.5854732515275862,66.44924,1.5134265
166,[LM2005]_NGC_1042_ULX1,NGC1042 ULX-1,U,8,6790.162,28635643.13067143,86080416.62356068,0.3326615303908009,29.353783,0.2976771
167,[LM2005]_NGC_1042_ULX1,NGC1042 ULX-1,UVM2,2,2112.5896,214980108.81959,0.0,inf,59.13295,0.045135412
168,[LM2005]_NGC_1042_ULX1,NGC1042 ULX-1,UVW1,4,3294.5176,87436868.80122,111016409.17627062,0.7876031070540996,59.131355,0.07601628
169,[LM2005]_NGC_1042_ULX1,NGC1042 ULX-1,UVW2,4,4141.045,60926849.36914334,108071448.41605924,0.5637645304297569,39.251022,0.10057524
170,[LM2005]_NGC_1042_ULX1,NGC1042 ULX-1,V,5,1171.0358,61108269.4640975,104374116.98130108,0.585473403095187,66.202545,0.82310677
171,[LM2005]_NGC_247_ULX1,NGC247 ULX-1,B,1,178.46614,,,,17.897787,2.6943035
172,[LM2005]_NGC_247_ULX1,NGC247 ULX-1,U,21,33743.867,-2746504.5876399996,41109389.93257806,-0.06680966543518249,17.326685,2.166814
173,[LM2005]_NGC_247_ULX1,NGC247 ULX-1,UVM2,69,61370.062,-787673.6564205885,30657097.74546853,-0.02569302753183855,17.076172,0.66733015
174,[LM2005]_NGC_247_ULX1,NGC247 ULX-1,UVW1,53,47708.953,-1022177.876896347,26346545.730748247,-0.03879741531746207,17.176296,1.0036234
175,[LM2005]_NGC_247_ULX1,NGC247 ULX-1,UVW2,25,34262.656,-2258705.0419925004,15457409.810194649,-0.14612441992078215,17.09986,0.9516151
176,[LM2005]_NGC_247_ULX1,NGC247 ULX-1,V,1,178.477,,,,17.53822,1.1624845
177,[LM2005]_NGC_3031_ULX1,M81 X-6,B,86,9966.631,-1898843.3391795298,46284314.423779316,-0.04102563390685049,19.316435,1.8206892
178,[LM2005]_NGC_3031_ULX1,M81 X-6,U,43,47123.98,336542.0759345236,95723247.59152602,0.0035157820529724305,31.380491,0.8552776
179,[LM2005]_NGC_3031_ULX1,M81 X-6,UVM2,52,45539.816,-3070912.9500382356,99188309.6958308,-0.030960432327715285,35.74545,0.1197584
180,[LM2005]_NGC_3031_ULX1,M81 X-6,UVW1,132,86415.16,2244947.676505725,31686393.469757713,0.07084894904964048,21.57305,0.33880505
181,[LM2005]_NGC_3031_ULX1,M81 X-6,UVW2,314,317460.2,1100267.619532939,25209005.55724545,0.043645816057060034,21.004436,0.26245567
182,[LM2005]_NGC_3031_ULX1,M81 X-6,V,85,9581.755,-1921445.41616369,46555708.99881357,-0.04127196121559777,18.60653,1.1148069
183,[LM2005]_NGC_4395_ULX1,NGC4395 ULX-1,B,138,56547.688,706608.7582259781,23702614.18191289,0.02981142724607907,18.827198,1.27837
184,[LM2005]_NGC_4395_ULX1,NGC4395 ULX-1,U,12,11768.703,-56192.38861272552,32743284.78895811,-0.0017161500128928743,18.142263,1.1265858
185,[LM2005]_NGC_4395_ULX1,NGC4395 ULX-1,UVM2,42,34883.117,-18106.71201707241,40623586.04382426,-0.0004457191937102523,17.712942,0.37765956
186,[LM2005]_NGC_4395_ULX1,NGC4395 ULX-1,UVW1,13,13193.084,-24189.585158333182,48266699.30174359,-0.0005011650995049367,17.904833,0.6055506
187,[LM2005]_NGC_4395_ULX1,NGC4395 ULX-1,UVW2,45,47755.66,502641.3062231595,17079178.66962692,0.029430063116386334,17.749765,0.658262
188,[LM2005]_NGC_4395_ULX1,NGC4395 ULX-1,V,1,110.09042,,,,18.431856,0.5660319
189,[LM2005]_NGC_4559_ULX1,NGC4559 ULX-1,B,7,1653.3556,-31720075.142661665,103981863.40097043,-0.30505392099335693,18.342167,1.9024103
190,[LM2005]_NGC_4559_ULX1,NGC4559 ULX-1,U,15,16448.9,2319452.348211425,1975497.9800181128,1.1741102100191256,17.283892,2.2145035
191,[LM2005]_NGC_4559_ULX1,NGC4559 ULX-1,UVM2,12,14642.379,-20778722.880473636,75222084.12879615,-0.27623168277145926,16.643867,0.9686335
192,[LM2005]_NGC_4559_ULX1,NGC4559 ULX-1,UVW1,46,36006.527,-340012.62857977813,11812273.249592753,-0.028784690414395943,16.84476,1.3602536
193,[LM2005]_NGC_4559_ULX1,NGC4559 ULX-1,UVW2,10,15945.134,3335606.069522222,2610813.285364755,1.2776118798768128,16.612186,1.485072
194,[LM2005]_NGC_4559_ULX1,NGC4559 ULX-1,V,10,1862.7264,-21146878.188712224,86207781.84712689,-0.24530126788567874,18.406652,0.5852639
195,[LM2005]_NGC_4559_ULX1,NGC4559 ULX-1,WHITE,1,704.4272,,,,19.63273,1.6455442
196,[LM2005]_NGC_5204_ULX1,NGC5204 ULX-1,U,35,94597.42,1320373.4158420581,3333830.2398582473,0.39605298435897557,16.345457,5.6886673
197,[LM2005]_NGC_5204_ULX1,NGC5204 ULX-1,UVM2,21,22614.86,3695251.117675501,21613347.114587925,0.17097079402298554,16.096851,1.6662505
198,[LM2005]_NGC_5204_ULX1,NGC5204 ULX-1,UVW1,3,8337.633,3644966.153634995,1930277.8153750002,1.8883116847752186,16.237192,2.559566
199,[LM2005]_NGC_5204_ULX1,NGC5204 ULX-1,UVW2,6,16844.252,8774930.795154,13078915.630126316,0.6709218901100329,16.093876,2.6141708
200,[LM2005]_NGC_5408_ULX1,NGC5408 ULX-1,UVM2,147,139392.22,2246963.5337935616,18108604.408490945,0.12408264508445403,15.905036,2.0845015
201,[LM2005]_NGC_598_ULX1,M33 ULX-1,U,4,28388.746,-63706317.735329986,104037546.39180544,-0.6123396787484008,14.355551,36.61705
202,[LM2005]_NGC_598_ULX1,M33 ULX-1,UVM2,3,3708.48,-56447982.552489996,306899161.36983997,-0.18393006452195973,42.79394,4.254834
203,[LM2005]_NGC_598_ULX1,M33 ULX-1,UVW1,5,11796.629,-19770876.135609984,35489757.51761904,-0.5570868193673808,14.414061,13.008313
204,[LM2005]_NGC_598_ULX1,M33 ULX-1,UVW2,2,12034.266,10700933.212689996,0.0,inf,14.634415,10.844345
205,[SK2009]_X2,NGC1365 X-2,B,62,5061.575,1304858.0820008195,37342153.830575004,0.03494329994785753,16.4121,11.547515
206,[SK2009]_X2,NGC1365 X-2,U,9,16467.523,33311374.427226245,204653460.46831733,0.16276966121656772,15.790974,9.771648
207,[SK2009]_X2,NGC1365 X-2,UVM2,51,64318.84,979734.5864420008,86161259.0804829,0.011370940918201237,15.698933,2.5278335
208,[SK2009]_X2,NGC1365 X-2,UVW1,4,5475.387,88939182.86694667,205811460.86508408,0.43213911651523196,15.781538,4.319316
209,[SK2009]_X2,NGC1365 X-2,UVW2,12,17737.537,-8772901.015078181,126093497.99608408,-0.06957457088985373,15.703952,4.215315
210,[SK2009]_X2,NGC1365 X-2,V,64,5792.0,1263431.057068888,36745368.06276472,0.034383410037173205,16.090828,4.8764205
211,[SK2009]_X2,NGC1365 X-2,WHITE,1,1428.3634,,,,15.811462,57.09694
212,[SRW2006b]_NGC_55_ULX,NGC55 ULX,B,3,67.3035,168846.65836000443,75903.06489002705,2.224503827409864,17.846773,2.9954164
213,[SRW2006b]_NGC_55_ULX,NGC55 ULX,U,20,38521.656,5767747.314709475,65760517.15603907,0.087708363074815,17.411953,2.1056652
214,[SRW2006b]_NGC_55_ULX,NGC55 ULX,UVM2,29,48417.145,3873674.906335714,65872378.733157665,0.058805754108677,20.75597,0.29141587
215,[SRW2006b]_NGC_55_ULX,NGC55 ULX,UVW1,36,46139.21,3111186.239438285,53130912.54000252,0.05855698859107414,17.76792,0.59519815
216,[SRW2006b]_NGC_55_ULX,NGC55 ULX,UVW2,15,20999.902,7706200.3787635695,91261742.40569858,0.0844406448488143,17.873224,0.48554188
217,[SRW2006b]_NGC_55_ULX,NGC55 ULX,V,3,57.660778,170219.04676499963,74530.50249496102,2.2838843301305807,17.027765,1.9975668
218,[SST2011]_J141939.39+564137.8,NGC5585 ULX,UVM2,16,6905.5596,2136693.456539333,3513818.1322895563,0.6080831096249971,18.958237,0.11803569
219,[WMR2006]_NGC4945_XMM1,NGC4945 XMM-1,B,3,694.5031,80311.47734999657,31264.041249990463,2.568813056118299,17.274809,4.5722795
220,[WMR2006]_NGC4945_XMM1,NGC4945 XMM-1,U,3,694.5683,80327.047549963,31283.36264002323,2.5677242077293307,17.427565,1.9286127
221,[WMR2006]_NGC4945_XMM1,NGC4945 XMM-1,UVM2,39,46526.7,-3410461.160797367,70123471.91620779,-0.04863508704863627,19.08346,0.106149755
222,[WMR2006]_NGC4945_XMM1,NGC4945 XMM-1,UVW1,22,23686.473,-10187379.155958094,45641110.41174243,-0.2232062073874765,21.937391,0.3430671
223,[WMR2006]_NGC4945_XMM1,NGC4945 XMM-1,UVW2,36,37618.293,-260469.0572962863,65110730.466664635,-0.004000401399729975,23.361244,0.1608804
224,[WMR2006]_NGC4945_XMM1,NGC4945 XMM-1,V,3,625.9182,90141.56255996227,21259.387689948082,4.240082728374309,16.318901,3.4859354
