OBSID,STATUS,NAME,RA,DEC,TIME,DURATION,PI_LNAME,PI_FNAME,PUBLIC_DATE,DATA_IN_HEASARC,SEARCH_OFFSET_,SEARCH_NAME
0693060401,ARCHIVED,ESO 243-49 HLX-1,17.61792,-46.07286,56254.0968518518,53917,FARRELL,SEAN,56636,Y,0.000 (ESO 243-49 HLX-1),ESO_243-49_HLX-1
0801310101,ARCHIVED,ESO 243-49,17.61791,-46.07286,57890.9599305556,130600,GODET,OLIVIER,58281,Y,0.001 (ESO 243-49 HLX-1),ESO_243-49_HLX-1
0693060301,ARCHIVED,ESO 243-49 HLX-1,17.61791,-46.07286,56476.9888078704,140800,FARRELL,SEAN,56899,Y,0.001 (ESO 243-49 HLX-1),ESO_243-49_HLX-1
0655510201,ARCHIVED,ESO 243-49 HLX-1,17.61788,-46.07286,55330.3576736111,106321,FARRELL,SEAN,55720,Y,0.002 (ESO 243-49 HLX-1),ESO_243-49_HLX-1
0560180901,ARCHIVED,2XMMJ011028.1-460421,17.61745,-46.07267,54798.3270023148,50914,SCHARTEL (PS),NORBERT,55003,Y,0.022 (ESO 243-49 HLX-1),ESO_243-49_HLX-1
0844030101,ARCHIVED,2MASX J01110461-4558,17.76983,-45.97869,59215.5692708333,24000,LIN,DACHENG,59599,Y,8.484 (ESO 243-49 HLX-1),ESO_243-49_HLX-1
0891802101,PROCESSED,2MASX J01110461-4558,17.76983,-45.96786,59534.6885763889,18000,SCHARTEL (PS),NORBERT,59722,N,8.930 (ESO 243-49 HLX-1),ESO_243-49_HLX-1
0204540201,ARCHIVED,IC 1633,17.48126,-45.93083,53332.5191435185,22119,FORMAN,WILLIAM,53718,Y,10.250 (ESO 243-49 HLX-1),ESO_243-49_HLX-1
0870930901,ARCHIVED,HOLMBERG IX X-1,149.47203,69.06339,59171.3047685185,5020,WALTON,DOMINIC,59565,Y,0.000 (NAME HOLMBERG IX X-1),NAME_Holmberg_IX_X-1
0870930601,ARCHIVED,HOLMBERG IX X-1,149.47203,69.06339,59139.394537037,8000,WALTON,DOMINIC,59565,Y,0.000 (NAME HOLMBERG IX X-1),NAME_Holmberg_IX_X-1
0870930501,ARCHIVED,HOLMBERG IX X-1,149.47203,69.06339,59171.3628703704,27000,WALTON,DOMINIC,59565,Y,0.000 (NAME HOLMBERG IX X-1),NAME_Holmberg_IX_X-1
0870930401,ARCHIVED,HOLMBERG IX X-1,149.47203,69.06339,59159.3942708333,27000,WALTON,DOMINIC,59565,Y,0.000 (NAME HOLMBERG IX X-1),NAME_Holmberg_IX_X-1
0870930301,ARCHIVED,HOLMBERG IX X-1,149.47203,69.06339,59151.4174537037,27000,WALTON,DOMINIC,59565,Y,0.000 (NAME HOLMBERG IX X-1),NAME_Holmberg_IX_X-1
0870930101,ARCHIVED,HOLMBERG IX X-1,149.47203,69.06339,59139.4871296296,24000,WALTON,DOMINIC,59565,Y,0.000 (NAME HOLMBERG IX X-1),NAME_Holmberg_IX_X-1
0843840101,ARCHIVED,HOLMBERG IX,149.47203,69.06339,58925.9924652778,27000,ISRAEL,GIANLUCA,59317,Y,0.000 (NAME HOLMBERG IX X-1),NAME_Holmberg_IX_X-1
0870930801,ARCHIVED,HOLMBERG IX X-1,149.47203,69.06339,59159.338587963,4811,WALTON,DOMINIC,59565,Y,0.000 (NAME HOLMBERG IX X-1),NAME_Holmberg_IX_X-1
0870931001,ARCHIVED,HOLMBERG IX X-1,149.47203,69.06339,59177.3507523148,26400,WALTON,DOMINIC,59565,Y,0.000 (NAME HOLMBERG IX X-1),NAME_Holmberg_IX_X-1
0870930701,ARCHIVED,HOLMBERG IX X-1,149.47203,69.06339,59151.3599421296,4969,WALTON,DOMINIC,59565,Y,0.000 (NAME HOLMBERG IX X-1),NAME_Holmberg_IX_X-1
0693850801,ARCHIVED,HOLMBERG IX X-1,149.47167,69.06342,56223.1785069444,14115,HARRISON,FIONA,56629,Y,0.008 (NAME HOLMBERG IX X-1),NAME_Holmberg_IX_X-1
0693851101,ARCHIVED,HOLMBERG IX X-1,149.47167,69.06342,56247.1198842593,13316,HARRISON,FIONA,56629,Y,0.008 (NAME HOLMBERG IX X-1),NAME_Holmberg_IX_X-1
0693851701,ARCHIVED,HOLMBERG IX X-1,149.47167,69.06342,56243.1277893518,9918,HARRISON,FIONA,56629,Y,0.008 (NAME HOLMBERG IX X-1),NAME_Holmberg_IX_X-1
0693850901,ARCHIVED,HOLMBERG IX X-1,149.47167,69.06342,56225.172962963,14014,HARRISON,FIONA,56629,Y,0.008 (NAME HOLMBERG IX X-1),NAME_Holmberg_IX_X-1
0693851801,ARCHIVED,HOLMBERG IX X-1,149.47167,69.06342,56245.1216087963,13817,HARRISON,FIONA,56629,Y,0.008 (NAME HOLMBERG IX X-1),NAME_Holmberg_IX_X-1
0693851001,ARCHIVED,HOLMBERG IX X-1,149.47167,69.06342,56227.1699305556,13916,HARRISON,FIONA,56629,Y,0.008 (NAME HOLMBERG IX X-1),NAME_Holmberg_IX_X-1
0200980101,ARCHIVED,HOLMBERG IX,149.47167,69.06384,53274.2887962963,119166,STROHMAYER,TOD,53664,Y,0.028 (NAME HOLMBERG IX X-1),NAME_Holmberg_IX_X-1
0112521101,ARCHIVED,HOLMBERG IX,149.47084,69.06111,52380.703912037,11518,WATSON,MICHAEL,52791,Y,0.139 (NAME HOLMBERG IX X-1),NAME_Holmberg_IX_X-1
0112521001,ARCHIVED,HOLMBERG IX,149.47084,69.06111,52374.7071064815,10705,WATSON,MICHAEL,52791,Y,0.139 (NAME HOLMBERG IX X-1),NAME_Holmberg_IX_X-1
0657802201,ARCHIVED,HOLMBERG IX X-1,149.17999,69.06400,55888.0290625,23913,SAZONOV,SERGEY,56268,Y,6.262 (NAME HOLMBERG IX X-1),NAME_Holmberg_IX_X-1
0657801601,ARCHIVED,HOLMBERG IX X-1,149.17999,69.06400,55668.6310648148,21097,SAZONOV,SERGEY,56268,Y,6.262 (NAME HOLMBERG IX X-1),NAME_Holmberg_IX_X-1
0657801801,ARCHIVED,HOLMBERG IX X-1,149.17999,69.06400,55830.1791435185,25393,SAZONOV,SERGEY,56268,Y,6.262 (NAME HOLMBERG IX X-1),NAME_Holmberg_IX_X-1
0657802001,ARCHIVED,HOLMBERG IX X-1,149.17999,69.06400,55644.6529398148,27461,SAZONOV,SERGEY,56268,Y,6.262 (NAME HOLMBERG IX X-1),NAME_Holmberg_IX_X-1
0870900201,ARCHIVED,M81 SOUTH,149.05871,68.94347,59169.3645949074,27000,ZEZAS,ANDREAS,59552,Y,11.434 (NAME HOLMBERG IX X-1),NAME_Holmberg_IX_X-1
0870900401,ARCHIVED,M81 SOUTH,149.05871,68.94347,59169.3099652778,4720,ZEZAS,ANDREAS,59552,Y,11.434 (NAME HOLMBERG IX X-1),NAME_Holmberg_IX_X-1
0111800301,ARCHIVED,M81,148.88751,69.06528,52021.3222222222,8027,BRINKMAN,BERT,52555,Y,12.532 (NAME HOLMBERG IX X-1),NAME_Holmberg_IX_X-1
0111800101,ARCHIVED,M81,148.88751,69.06528,52021.419837963,132663,BRINKMAN,BERT,52555,Y,12.532 (NAME HOLMBERG IX X-1),NAME_Holmberg_IX_X-1
0872392501,ARCHIVED,FRB 20200120E,149.48333,68.82555,59334.8990046296,27000,SCHARTEL (PS),NORBERT,59538,Y,14.272 (NAME HOLMBERG IX X-1),NAME_Holmberg_IX_X-1
0872392601,ARCHIVED,FRB 20200120E,149.48333,68.82555,59348.8631597222,30000,SCHARTEL (PS),NORBERT,59538,Y,14.272 (NAME HOLMBERG IX X-1),NAME_Holmberg_IX_X-1
0872393001,ARCHIVED,FRB 20200120E,149.48333,68.82555,59348.8124652778,4380,SCHARTEL (PS),NORBERT,59538,Y,14.272 (NAME HOLMBERG IX X-1),NAME_Holmberg_IX_X-1
0872392701,ARCHIVED,FRB 20200120E,149.48333,68.82555,59334.8489467593,4325,SCHARTEL (PS),NORBERT,59538,Y,14.272 (NAME HOLMBERG IX X-1),NAME_Holmberg_IX_X-1
0872392401,ARCHIVED,FRB 20200120E,149.48333,68.82555,59314.9459259259,23000,SCHARTEL (PS),NORBERT,59538,Y,14.272 (NAME HOLMBERG IX X-1),NAME_Holmberg_IX_X-1
0843840201,ARCHIVED,HOLMBERG II,124.87078,70.70539,58931.9745833333,19000,ISRAEL,GIANLUCA,59324,Y,0.000 (HOLMBERG II X-1),Holmberg_II_X-1
0200470101,ARCHIVED,HOII X-1,124.87083,70.70539,53110.8393865741,104677,GOAD,MICHAEL,53533,Y,0.001 (HOLMBERG II X-1),Holmberg_II_X-1
0864551201,PROCESSED,HO II X-1,124.87083,70.70536,59316.9315393519,25000,MIDDLETON,MATTHEW,59717,N,0.002 (HOLMBERG II X-1),Holmberg_II_X-1
0724810101,ARCHIVED,HOLMBERG II X-1,124.87083,70.70536,56544.2613078704,15268,HARRISON,FIONA,56931,Y,0.002 (HOLMBERG II X-1),Holmberg_II_X-1
0864550501,PROCESSED,HO II X-1,124.87083,70.70536,59292.9826388889,23000,MIDDLETON,MATTHEW,59717,N,0.002 (HOLMBERG II X-1),Holmberg_II_X-1
0864550601,PROCESSED,HO II X-1,124.87083,70.70536,59296.9824189815,26000,MIDDLETON,MATTHEW,59717,N,0.002 (HOLMBERG II X-1),Holmberg_II_X-1
0864550201,PROCESSED,HO II X-1,124.87083,70.70536,59281.0233680556,26300,MIDDLETON,MATTHEW,59717,N,0.002 (HOLMBERG II X-1),Holmberg_II_X-1
0864550301,PROCESSED,HO II X-1,124.87083,70.70536,59285.0171296296,25900,MIDDLETON,MATTHEW,59717,N,0.002 (HOLMBERG II X-1),Holmberg_II_X-1
0724810301,ARCHIVED,HOLMBERG II X-1,124.87083,70.70536,56552.2403356481,15000,HARRISON,FIONA,56931,Y,0.002 (HOLMBERG II X-1),Holmberg_II_X-1
0864550801,PROCESSED,HO II X-1,124.87083,70.70536,59308.9524768519,26000,MIDDLETON,MATTHEW,59717,N,0.002 (HOLMBERG II X-1),Holmberg_II_X-1
0864550701,PROCESSED,HO II X-1,124.87083,70.70536,59300.9689467593,20500,MIDDLETON,MATTHEW,59717,N,0.002 (HOLMBERG II X-1),Holmberg_II_X-1
0864551101,PROCESSED,HO II X-1,124.87083,70.70536,59304.9626157407,25300,MIDDLETON,MATTHEW,59717,N,0.002 (HOLMBERG II X-1),Holmberg_II_X-1
0864550901,PROCESSED,HO II X-1,124.87083,70.70536,59312.9481712963,26000,MIDDLETON,MATTHEW,59717,N,0.002 (HOLMBERG II X-1),Holmberg_II_X-1
0864550401,PROCESSED,HO II X-1,124.87083,70.70536,59288.9948148148,27000,MIDDLETON,MATTHEW,59717,N,0.002 (HOLMBERG II X-1),Holmberg_II_X-1
0561580401,ARCHIVED,HOLMBERG II X1,124.87076,70.70536,55281.3894444444,53852,SCHARTEL (PS),NORBERT,55490,Y,0.002 (HOLMBERG II X-1),Holmberg_II_X-1
0112520601,ARCHIVED,HOLMBERG II,124.87083,70.70639,52374.5217476852,12640,WATSON,MICHAEL,52926,Y,0.060 (HOLMBERG II X-1),Holmberg_II_X-1
0112522301,ARCHIVED,HOLMBERG II,124.87083,70.70639,52380.4633333333,3147,WATSON,MICHAEL,52926,Y,0.060 (HOLMBERG II X-1),Holmberg_II_X-1
0112520701,ARCHIVED,HOLMBERG II,124.87083,70.70639,52380.5044675926,13869,WATSON,MICHAEL,52926,Y,0.060 (HOLMBERG II X-1),Holmberg_II_X-1
0112520901,ARCHIVED,HOLMBERG II,124.87083,70.70639,52535.0904282407,6888,WATSON,MICHAEL,52926,Y,0.060 (HOLMBERG II X-1),Holmberg_II_X-1
0112522201,ARCHIVED,HOLMBERG II,124.87083,70.70639,52374.4779513889,3148,WATSON,MICHAEL,52926,Y,0.060 (HOLMBERG II X-1),Holmberg_II_X-1
0727960401,ARCHIVED,CXOM31 J004252.467+4,10.71875,41.27533,56479.3091898148,12000,SCHARTEL (PS),NORBERT,56679,Y,2.142 (M31 ULX-1),M31_ULX-1
0112570401,ARCHIVED,M31 CORE,10.67916,41.26278,51720.3421412037,46012,WATSON,MICHAEL,52219,Y,2.358 (M31 ULX-1),M31_ULX-1
0112570601,ARCHIVED,M31 CORE,10.67916,41.26278,51906.0010763889,13310,WATSON,MICHAEL,51962,Y,2.358 (M31 ULX-1),M31_ULX-1
0112570501,ARCHIVED,M31 CORE,10.67916,41.26278,51720.2820949074,4709,WATSON,MICHAEL,52688,Y,2.358 (M31 ULX-1),M31_ULX-1
0109270101,ARCHIVED,M31CORE,10.67916,41.26278,52089.2606134259,57903,MASON,KEITH,52685,Y,2.358 (M31 ULX-1),M31_ULX-1
0109270501,ARCHIVED,M31CORE,10.67916,41.26278,52089.1361689815,10611,MASON,KEITH,52685,Y,2.358 (M31 ULX-1),M31_ULX-1
0112570701,ARCHIVED,M31 CORE,10.67916,41.26278,52280.6935185185,4517,WATSON,MICHAEL,52678,Y,2.358 (M31 ULX-1),M31_ULX-1
0112570101,ARCHIVED,M31 CORE,10.67916,41.26278,52280.7506481481,64317,WATSON,MICHAEL,52678,Y,2.358 (M31 ULX-1),M31_ULX-1
0600660401,ARCHIVED,M31,10.68458,41.26928,55211.5136921296,17216,PIETSCH,WOLFGANG,55621,Y,2.433 (M31 ULX-1),M31_ULX-1
0551690201,ARCHIVED,M31,10.68458,41.26928,54830.1275925926,21916,PIETSCH,WOLFGANG,55260,Y,2.433 (M31 ULX-1),M31_ULX-1
0551690301,ARCHIVED,M31,10.68458,41.26928,54840.247037037,21918,PIETSCH,WOLFGANG,55260,Y,2.433 (M31 ULX-1),M31_ULX-1
0551690601,ARCHIVED,M31,10.68458,41.26928,54866.5395138889,26917,PIETSCH,WOLFGANG,55260,Y,2.433 (M31 ULX-1),M31_ULX-1
0405320501,ARCHIVED,M31,10.68458,41.26928,53918.5929513889,21913,PIETSCH,WOLFGANG,54706,Y,2.433 (M31 ULX-1),M31_ULX-1
0505720201,ARCHIVED,M31,10.68458,41.26928,54463.5544791667,27541,PIETSCH,WOLFGANG,54900,Y,2.433 (M31 ULX-1),M31_ULX-1
0505720301,ARCHIVED,M31,10.68458,41.26928,54473.2759143518,27219,PIETSCH,WOLFGANG,54900,Y,2.433 (M31 ULX-1),M31_ULX-1
0505720401,ARCHIVED,M31,10.68458,41.26928,54483.6166666667,22817,PIETSCH,WOLFGANG,54900,Y,2.433 (M31 ULX-1),M31_ULX-1
0505720501,ARCHIVED,M31,10.68458,41.26928,54492.919849537,21818,PIETSCH,WOLFGANG,54900,Y,2.433 (M31 ULX-1),M31_ULX-1
0505720601,ARCHIVED,M31,10.68458,41.26928,54503.1892939815,21915,PIETSCH,WOLFGANG,54900,Y,2.433 (M31 ULX-1),M31_ULX-1
0600660201,ARCHIVED,M31,10.68458,41.26928,55193.5129861111,18820,PIETSCH,WOLFGANG,55621,Y,2.433 (M31 ULX-1),M31_ULX-1
0600660301,ARCHIVED,M31,10.68458,41.26928,55203.3072222222,17316,PIETSCH,WOLFGANG,55621,Y,2.433 (M31 ULX-1),M31_ULX-1
0674210201,ARCHIVED,M31,10.68458,41.26928,55923.0310069444,20917,PIETSCH,WOLFGANG,56340,Y,2.433 (M31 ULX-1),M31_ULX-1
0674210301,ARCHIVED,M31,10.68458,41.26928,55933.1000462963,17317,PIETSCH,WOLFGANG,56340,Y,2.433 (M31 ULX-1),M31_ULX-1
0674210401,ARCHIVED,M31,10.68458,41.26928,55941.60875,19916,PIETSCH,WOLFGANG,56340,Y,2.433 (M31 ULX-1),M31_ULX-1
0674210501,ARCHIVED,M31,10.68458,41.26928,55947.4986226852,17317,PIETSCH,WOLFGANG,56340,Y,2.433 (M31 ULX-1),M31_ULX-1
0674210601,ARCHIVED,M31,10.68458,41.26928,55957.080162037,25957,PIETSCH,WOLFGANG,56340,Y,2.433 (M31 ULX-1),M31_ULX-1
0600660501,ARCHIVED,M31,10.68458,41.26928,55221.0937847222,19715,PIETSCH,WOLFGANG,55621,Y,2.433 (M31 ULX-1),M31_ULX-1
0650560701,ARCHIVED,M31,10.68458,41.26928,55565.6227777778,9028,PIETSCH,WOLFGANG,55993,Y,2.433 (M31 ULX-1),M31_ULX-1
0600660601,ARCHIVED,M31,10.68458,41.26928,55229.0954398148,17317,PIETSCH,WOLFGANG,55621,Y,2.433 (M31 ULX-1),M31_ULX-1
0650560501,ARCHIVED,M31,10.68458,41.26928,55586.2858101852,23917,PIETSCH,WOLFGANG,55993,Y,2.433 (M31 ULX-1),M31_ULX-1
0650560401,ARCHIVED,M31,10.68458,41.26928,55575.9949652778,24316,PIETSCH,WOLFGANG,55993,Y,2.433 (M31 ULX-1),M31_ULX-1
0650560301,ARCHIVED,M31,10.68458,41.26928,55565.7403703704,33415,PIETSCH,WOLFGANG,55993,Y,2.433 (M31 ULX-1),M31_ULX-1
0650560201,ARCHIVED,M31,10.68458,41.26928,55556.4131828704,26921,PIETSCH,WOLFGANG,55993,Y,2.433 (M31 ULX-1),M31_ULX-1
0405320901,ARCHIVED,M31,10.68458,41.26928,54136.1391435185,16914,PIETSCH,WOLFGANG,54706,Y,2.433 (M31 ULX-1),M31_ULX-1
0405320801,ARCHIVED,M31,10.68458,41.26928,54116.4745138889,13913,PIETSCH,WOLFGANG,54706,Y,2.433 (M31 ULX-1),M31_ULX-1
0650560601,ARCHIVED,M31,10.68458,41.26928,55595.9819791667,23918,PIETSCH,WOLFGANG,55993,Y,2.433 (M31 ULX-1),M31_ULX-1
0551690401,ARCHIVED,M31,10.68458,41.26928,54846.8865509259,27117,PIETSCH,WOLFGANG,55260,Y,2.433 (M31 ULX-1),M31_ULX-1
0405320701,ARCHIVED,M31,10.68458,41.26928,54100.5838194444,15918,PIETSCH,WOLFGANG,54706,Y,2.433 (M31 ULX-1),M31_ULX-1
0551690501,ARCHIVED,M31,10.68458,41.26928,54858.2909143519,21912,PIETSCH,WOLFGANG,55260,Y,2.433 (M31 ULX-1),M31_ULX-1
0405320601,ARCHIVED,M31,10.68458,41.26928,53956.4990740741,21918,PIETSCH,WOLFGANG,54706,Y,2.433 (M31 ULX-1),M31_ULX-1
0202230401,ARCHIVED,RX J0042.6+4115,10.66074,41.26772,53204.9927083333,21911,BARNARD,ROBIN,53600,Y,3.214 (M31 ULX-1),M31_ULX-1
0202230501,ARCHIVED,RX J0042.6+4115,10.66074,41.26772,53205.533599537,27309,BARNARD,ROBIN,53600,Y,3.214 (M31 ULX-1),M31_ULX-1
0202230301,ARCHIVED,RX J0042.6+4115,10.66074,41.26772,53203.505474537,29286,BARNARD,ROBIN,53600,Y,3.214 (M31 ULX-1),M31_ULX-1
0202230201,ARCHIVED,RX J0042.6+4115,10.66074,41.26772,53202.6785300926,20219,BARNARD,ROBIN,53600,Y,3.214 (M31 ULX-1),M31_ULX-1
0560180101,ARCHIVED,M31N 2007-12B,10.83307,41.22961,54665.2422453704,21914,SCHARTEL (PS),NORBERT,54665,Y,5.072 (M31 ULX-1),M31_ULX-1
0764030301,ARCHIVED,M31N 1963-09C,10.74082,41.13675,57403.7373148148,22400,HENZE,MARTIN,57802,Y,6.238 (M31 ULX-1),M31_ULX-1
0764030401,ARCHIVED,M31N 1963-09C,10.74082,41.13675,57427.4725,13000,HENZE,MARTIN,57802,Y,6.238 (M31 ULX-1),M31_ULX-1
0790830101,ARCHIVED,SWIFT J0042.6+4112,10.88332,41.22064,57774.1887615741,63000,YUKITA,MIHOKO,58205,Y,7.393 (M31 ULX-1),M31_ULX-1
0761970101,ARCHIVED,M31-NUSTAR-A,10.90833,41.32194,57200.0733912037,43800,HORNSCHEMEIER,ANN,57588,Y,9.765 (M31 ULX-1),M31_ULX-1
0700380501,ARCHIVED,XMMU J004243.6+412,10.68207,41.42181,56136.6196990741,11914,SCHARTEL (PS),NORBERT,56340,Y,11.070 (M31 ULX-1),M31_ULX-1
0700380601,ARCHIVED,XMMU J004243.6+412,10.68207,41.42181,56147.9472800926,23916,SCHARTEL (PS),NORBERT,56340,Y,11.070 (M31 ULX-1),M31_ULX-1
0744350901,ARCHIVED,M31N 2014-02A,10.86150,41.39258,57054.0002662037,12876,HENZE,MARTIN,57436,Y,11.135 (M31 ULX-1),M31_ULX-1
0744350301,ARCHIVED,M31N 2014-02A,10.86150,41.39258,56878.8665625,24799,HENZE,MARTIN,57436,Y,11.135 (M31 ULX-1),M31_ULX-1
0729560101,ARCHIVED,SWIFTJ004327.6+41045,10.86542,41.08139,56670.9291782407,23000,SCHARTEL (PS),NORBERT,56860,Y,11.511 (M31 ULX-1),M31_ULX-1
0655620301,ARCHIVED,M31 DISK NOVAE,10.93970,41.13186,55774.2272569444,34115,HENZE,MARTIN,56158,Y,11.788 (M31 ULX-1),M31_ULX-1
0141980501,ARCHIVED,M33_1,23.46251,30.66028,52661.8019328704,13913,PIETSCH,WOLFGANG,53055,Y,0.023 ([LM2005] NGC 598 ULX1),[LM2005]_NGC_598_ULX1
0141980801,ARCHIVED,M33_1,23.46251,30.66028,52682.637337963,10420,PIETSCH,WOLFGANG,53084,Y,0.023 ([LM2005] NGC 598 ULX1),[LM2005]_NGC_598_ULX1
0102641801,ARCHIVED,M33_1_C.CAL,23.46251,30.66028,51760.0108333333,17850,ASCHENBACH,BERND,52623,Y,0.023 ([LM2005] NGC 598 ULX1),[LM2005]_NGC_598_ULX1
0102640101,ARCHIVED,M33_1,23.46251,30.66028,51760.2202777778,18560,ASCHENBACH,BERND,52623,Y,0.023 ([LM2005] NGC 598 ULX1),[LM2005]_NGC_598_ULX1
0800350201,ARCHIVED,M33 FIELD-2,23.43903,30.64694,57957.7659606481,24000,LEHMER,BRET,58333,Y,1.430 ([LM2005] NGC 598 ULX1),[LM2005]_NGC_598_ULX1
0650510201,ARCHIVED,M33-FIELD2,23.42520,30.58147,55388.290625,101920,WILLIAMS,BENJAMIN,55775,Y,5.091 ([LM2005] NGC 598 ULX1),[LM2005]_NGC_598_ULX1
0102640601,ARCHIVED,M33_6,23.53334,30.76833,52095.6263078704,12357,ASCHENBACH,BERND,52623,Y,7.458 ([LM2005] NGC 598 ULX1),[LM2005]_NGC_598_ULX1
0141980301,ARCHIVED,M33_6,23.53334,30.76833,52845.2402662037,25115,PIETSCH,WOLFGANG,53250,Y,7.458 ([LM2005] NGC 598 ULX1),[LM2005]_NGC_598_ULX1
0102642301,ARCHIVED,M33_15,23.38751,30.55194,52301.4052893519,12864,ASCHENBACH,BERND,52623,Y,7.550 ([LM2005] NGC 598 ULX1),[LM2005]_NGC_598_ULX1
0831590201,ARCHIVED,M33 X-7,23.39220,30.53647,58681.6520138889,16495,OSKINOVA,LIDA,59083,Y,8.253 ([LM2005] NGC 598 ULX1),[LM2005]_NGC_598_ULX1
0831590401,ARCHIVED,M33 X-7,23.39220,30.53647,58677.6957407407,21000,OSKINOVA,LIDA,59083,Y,8.253 ([LM2005] NGC 598 ULX1),[LM2005]_NGC_598_ULX1
0650510101,ARCHIVED,M33-FIELD1,23.54187,30.78147,55386.2950462963,101916,WILLIAMS,BENJAMIN,55770,Y,8.361 ([LM2005] NGC 598 ULX1),[LM2005]_NGC_598_ULX1
0800350101,ARCHIVED,M33 FIELD-1,23.33836,30.57022,57955.3263888889,23000,LEHMER,BRET,58331,Y,8.363 ([LM2005] NGC 598 ULX1),[LM2005]_NGC_598_ULX1
0800350301,ARCHIVED,M33 FIELD-3,23.56058,30.81689,57967.2940856482,25000,LEHMER,BRET,58351,Y,10.687 ([LM2005] NGC 598 ULX1),[LM2005]_NGC_598_ULX1
0102642101,ARCHIVED,M33_13,23.64166,30.56972,52299.474212963,12869,ASCHENBACH,BERND,52623,Y,10.745 ([LM2005] NGC 598 ULX1),[LM2005]_NGC_598_ULX1
0141980101,ARCHIVED,M33_10,23.27916,30.75056,52831.6703935185,16717,PIETSCH,WOLFGANG,53250,Y,10.883 ([LM2005] NGC 598 ULX1),[LM2005]_NGC_598_ULX1
0102641001,ARCHIVED,M33_10,23.27916,30.75056,52098.1564583333,13113,ASCHENBACH,BERND,52623,Y,10.883 ([LM2005] NGC 598 ULX1),[LM2005]_NGC_598_ULX1
0102640401,ARCHIVED,M33_4,23.21250,30.61361,51758.5218865741,14113,ASCHENBACH,BERND,52623,Y,13.183 ([LM2005] NGC 598 ULX1),[LM2005]_NGC_598_ULX1
0141980601,ARCHIVED,M33_4,23.21250,30.61361,52662.82625,13919,PIETSCH,WOLFGANG,53055,Y,13.183 ([LM2005] NGC 598 ULX1),[LM2005]_NGC_598_ULX1
0102642001,ARCHIVED,M33_8,23.71250,30.70611,52136.3156597222,12102,ASCHENBACH,BERND,52623,Y,13.213 ([LM2005] NGC 598 ULX1),[LM2005]_NGC_598_ULX1
0102640801,ARCHIVED,M33_8,23.71250,30.70611,52097.7947916667,13106,ASCHENBACH,BERND,52623,Y,13.213 ([LM2005] NGC 598 ULX1),[LM2005]_NGC_598_ULX1
0141980401,ARCHIVED,M33_3,23.38333,30.87028,52663.20125,13949,PIETSCH,WOLFGANG,53055,Y,13.244 ([LM2005] NGC 598 ULX1),[LM2005]_NGC_598_ULX1
0102640301,ARCHIVED,M33_3,23.38333,30.87028,51763.0443171296,14862,ASCHENBACH,BERND,52623,Y,13.244 ([LM2005] NGC 598 ULX1),[LM2005]_NGC_598_ULX1
0102640701,ARCHIVED,M33_7,23.54168,30.45000,52095.7999189815,12356,ASCHENBACH,BERND,52623,Y,13.264 ([LM2005] NGC 598 ULX1),[LM2005]_NGC_598_ULX1
0672190401,ARCHIVED,M33-FIELD4,23.72979,30.69292,55936.5927083333,6530,WILLIAMS,BENJAMIN,56336,Y,13.954 ([LM2005] NGC 598 ULX1),[LM2005]_NGC_598_ULX1
0672190301,ARCHIVED,M33-FIELD4,23.72979,30.69292,55936.6814699074,127673,WILLIAMS,BENJAMIN,56336,Y,13.954 ([LM2005] NGC 598 ULX1),[LM2005]_NGC_598_ULX1
0650510601,ARCHIVED,M33-FIELD6,23.57637,30.43811,55420.0638657407,128934,WILLIAMS,BENJAMIN,55814,Y,14.574 ([LM2005] NGC 598 ULX1),[LM2005]_NGC_598_ULX1
0830191601,ARCHIVED,M 51,202.50375,47.22889,58284.0585763889,63000,SCHARTEL (PS),NORBERT,58471,Y,0.019 (RX J133001+47137),RX_J133001+47137
0830191501,ARCHIVED,M 51,202.50375,47.22889,58282.0687847222,63000,SCHARTEL (PS),NORBERT,58471,Y,0.019 (RX J133001+47137),RX_J133001+47137
0830191401,ARCHIVED,M 51,202.50375,47.22889,58263.8520601852,98000,SCHARTEL (PS),NORBERT,58471,Y,0.019 (RX J133001+47137),RX_J133001+47137
0824450901,ARCHIVED,M51,202.50375,47.22889,58251.8880439815,78000,ISRAEL,GIAN LUCA,58637,Y,0.019 (RX J133001+47137),RX_J133001+47137
0883550101,PROCESSED,M51 ULX-7,202.50375,47.22900,59540.3666435185,130400,ISRAEL,GIANLUCA,59968,N,0.021 (RX J133001+47137),RX_J133001+47137
0883550201,PROCESSED,M51 ULX-7,202.50375,47.22900,59542.3615509259,130200,ISRAEL,GIANLUCA,59968,N,0.021 (RX J133001+47137),RX_J133001+47137
0883550301,PROCESSED,M51 ULX-7,202.50375,47.22900,59586.2231597222,131400,ISRAEL,GIANLUCA,59968,N,0.021 (RX J133001+47137),RX_J133001+47137
0883550401,ARCHIVED,M51 ULX-7,202.50375,47.22900,59540.2771759259,7730,ISRAEL,GIANLUCA,59568,Y,0.021 (RX J133001+47137),RX_J133001+47137
0883550501,ARCHIVED,M51 ULX-7,202.50375,47.22900,59542.2721759259,7722,ISRAEL,GIANLUCA,59568,Y,0.021 (RX J133001+47137),RX_J133001+47137
0852030101,ARCHIVED,M 51,202.48320,47.23333,58675.4496064815,77000,BRIGHTMAN,MURRAY,59072,Y,0.897 (RX J133001+47137),RX_J133001+47137
0112840201,ARCHIVED,M51,202.46835,47.19828,52654.5506365741,20916,GRIFFITHS,RICHARD,53055,Y,2.346 (RX J133001+47137),RX_J133001+47137
0212480901,ARCHIVED,SN2005CS,202.46985,47.17658,53552.8590625,3482,SCHARTEL (PS),NORBERT,54263,Y,3.435 (RX J133001+47137),RX_J133001+47137
0212480801,ARCHIVED,SN2005CS,202.46985,47.17658,53552.2763888889,49214,SCHARTEL (PS),NORBERT,54263,Y,3.435 (RX J133001+47137),RX_J133001+47137
0303420301,ARCHIVED,M51,202.46625,47.17561,53875.9108449074,8082,DEWANGAN,GULAB,54263,Y,3.550 (RX J133001+47137),RX_J133001+47137
0303420401,ARCHIVED,M51,202.46625,47.17561,53879.9058101852,7428,DEWANGAN,GULAB,54263,Y,3.550 (RX J133001+47137),RX_J133001+47137
0303420101,ARCHIVED,M51,202.46625,47.17561,53875.2715393519,54114,DEWANGAN,GULAB,54263,Y,3.550 (RX J133001+47137),RX_J133001+47137
0303420201,ARCHIVED,M51,202.46625,47.17561,53879.466724537,36809,DEWANGAN,GULAB,54263,Y,3.550 (RX J133001+47137),RX_J133001+47137
0677980701,ARCHIVED,SN2011DH,202.52130,47.16981,55719.2061226852,13319,SCHARTEL (PS),NORBERT,55915,Y,3.611 (RX J133001+47137),RX_J133001+47137
0677980801,ARCHIVED,SN2011DH,202.52130,47.16981,55723.1957986111,13317,SCHARTEL (PS),NORBERT,55915,Y,3.611 (RX J133001+47137),RX_J133001+47137
0111800101,ARCHIVED,M81,148.88751,69.06528,52021.419837963,132663,BRINKMAN,BERT,52555,Y,3.357 ([LM2005] NGC 3031 ULX1),[LM2005]_NGC_3031_ULX1
0111800301,ARCHIVED,M81,148.88751,69.06528,52021.3222222222,8027,BRINKMAN,BERT,52555,Y,3.357 ([LM2005] NGC 3031 ULX1),[LM2005]_NGC_3031_ULX1
0870900401,ARCHIVED,M81 SOUTH,149.05871,68.94347,59169.3099652778,4720,ZEZAS,ANDREAS,59552,Y,5.406 ([LM2005] NGC 3031 ULX1),[LM2005]_NGC_3031_ULX1
0870900201,ARCHIVED,M81 SOUTH,149.05871,68.94347,59169.3645949074,27000,ZEZAS,ANDREAS,59552,Y,5.406 ([LM2005] NGC 3031 ULX1),[LM2005]_NGC_3031_ULX1
0657802001,ARCHIVED,HOLMBERG IX X-1,149.17999,69.06400,55644.6529398148,27461,SAZONOV,SERGEY,56268,Y,7.088 ([LM2005] NGC 3031 ULX1),[LM2005]_NGC_3031_ULX1
0657801801,ARCHIVED,HOLMBERG IX X-1,149.17999,69.06400,55830.1791435185,25393,SAZONOV,SERGEY,56268,Y,7.088 ([LM2005] NGC 3031 ULX1),[LM2005]_NGC_3031_ULX1
0657801601,ARCHIVED,HOLMBERG IX X-1,149.17999,69.06400,55668.6310648148,21097,SAZONOV,SERGEY,56268,Y,7.088 ([LM2005] NGC 3031 ULX1),[LM2005]_NGC_3031_ULX1
0657802201,ARCHIVED,HOLMBERG IX X-1,149.17999,69.06400,55888.0290625,23913,SAZONOV,SERGEY,56268,Y,7.088 ([LM2005] NGC 3031 ULX1),[LM2005]_NGC_3031_ULX1
0870900101,ARCHIVED,M81 NORTH,148.72566,69.18847,59167.3765393519,27000,ZEZAS,ANDREAS,59548,Y,11.292 ([LM2005] NGC 3031 ULX1),[LM2005]_NGC_3031_ULX1
0870900301,ARCHIVED,M81 NORTH,148.72566,69.18847,59167.3155555556,5269,ZEZAS,ANDREAS,59548,Y,11.292 ([LM2005] NGC 3031 ULX1),[LM2005]_NGC_3031_ULX1
0112521101,ARCHIVED,HOLMBERG IX,149.47084,69.06111,52380.703912037,11518,WATSON,MICHAEL,52791,Y,12.907 ([LM2005] NGC 3031 ULX1),[LM2005]_NGC_3031_ULX1
0112521001,ARCHIVED,HOLMBERG IX,149.47084,69.06111,52374.7071064815,10705,WATSON,MICHAEL,52791,Y,12.907 ([LM2005] NGC 3031 ULX1),[LM2005]_NGC_3031_ULX1
0693851701,ARCHIVED,HOLMBERG IX X-1,149.47167,69.06342,56243.1277893518,9918,HARRISON,FIONA,56629,Y,12.958 ([LM2005] NGC 3031 ULX1),[LM2005]_NGC_3031_ULX1
0693850901,ARCHIVED,HOLMBERG IX X-1,149.47167,69.06342,56225.172962963,14014,HARRISON,FIONA,56629,Y,12.958 ([LM2005] NGC 3031 ULX1),[LM2005]_NGC_3031_ULX1
0693851801,ARCHIVED,HOLMBERG IX X-1,149.47167,69.06342,56245.1216087963,13817,HARRISON,FIONA,56629,Y,12.958 ([LM2005] NGC 3031 ULX1),[LM2005]_NGC_3031_ULX1
0693851001,ARCHIVED,HOLMBERG IX X-1,149.47167,69.06342,56227.1699305556,13916,HARRISON,FIONA,56629,Y,12.958 ([LM2005] NGC 3031 ULX1),[LM2005]_NGC_3031_ULX1
0693850801,ARCHIVED,HOLMBERG IX X-1,149.47167,69.06342,56223.1785069444,14115,HARRISON,FIONA,56629,Y,12.958 ([LM2005] NGC 3031 ULX1),[LM2005]_NGC_3031_ULX1
0693851101,ARCHIVED,HOLMBERG IX X-1,149.47167,69.06342,56247.1198842593,13316,HARRISON,FIONA,56629,Y,12.958 ([LM2005] NGC 3031 ULX1),[LM2005]_NGC_3031_ULX1
0200980101,ARCHIVED,HOLMBERG IX,149.47167,69.06384,53274.2887962963,119166,STROHMAYER,TOD,53664,Y,12.964 ([LM2005] NGC 3031 ULX1),[LM2005]_NGC_3031_ULX1
0870930301,ARCHIVED,HOLMBERG IX X-1,149.47203,69.06339,59151.4174537037,27000,WALTON,DOMINIC,59565,Y,12.965 ([LM2005] NGC 3031 ULX1),[LM2005]_NGC_3031_ULX1
0870930101,ARCHIVED,HOLMBERG IX X-1,149.47203,69.06339,59139.4871296296,24000,WALTON,DOMINIC,59565,Y,12.965 ([LM2005] NGC 3031 ULX1),[LM2005]_NGC_3031_ULX1
0870930401,ARCHIVED,HOLMBERG IX X-1,149.47203,69.06339,59159.3942708333,27000,WALTON,DOMINIC,59565,Y,12.965 ([LM2005] NGC 3031 ULX1),[LM2005]_NGC_3031_ULX1
0870930501,ARCHIVED,HOLMBERG IX X-1,149.47203,69.06339,59171.3628703704,27000,WALTON,DOMINIC,59565,Y,12.965 ([LM2005] NGC 3031 ULX1),[LM2005]_NGC_3031_ULX1
0870930601,ARCHIVED,HOLMBERG IX X-1,149.47203,69.06339,59139.394537037,8000,WALTON,DOMINIC,59565,Y,12.965 ([LM2005] NGC 3031 ULX1),[LM2005]_NGC_3031_ULX1
0843840101,ARCHIVED,HOLMBERG IX,149.47203,69.06339,58925.9924652778,27000,ISRAEL,GIANLUCA,59317,Y,12.965 ([LM2005] NGC 3031 ULX1),[LM2005]_NGC_3031_ULX1
0870930801,ARCHIVED,HOLMBERG IX X-1,149.47203,69.06339,59159.338587963,4811,WALTON,DOMINIC,59565,Y,12.965 ([LM2005] NGC 3031 ULX1),[LM2005]_NGC_3031_ULX1
0870931001,ARCHIVED,HOLMBERG IX X-1,149.47203,69.06339,59177.3507523148,26400,WALTON,DOMINIC,59565,Y,12.965 ([LM2005] NGC 3031 ULX1),[LM2005]_NGC_3031_ULX1
0870930901,ARCHIVED,HOLMBERG IX X-1,149.47203,69.06339,59171.3047685185,5020,WALTON,DOMINIC,59565,Y,12.965 ([LM2005] NGC 3031 ULX1),[LM2005]_NGC_3031_ULX1
0870930701,ARCHIVED,HOLMBERG IX X-1,149.47203,69.06339,59151.3599421296,4969,WALTON,DOMINIC,59565,Y,12.965 ([LM2005] NGC 3031 ULX1),[LM2005]_NGC_3031_ULX1
0891060101,PROCESSED,M82 X-2,148.96266,69.67930,59504.4984143519,29500,BACHETTI,MATTEO,416422,N,0.000 (M82 X-2),M82_X-2
0891060501,ARCHIVED,M82 X-2,148.96266,69.67930,59504.3728356482,10850,BACHETTI,MATTEO,59512,Y,0.000 (M82 X-2),M82_X-2
0870940401,PROCESSED,M82 X-2,148.96266,69.67928,59320.9326388889,32000,BACHETTI,MATTEO,59731,N,0.002 (M82 X-2),M82_X-2
0870940501,PROCESSED,M82 X-2,148.96266,69.67928,59320.8867824074,3962,BACHETTI,MATTEO,59731,N,0.002 (M82 X-2),M82_X-2
0870940101,PROCESSED,M82 X-2,148.96266,69.67928,59310.9471527778,33000,BACHETTI,MATTEO,59731,N,0.002 (M82 X-2),M82_X-2
0560590101,ARCHIVED,M82 ULX,148.95917,69.67973,54742.8630439815,31914,FENG,HUA,55348,Y,0.077 (M82 X-2),M82_X-2
0560590301,ARCHIVED,M82 ULX,148.95917,69.67973,54950.3495486111,52974,FENG,HUA,55348,Y,0.077 (M82 X-2),M82_X-2
0560590201,ARCHIVED,M82 ULX,148.95917,69.67973,54938.4434606481,44642,FENG,HUA,55348,Y,0.077 (M82 X-2),M82_X-2
0112290201,ARCHIVED,M82,148.95833,69.67917,52035.3842361111,30558,TURNER,MARTIN,52475,Y,0.091 (M82 X-2),M82_X-2
0112290401,ARCHIVED,M82,148.95833,69.67917,52035.2616898148,10211,TURNER,MARTIN,52475,Y,0.091 (M82 X-2),M82_X-2
0657802101,ARCHIVED,M82 X-1,148.95800,69.67900,55828.2147222222,22843,SAZONOV,SERGEY,56268,Y,0.099 (M82 X-2),M82_X-2
0657801901,ARCHIVED,M82 X-1,148.95800,69.67900,55680.5528472222,28219,SAZONOV,SERGEY,56268,Y,0.099 (M82 X-2),M82_X-2
0657800101,ARCHIVED,M82 X-1,148.95800,69.67900,55638.6888541667,26657,SAZONOV,SERGEY,56268,Y,0.099 (M82 X-2),M82_X-2
0657802301,ARCHIVED,M82 X-1,148.95800,69.67900,55886.0342708333,23914,SAZONOV,SERGEY,56268,Y,0.099 (M82 X-2),M82_X-2
0657801701,ARCHIVED,M82 X-1,148.95800,69.67900,55660.6090277778,23836,SAZONOV,SERGEY,56268,Y,0.099 (M82 X-2),M82_X-2
0560181301,ARCHIVED,M82,148.96750,69.67973,54924.7069907407,27353,SCHARTEL (PS),NORBERT,55348,Y,0.104 (M82 X-2),M82_X-2
0206080101,ARCHIVED,M82,148.96750,69.67973,53116.9003703704,104353,RANALLI,PIERO,53538,Y,0.104 (M82 X-2),M82_X-2
0865260301,PROCESSED,SDSSJ024052-082827,40.21744,-8.47428,59243.186412037,25000,SVOBODA,JIRI,59641,N,7.680 ([LM2005] NGC 1042 ULX1),[LM2005]_NGC_1042_ULX1
0093630101,ARCHIVED,NGC 1052,40.27000,-8.25583,52136.0726388889,16308,WEAVER,KIMBERLY,52545,Y,13.317 ([LM2005] NGC 1042 ULX1),[LM2005]_NGC_1042_ULX1
0891800401,ARCHIVED,NGC 1052,40.26999,-8.25578,59411.7883680556,28300,SCHARTEL (PS),NORBERT,59600,Y,13.319 ([LM2005] NGC 1042 ULX1),[LM2005]_NGC_1042_ULX1
0790980101,ARCHIVED,NGC 1052,40.26999,-8.25578,57770.0871643519,70500,RIVERS,ELIZABETH,58205,Y,13.319 ([LM2005] NGC 1042 ULX1),[LM2005]_NGC_1042_ULX1
0553300501,ARCHIVED,NGC1052,40.27000,-8.25578,54845.6869907407,8010,KADLER,MATTHIAS,55448,Y,13.319 ([LM2005] NGC 1042 ULX1),[LM2005]_NGC_1042_ULX1
0553300401,ARCHIVED,NGC1052,40.27000,-8.25578,55055.1366087963,59018,KADLER,MATTHIAS,55448,Y,13.319 ([LM2005] NGC 1042 ULX1),[LM2005]_NGC_1042_ULX1
0553300301,ARCHIVED,NGC1052,40.27000,-8.25578,54845.7927430556,52319,KADLER,MATTHIAS,55448,Y,13.319 ([LM2005] NGC 1042 ULX1),[LM2005]_NGC_1042_ULX1
0306230101,ARCHIVED,NGC 1052,40.27000,-8.25575,53747.1166087963,54909,KADLER,MATTHIAS,54134,Y,13.321 ([LM2005] NGC 1042 ULX1),[LM2005]_NGC_1042_ULX1
0803990301,ARCHIVED,NGC 1313 X-1,49.58333,-66.48636,57996.6280902778,137220,PINTO,CIRO,58479,Y,0.000 (NAME NGC 1313 X-1),NAME_NGC_1313_X-1
0803990201,ARCHIVED,NGC 1313 X-1,49.58333,-66.48636,57924.8791666667,133800,PINTO,CIRO,58479,Y,0.000 (NAME NGC 1313 X-1),NAME_NGC_1313_X-1
0803990101,ARCHIVED,NGC 1313 X-1,49.58333,-66.48636,57918.8613541667,137100,PINTO,CIRO,58479,Y,0.000 (NAME NGC 1313 X-1),NAME_NGC_1313_X-1
0803990501,ARCHIVED,NGC 1313 X-1,49.58333,-66.48636,58094.4363541667,128900,PINTO,CIRO,58479,Y,0.000 (NAME NGC 1313 X-1),NAME_NGC_1313_X-1
0803990601,ARCHIVED,NGC 1313 X-1,49.58333,-66.48636,58096.4306597222,128900,PINTO,CIRO,58479,Y,0.000 (NAME NGC 1313 X-1),NAME_NGC_1313_X-1
0803990701,ARCHIVED,NGC 1313 X-1,49.58333,-66.48636,58020.7144212963,123982,PINTO,CIRO,58479,Y,0.000 (NAME NGC 1313 X-1),NAME_NGC_1313_X-1
0803990401,ARCHIVED,NGC 1313 X-1,49.58333,-66.48636,57998.7207175926,128825,PINTO,CIRO,58479,Y,0.000 (NAME NGC 1313 X-1),NAME_NGC_1313_X-1
0794580601,ARCHIVED,NGC 1313 X-1,49.58333,-66.48638,57841.2243518519,47500,SCHARTEL (PS),NORBERT,58030,Y,0.001 (NAME NGC 1313 X-1),NAME_NGC_1313_X-1
0693852201,ARCHIVED,NGC 1313,49.58250,-66.48600,56283.5740740741,6000,HARRISON,FIONA,56671,Y,0.029 (NAME NGC 1313 X-1),NAME_NGC_1313_X-1
0693852101,ARCHIVED,NGC 1313,49.58250,-66.48600,56277.5806365741,6327,HARRISON,FIONA,56671,Y,0.029 (NAME NGC 1313 X-1),NAME_NGC_1313_X-1
0693851201,ARCHIVED,NGC 1313,49.58250,-66.48600,56283.6566087963,125213,HARRISON,FIONA,56671,Y,0.029 (NAME NGC 1313 X-1),NAME_NGC_1313_X-1
0693850501,ARCHIVED,NGC 1313,49.58250,-66.48600,56277.6669560185,125219,HARRISON,FIONA,56671,Y,0.029 (NAME NGC 1313 X-1),NAME_NGC_1313_X-1
0742590301,ARCHIVED,NGC 1313 X-1,49.56687,-66.49825,56843.9425115741,62999,BACHETTI,MATTEO,57219,Y,0.815 (NAME NGC 1313 X-1),NAME_NGC_1313_X-1
0106860101,ARCHIVED,NGC 1313,49.55833,-66.50000,51834.0411805556,42416,ASCHENBACH,BERND,52511,Y,1.014 (NAME NGC 1313 X-1),NAME_NGC_1313_X-1
0405090101,ARCHIVED,NGC1313,49.55832,-66.50000,54023.9892708333,123154,DEWANGAN,GULAB,54424,Y,1.014 (NAME NGC 1313 X-1),NAME_NGC_1313_X-1
0782310101,ARCHIVED,SN 1978K,49.41112,-66.55097,57669.8733564815,91000,SMITH,IAN,58100,Y,5.655 (NAME NGC 1313 X-1),NAME_NGC_1313_X-1
0742490101,ARCHIVED,SN 1978K,49.41112,-66.55097,57111.1593981481,103000,SMITH,IAN,57499,Y,5.655 (NAME NGC 1313 X-1),NAME_NGC_1313_X-1
0722650101,ARCHIVED,SN 1978K,49.41112,-66.55098,56451.2234259259,30717,SMITH,IAN,56827,Y,5.655 (NAME NGC 1313 X-1),NAME_NGC_1313_X-1
0301860501,ARCHIVED,SN 1978K,49.41092,-66.55094,53800.6253240741,4880,IMMLER,STEFAN,54222,Y,5.657 (NAME NGC 1313 X-1),NAME_NGC_1313_X-1
0301860101,ARCHIVED,SN 1978K,49.41092,-66.55094,53800.6966666667,21809,IMMLER,STEFAN,54222,Y,5.657 (NAME NGC 1313 X-1),NAME_NGC_1313_X-1
0150280301,ARCHIVED,NGC 1313,49.58916,-66.59889,52994.0796875,16250,SMITH,IAN,53405,Y,6.753 (NAME NGC 1313 X-1),NAME_NGC_1313_X-1
0205230301,ARCHIVED,NGC 1313,49.58916,-66.59889,53161.2561458333,11914,SMITH,IAN,53790,Y,6.753 (NAME NGC 1313 X-1),NAME_NGC_1313_X-1
0150280401,ARCHIVED,NGC 1313,49.58916,-66.59889,52996.2018865741,20942,SMITH,IAN,53405,Y,6.753 (NAME NGC 1313 X-1),NAME_NGC_1313_X-1
0150280501,ARCHIVED,NGC 1313,49.58916,-66.59889,52998.1837037037,21455,SMITH,IAN,53405,Y,6.753 (NAME NGC 1313 X-1),NAME_NGC_1313_X-1
0150280601,ARCHIVED,NGC 1313,49.58916,-66.59889,53012.1462268519,53297,SMITH,IAN,53405,Y,6.753 (NAME NGC 1313 X-1),NAME_NGC_1313_X-1
0150281101,ARCHIVED,NGC 1313,49.58916,-66.59889,53020.9853240741,8949,SMITH,IAN,53405,Y,6.753 (NAME NGC 1313 X-1),NAME_NGC_1313_X-1
0150280701,ARCHIVED,NGC 1313,49.58916,-66.59889,53000.1570023148,55155,SMITH,IAN,53405,Y,6.753 (NAME NGC 1313 X-1),NAME_NGC_1313_X-1
0205230401,ARCHIVED,NGC 1313,49.58916,-66.59889,53240.2393865741,18024,SMITH,IAN,53790,Y,6.753 (NAME NGC 1313 X-1),NAME_NGC_1313_X-1
0205230501,ARCHIVED,NGC 1313,49.58916,-66.59889,53332.2913541667,16023,SMITH,IAN,53790,Y,6.753 (NAME NGC 1313 X-1),NAME_NGC_1313_X-1
0205230601,ARCHIVED,NGC 1313,49.58916,-66.59889,53408.4827546296,14318,SMITH,IAN,53790,Y,6.753 (NAME NGC 1313 X-1),NAME_NGC_1313_X-1
0150280101,ARCHIVED,NGC 1313,49.58916,-66.59889,52968.0354050926,62418,SMITH,IAN,53405,Y,6.753 (NAME NGC 1313 X-1),NAME_NGC_1313_X-1
0150280201,ARCHIVED,NGC 1313,49.58916,-66.59889,52982.2425694444,20757,SMITH,IAN,53405,Y,6.753 (NAME NGC 1313 X-1),NAME_NGC_1313_X-1
0205230201,ARCHIVED,NGC 1313,49.58916,-66.59889,53126.8949421296,12518,SMITH,IAN,53790,Y,6.753 (NAME NGC 1313 X-1),NAME_NGC_1313_X-1
0764770101,ARCHIVED,NGC 1313 X-2,49.59207,-66.60083,57361.1755555556,74900,GRISE,FABIEN,57848,Y,6.871 (NAME NGC 1313 X-1),NAME_NGC_1313_X-1
0764770401,ARCHIVED,NGC 1313 X-2,49.59207,-66.60083,57470.9243055556,33000,GRISE,FABIEN,57848,Y,6.871 (NAME NGC 1313 X-1),NAME_NGC_1313_X-1
0764770101,ARCHIVED,NGC 1313 X-2,49.59207,-66.60083,57361.1755555556,74900,GRISE,FABIEN,57848,Y,0.024 (NAME NGC 1313 X-2),NAME_NGC_1313_X-2
0764770401,ARCHIVED,NGC 1313 X-2,49.59207,-66.60083,57470.9243055556,33000,GRISE,FABIEN,57848,Y,0.024 (NAME NGC 1313 X-2),NAME_NGC_1313_X-2
0205230601,ARCHIVED,NGC 1313,49.58916,-66.59889,53408.4827546296,14318,SMITH,IAN,53790,Y,0.150 (NAME NGC 1313 X-2),NAME_NGC_1313_X-2
0150280101,ARCHIVED,NGC 1313,49.58916,-66.59889,52968.0354050926,62418,SMITH,IAN,53405,Y,0.150 (NAME NGC 1313 X-2),NAME_NGC_1313_X-2
0205230501,ARCHIVED,NGC 1313,49.58916,-66.59889,53332.2913541667,16023,SMITH,IAN,53790,Y,0.150 (NAME NGC 1313 X-2),NAME_NGC_1313_X-2
0205230401,ARCHIVED,NGC 1313,49.58916,-66.59889,53240.2393865741,18024,SMITH,IAN,53790,Y,0.150 (NAME NGC 1313 X-2),NAME_NGC_1313_X-2
0150280701,ARCHIVED,NGC 1313,49.58916,-66.59889,53000.1570023148,55155,SMITH,IAN,53405,Y,0.150 (NAME NGC 1313 X-2),NAME_NGC_1313_X-2
0150281101,ARCHIVED,NGC 1313,49.58916,-66.59889,53020.9853240741,8949,SMITH,IAN,53405,Y,0.150 (NAME NGC 1313 X-2),NAME_NGC_1313_X-2
0150280601,ARCHIVED,NGC 1313,49.58916,-66.59889,53012.1462268519,53297,SMITH,IAN,53405,Y,0.150 (NAME NGC 1313 X-2),NAME_NGC_1313_X-2
0150280501,ARCHIVED,NGC 1313,49.58916,-66.59889,52998.1837037037,21455,SMITH,IAN,53405,Y,0.150 (NAME NGC 1313 X-2),NAME_NGC_1313_X-2
0150280401,ARCHIVED,NGC 1313,49.58916,-66.59889,52996.2018865741,20942,SMITH,IAN,53405,Y,0.150 (NAME NGC 1313 X-2),NAME_NGC_1313_X-2
0205230301,ARCHIVED,NGC 1313,49.58916,-66.59889,53161.2561458333,11914,SMITH,IAN,53790,Y,0.150 (NAME NGC 1313 X-2),NAME_NGC_1313_X-2
0150280301,ARCHIVED,NGC 1313,49.58916,-66.59889,52994.0796875,16250,SMITH,IAN,53405,Y,0.150 (NAME NGC 1313 X-2),NAME_NGC_1313_X-2
0205230201,ARCHIVED,NGC 1313,49.58916,-66.59889,53126.8949421296,12518,SMITH,IAN,53790,Y,0.150 (NAME NGC 1313 X-2),NAME_NGC_1313_X-2
0150280201,ARCHIVED,NGC 1313,49.58916,-66.59889,52982.2425694444,20757,SMITH,IAN,53405,Y,0.150 (NAME NGC 1313 X-2),NAME_NGC_1313_X-2
0722650101,ARCHIVED,SN 1978K,49.41112,-66.55098,56451.2234259259,30717,SMITH,IAN,56827,Y,5.255 (NAME NGC 1313 X-2),NAME_NGC_1313_X-2
0782310101,ARCHIVED,SN 1978K,49.41112,-66.55097,57669.8733564815,91000,SMITH,IAN,58100,Y,5.256 (NAME NGC 1313 X-2),NAME_NGC_1313_X-2
0742490101,ARCHIVED,SN 1978K,49.41112,-66.55097,57111.1593981481,103000,SMITH,IAN,57499,Y,5.256 (NAME NGC 1313 X-2),NAME_NGC_1313_X-2
0301860501,ARCHIVED,SN 1978K,49.41092,-66.55094,53800.6253240741,4880,IMMLER,STEFAN,54222,Y,5.261 (NAME NGC 1313 X-2),NAME_NGC_1313_X-2
0301860101,ARCHIVED,SN 1978K,49.41092,-66.55094,53800.6966666667,21809,IMMLER,STEFAN,54222,Y,5.261 (NAME NGC 1313 X-2),NAME_NGC_1313_X-2
0106860101,ARCHIVED,NGC 1313,49.55833,-66.50000,51834.0411805556,42416,ASCHENBACH,BERND,52511,Y,6.123 (NAME NGC 1313 X-2),NAME_NGC_1313_X-2
0405090101,ARCHIVED,NGC1313,49.55832,-66.50000,54023.9892708333,123154,DEWANGAN,GULAB,54424,Y,6.123 (NAME NGC 1313 X-2),NAME_NGC_1313_X-2
0742590301,ARCHIVED,NGC 1313 X-1,49.56687,-66.49825,56843.9425115741,62999,BACHETTI,MATTEO,57219,Y,6.205 (NAME NGC 1313 X-2),NAME_NGC_1313_X-2
0794580601,ARCHIVED,NGC 1313 X-1,49.58333,-66.48638,57841.2243518519,47500,SCHARTEL (PS),NORBERT,58030,Y,6.891 (NAME NGC 1313 X-2),NAME_NGC_1313_X-2
0803990701,ARCHIVED,NGC 1313 X-1,49.58333,-66.48636,58020.7144212963,123982,PINTO,CIRO,58479,Y,6.893 (NAME NGC 1313 X-2),NAME_NGC_1313_X-2
0803990501,ARCHIVED,NGC 1313 X-1,49.58333,-66.48636,58094.4363541667,128900,PINTO,CIRO,58479,Y,6.893 (NAME NGC 1313 X-2),NAME_NGC_1313_X-2
0803990201,ARCHIVED,NGC 1313 X-1,49.58333,-66.48636,57924.8791666667,133800,PINTO,CIRO,58479,Y,6.893 (NAME NGC 1313 X-2),NAME_NGC_1313_X-2
0803990101,ARCHIVED,NGC 1313 X-1,49.58333,-66.48636,57918.8613541667,137100,PINTO,CIRO,58479,Y,6.893 (NAME NGC 1313 X-2),NAME_NGC_1313_X-2
0803990601,ARCHIVED,NGC 1313 X-1,49.58333,-66.48636,58096.4306597222,128900,PINTO,CIRO,58479,Y,6.893 (NAME NGC 1313 X-2),NAME_NGC_1313_X-2
0803990301,ARCHIVED,NGC 1313 X-1,49.58333,-66.48636,57996.6280902778,137220,PINTO,CIRO,58479,Y,6.893 (NAME NGC 1313 X-2),NAME_NGC_1313_X-2
0803990401,ARCHIVED,NGC 1313 X-1,49.58333,-66.48636,57998.7207175926,128825,PINTO,CIRO,58479,Y,6.893 (NAME NGC 1313 X-2),NAME_NGC_1313_X-2
0693852201,ARCHIVED,NGC 1313,49.58250,-66.48600,56283.5740740741,6000,HARRISON,FIONA,56671,Y,6.915 (NAME NGC 1313 X-2),NAME_NGC_1313_X-2
0693852101,ARCHIVED,NGC 1313,49.58250,-66.48600,56277.5806365741,6327,HARRISON,FIONA,56671,Y,6.915 (NAME NGC 1313 X-2),NAME_NGC_1313_X-2
0693851201,ARCHIVED,NGC 1313,49.58250,-66.48600,56283.6566087963,125213,HARRISON,FIONA,56671,Y,6.915 (NAME NGC 1313 X-2),NAME_NGC_1313_X-2
0693850501,ARCHIVED,NGC 1313,49.58250,-66.48600,56277.6669560185,125219,HARRISON,FIONA,56671,Y,6.915 (NAME NGC 1313 X-2),NAME_NGC_1313_X-2
0728190101,ARCHIVED,NGC 247 ULX,11.76617,-20.79563,56839.1810069444,36700,FENG,HUA,57219,Y,0.037 ([LM2005] NGC 247 ULX1),[LM2005]_NGC_247_ULX1
0601010101,ARCHIVED,NGC 247 ULX,11.76582,-20.79617,55192.8045138889,34816,FENG,HUA,55575,Y,0.048 ([LM2005] NGC 247 ULX1),[LM2005]_NGC_247_ULX1
0844860501,ARCHIVED,NGC 247 ULX,11.76582,-20.79555,58852.4528356481,119000,PINTO,CIRO,59240,Y,0.056 ([LM2005] NGC 247 ULX1),[LM2005]_NGC_247_ULX1
0844860101,ARCHIVED,NGC 247 ULX,11.76582,-20.79555,58820.5290625,115500,PINTO,CIRO,59213,Y,0.056 ([LM2005] NGC 247 ULX1),[LM2005]_NGC_247_ULX1
0844860201,ARCHIVED,NGC 247 ULX,11.76582,-20.79555,58826.5336689815,118600,PINTO,CIRO,59216,Y,0.056 ([LM2005] NGC 247 ULX1),[LM2005]_NGC_247_ULX1
0844860701,ARCHIVED,NGC 247 ULX,11.76582,-20.79555,58856.4877662037,115000,PINTO,CIRO,59247,Y,0.056 ([LM2005] NGC 247 ULX1),[LM2005]_NGC_247_ULX1
0844860301,ARCHIVED,NGC 247 ULX,11.76582,-20.79555,58848.2197800926,119600,PINTO,CIRO,59240,Y,0.056 ([LM2005] NGC 247 ULX1),[LM2005]_NGC_247_ULX1
0844860601,ARCHIVED,NGC 247 ULX,11.76582,-20.79555,58854.1917592593,115000,PINTO,CIRO,59241,Y,0.056 ([LM2005] NGC 247 ULX1),[LM2005]_NGC_247_ULX1
0844860801,ARCHIVED,NGC 247 ULX,11.76582,-20.79555,58860.1659722222,63200,PINTO,CIRO,59247,Y,0.056 ([LM2005] NGC 247 ULX1),[LM2005]_NGC_247_ULX1
0844860401,ARCHIVED,NGC 247 ULX,11.76582,-20.79555,58850.4469328704,120000,PINTO,CIRO,59240,Y,0.056 ([LM2005] NGC 247 ULX1),[LM2005]_NGC_247_ULX1
0110990301,ARCHIVED,NGC247,11.71667,-20.72472,52098.5730324074,16889,WATSON,MICHAEL,52521,Y,5.116 ([LM2005] NGC 247 ULX1),[LM2005]_NGC_247_ULX1
0125960201,ARCHIVED,NGC253,11.90417,-25.30000,51699.0105555556,17509,JANSEN XMM-NEWTON PS,FRED,52218,Y,12.487 ([LB2005] NGC 253 X20),[LB2005]_NGC_253_X20
0125960101,ARCHIVED,NGC253,11.90417,-25.30000,51698.2191666667,60809,JANSEN XMM-NEWTON PS,FRED,52220,Y,12.487 ([LB2005] NGC 253 X20),[LB2005]_NGC_253_X20
0152020101,ARCHIVED,NGC 253,11.90417,-25.30278,52809.3426388889,140799,PIETSCH,WOLFGANG,53199,Y,12.592 ([LB2005] NGC 253 X20),[LB2005]_NGC_253_X20
0304851301,ARCHIVED,NGC 253,11.88804,-25.28828,53746.0827546296,20916,MACCARONE,THOMAS,54468,Y,12.775 ([LB2005] NGC 253 X20),[LB2005]_NGC_253_X20
0304850901,ARCHIVED,NGC 253,11.88804,-25.28828,53737.3239236111,11811,MACCARONE,THOMAS,54468,Y,12.775 ([LB2005] NGC 253 X20),[LB2005]_NGC_253_X20
0304851101,ARCHIVED,NGC 253,11.88804,-25.28828,53720.8436921296,23211,MACCARONE,THOMAS,54468,Y,12.775 ([LB2005] NGC 253 X20),[LB2005]_NGC_253_X20
0304851001,ARCHIVED,NGC 253,11.88804,-25.28828,53741.1750694444,11846,MACCARONE,THOMAS,54468,Y,12.775 ([LB2005] NGC 253 X20),[LB2005]_NGC_253_X20
0304851201,ARCHIVED,NGC 253,11.88804,-25.28828,53744.7820486111,19918,MACCARONE,THOMAS,54468,Y,12.775 ([LB2005] NGC 253 X20),[LB2005]_NGC_253_X20
0110900101,ARCHIVED,NGC 253 NW,11.84583,-25.25389,51891.9846064815,33732,WATSON,MICHAEL,52642,Y,13.852 ([LB2005] NGC 253 X20),[LB2005]_NGC_253_X20
0656780401,ARCHIVED,SN 2010DA,13.77024,-37.69547,55344.5579050926,18416,SCHARTEL (PS),NORBERT,55545,Y,0.001 (NAME NGC 300 ULX1),NAME_NGC_300_ULX1
0791010101,ARCHIVED,NGC 300 X-1,13.79162,-37.70338,57739.3695601852,138800,STEINER,JAMES F.,58122,Y,1.120 (NAME NGC 300 ULX1),NAME_NGC_300_ULX1
0791010301,ARCHIVED,NGC 300 X-1,13.79162,-37.70338,57741.3641898148,82000,STEINER,JAMES F.,58122,Y,1.120 (NAME NGC 300 ULX1),NAME_NGC_300_ULX1
0112800201,ARCHIVED,NGC 300,13.72916,-37.68333,51904.7809259259,36909,TURNER,MARTIN,52494,Y,2.083 (NAME NGC 300 ULX1),NAME_NGC_300_ULX1
0112800101,ARCHIVED,NGC 300,13.72916,-37.68333,51910.5462037037,46711,TURNER,MARTIN,52494,Y,2.083 (NAME NGC 300 ULX1),NAME_NGC_300_ULX1
0305860401,ARCHIVED,NGC 300,13.79457,-37.64861,53512.2013310185,36809,WILMS,JOERN,54083,Y,3.040 (NAME NGC 300 ULX1),NAME_NGC_300_ULX1
0305860301,ARCHIVED,NGC 300,13.79457,-37.64861,53699.306099537,36809,WILMS,JOERN,54083,Y,3.040 (NAME NGC 300 ULX1),NAME_NGC_300_ULX1
0142830101,ARCHIVED,NGC4395,186.45375,33.54667,52973.1374421296,113385,IWASAWA,KAZUSHI,53356,Y,2.931 ([LM2005] NGC 4395 ULX1),[LM2005]_NGC_4395_ULX1
0744010201,ARCHIVED,NGC 4395,186.45375,33.54675,57021.4155555556,53000,MCHARDY,IAN,57405,Y,2.933 ([LM2005] NGC 4395 ULX1),[LM2005]_NGC_4395_ULX1
0744010101,ARCHIVED,NGC 4395,186.45375,33.54675,57019.421712963,53500,MCHARDY,IAN,57405,Y,2.933 ([LM2005] NGC 4395 ULX1),[LM2005]_NGC_4395_ULX1
0824610201,ARCHIVED,NGC4395,186.45345,33.54689,58471.2440046296,116800,MCHARDY,IAN,58861,Y,2.950 ([LM2005] NGC 4395 ULX1),[LM2005]_NGC_4395_ULX1
0824610101,ARCHIVED,NGC4395,186.45345,33.54689,58465.2613310185,117000,MCHARDY,IAN,58861,Y,2.950 ([LM2005] NGC 4395 ULX1),[LM2005]_NGC_4395_ULX1
0824610401,ARCHIVED,NGC4395,186.45345,33.54689,58485.2106944444,116000,MCHARDY,IAN,58861,Y,2.950 ([LM2005] NGC 4395 ULX1),[LM2005]_NGC_4395_ULX1
0824610301,ARCHIVED,NGC4395,186.45345,33.54689,58483.2164930556,117199,MCHARDY,IAN,58861,Y,2.950 ([LM2005] NGC 4395 ULX1),[LM2005]_NGC_4395_ULX1
0112522001,ARCHIVED,NGC 4395,186.45000,33.54722,52437.7621064815,17125,WATSON,MICHAEL,53040,Y,3.114 ([LM2005] NGC 4395 ULX1),[LM2005]_NGC_4395_ULX1
0112522701,ARCHIVED,NGC 4395,186.45000,33.54722,52642.933599537,8566,WATSON,MICHAEL,53040,Y,3.114 ([LM2005] NGC 4395 ULX1),[LM2005]_NGC_4395_ULX1
0112521901,ARCHIVED,NGC 4395,186.45000,33.54722,52425.0264583333,15873,WATSON,MICHAEL,53040,Y,3.114 ([LM2005] NGC 4395 ULX1),[LM2005]_NGC_4395_ULX1
0200340101,ARCHIVED,CLJ1226.9+3332,186.77880,33.59583,53158.8335763889,98829,MAUGHAN,BENJAMIN,53546,Y,14.266 ([LM2005] NGC 4395 ULX1),[LM2005]_NGC_4395_ULX1
0693851401,ARCHIVED,NGC 5204,202.41090,58.41825,56403.2115625,16913,HARRISON,FIONA,56801,Y,0.002 ([LM2005] NGC 5204 ULX1),[LM2005]_NGC_5204_ULX1
0693850701,ARCHIVED,NGC 5204,202.41090,58.41825,56411.1857175926,16916,HARRISON,FIONA,56801,Y,0.002 ([LM2005] NGC 5204 ULX1),[LM2005]_NGC_5204_ULX1
0413980401,ARCHIVED,INTERNAL CALIBRATION,202.41090,58.41833,54055.4110185185,6403,ROBERTS,TIMOTHY,54454,Y,0.007 ([LM2005] NGC 5204 ULX1),[LM2005]_NGC_5204_ULX1
0405690101,ARCHIVED,NGC 5204 X-1,202.41090,58.41833,54054.8483101852,45317,ROBERTS,TIMOTHY,54454,Y,0.007 ([LM2005] NGC 5204 ULX1),[LM2005]_NGC_5204_ULX1
0405690201,ARCHIVED,NGC 5204 X-1,202.41090,58.41833,54058.8382523148,45316,ROBERTS,TIMOTHY,54454,Y,0.007 ([LM2005] NGC 5204 ULX1),[LM2005]_NGC_5204_ULX1
0142770101,ARCHIVED,NGC 5204 X-1,202.41090,58.41833,52645.0468981481,31782,ROBERTS,TIMOTHY,53145,Y,0.007 ([LM2005] NGC 5204 ULX1),[LM2005]_NGC_5204_ULX1
0142770301,ARCHIVED,NGC 5204 X-1,202.41090,58.41833,52754.568587963,18454,ROBERTS,TIMOTHY,53145,Y,0.007 ([LM2005] NGC 5204 ULX1),[LM2005]_NGC_5204_ULX1
0405690501,ARCHIVED,NGC 5204 X-1,202.41090,58.41833,54064.8234375,43148,ROBERTS,TIMOTHY,54454,Y,0.007 ([LM2005] NGC 5204 ULX1),[LM2005]_NGC_5204_ULX1
0741960101,ARCHIVED,NGC 5204 X-1,202.41075,58.41833,56835.9519675926,24300,SUTTON,ANDREW,57219,Y,0.009 ([LM2005] NGC 5204 ULX1),[LM2005]_NGC_5204_ULX1
0150650301,ARCHIVED,NGC 5204,202.40415,58.42028,52760.1844560185,10953,PAKULL,MANFRED,53145,Y,0.246 ([LM2005] NGC 5204 ULX1),[LM2005]_NGC_5204_ULX1
0653380201,ARCHIVED,NGC 5408 X-1,210.83175,-41.38297,55394.1340162037,128913,STROHMAYER,TOD,55974,Y,0.002 ([LM2005] NGC 5408 ULX1),[LM2005]_NGC_5408_ULX1
0723130501,ARCHIVED,NGC 5408 X-1,210.83175,-41.38297,56700.8659143519,13000,STROHMAYER,TOD,57084,Y,0.002 ([LM2005] NGC 5408 ULX1),[LM2005]_NGC_5408_ULX1
0723130401,ARCHIVED,NGC 5408 X-1,210.83175,-41.38297,56701.0163773148,36000,STROHMAYER,TOD,57084,Y,0.002 ([LM2005] NGC 5408 ULX1),[LM2005]_NGC_5408_ULX1
0653380701,ARCHIVED,NGC 5408 X-1,210.83175,-41.38297,55589.5623148148,7230,STROHMAYER,TOD,55974,Y,0.002 ([LM2005] NGC 5408 ULX1),[LM2005]_NGC_5408_ULX1
0723130301,ARCHIVED,NGC 5408 X-1,210.83175,-41.38297,56699.0206134259,38500,STROHMAYER,TOD,57084,Y,0.002 ([LM2005] NGC 5408 ULX1),[LM2005]_NGC_5408_ULX1
0653380601,ARCHIVED,NGC 5408 X-1,210.83175,-41.38297,55587.5680902778,7925,STROHMAYER,TOD,55974,Y,0.002 ([LM2005] NGC 5408 ULX1),[LM2005]_NGC_5408_ULX1
0500750101,ARCHIVED,NGC 5408 X-1,210.83175,-41.38297,54478.7954513889,115694,STROHMAYER,TOD,54868,Y,0.002 ([LM2005] NGC 5408 ULX1),[LM2005]_NGC_5408_ULX1
0500750201,ARCHIVED,NGC 5408 X-1,210.83175,-41.38297,54478.7380092593,3531,STROHMAYER,TOD,54868,Y,0.002 ([LM2005] NGC 5408 ULX1),[LM2005]_NGC_5408_ULX1
0653380301,ARCHIVED,NGC 5408 X-1,210.83175,-41.38297,55396.1286226852,130882,STROHMAYER,TOD,55974,Y,0.002 ([LM2005] NGC 5408 ULX1),[LM2005]_NGC_5408_ULX1
0653380401,ARCHIVED,NGC 5408 X-1,210.83175,-41.38297,55587.6729050926,121019,STROHMAYER,TOD,55974,Y,0.002 ([LM2005] NGC 5408 ULX1),[LM2005]_NGC_5408_ULX1
0653380501,ARCHIVED,NGC 5408 X-1,210.83175,-41.38297,55589.6590393518,126367,STROHMAYER,TOD,55974,Y,0.002 ([LM2005] NGC 5408 ULX1),[LM2005]_NGC_5408_ULX1
0302900101,ARCHIVED,NGC 5408 X-1,210.83175,-41.38297,53748.7784722222,132251,STROHMAYER,TOD,54134,Y,0.002 ([LM2005] NGC 5408 ULX1),[LM2005]_NGC_5408_ULX1
0112291001,ARCHIVED,NGC5408,210.82920,-41.38472,52484.333287037,8091,TURNER,MARTIN,53063,Y,0.157 ([LM2005] NGC 5408 ULX1),[LM2005]_NGC_5408_ULX1
0112290501,ARCHIVED,NGC5408,210.82920,-41.38472,52121.5040277778,8096,TURNER,MARTIN,53063,Y,0.157 ([LM2005] NGC 5408 ULX1),[LM2005]_NGC_5408_ULX1
0112291201,ARCHIVED,NGC5408,210.82920,-41.38472,52666.9883680556,6866,TURNER,MARTIN,53063,Y,0.157 ([LM2005] NGC 5408 ULX1),[LM2005]_NGC_5408_ULX1
0112290301,ARCHIVED,NGC5408,210.82920,-41.38472,52138.0262152778,6759,TURNER,MARTIN,53063,Y,0.157 ([LM2005] NGC 5408 ULX1),[LM2005]_NGC_5408_ULX1
0112290701,ARCHIVED,NGC5408,210.82920,-41.38472,52145.911412037,8199,TURNER,MARTIN,53063,Y,0.157 ([LM2005] NGC 5408 ULX1),[LM2005]_NGC_5408_ULX1
0112290901,ARCHIVED,NGC5408,210.82920,-41.38472,52476.3563888889,1499,TURNER,MARTIN,53063,Y,0.157 ([LM2005] NGC 5408 ULX1),[LM2005]_NGC_5408_ULX1
0112290601,ARCHIVED,NGC5408,210.82920,-41.38472,52129.400462963,8186,TURNER,MARTIN,53063,Y,0.157 ([LM2005] NGC 5408 ULX1),[LM2005]_NGC_5408_ULX1
0883960301,ARCHIVED,NGC 55 ULX-1,3.87038,-39.22188,59560.2231597222,7210,PINTO,CIRO,59582,Y,0.001 ([SRW2006B] NGC 55 ULX),[SRW2006b]_NGC_55_ULX
0824570101,ARCHIVED,NGC 55 ULX,3.87038,-39.22188,58439.3784837963,139800,PINTO,CIRO,58830,Y,0.001 ([SRW2006B] NGC 55 ULX),[SRW2006b]_NGC_55_ULX
0883960101,PROCESSED,NGC 55 ULX-1,3.87038,-39.22188,59560.3066087963,130200,PINTO,CIRO,59947,N,0.001 ([SRW2006B] NGC 55 ULX),[SRW2006b]_NGC_55_ULX
0864810101,ARCHIVED,NGC 55 ULX,3.87038,-39.22188,58993.8932523148,132800,PINTO,CIRO,59416,Y,0.001 ([SRW2006B] NGC 55 ULX),[SRW2006b]_NGC_55_ULX
0655050101,ARCHIVED,NGC55 ULX,3.87061,-39.22197,55340.3090277778,127437,DEWANGAN,GULAB,55727,Y,0.012 ([SRW2006B] NGC 55 ULX),[SRW2006b]_NGC_55_ULX
0028740201,ARCHIVED,NGC 55 (EAST),3.94166,-39.25777,52227.6010069444,33619,WARWICK,ROBERT,52607,Y,3.950 ([SRW2006B] NGC 55 ULX),[SRW2006b]_NGC_55_ULX
0852610401,ARCHIVED,NGC 55,3.78274,-39.20638,58988.3743981481,8000,FORNASINI,FRANCESCA,59361,Y,4.179 ([SRW2006B] NGC 55 ULX),[SRW2006b]_NGC_55_ULX
0852610101,ARCHIVED,NGC  55,3.78274,-39.20638,58814.8052893519,11000,FORNASINI,FRANCESCA,59361,Y,4.179 ([SRW2006B] NGC 55 ULX),[SRW2006b]_NGC_55_ULX
0852610201,ARCHIVED,NGC 55,3.78274,-39.20638,58844.4893055556,8000,FORNASINI,FRANCESCA,59361,Y,4.179 ([SRW2006B] NGC 55 ULX),[SRW2006b]_NGC_55_ULX
0852610301,ARCHIVED,NGC 55,3.78274,-39.20638,58980.8991319444,9000,FORNASINI,FRANCESCA,59361,Y,4.179 ([SRW2006B] NGC 55 ULX),[SRW2006b]_NGC_55_ULX
0028740101,ARCHIVED,NGC 55 (WEST),3.63708,-39.17944,52228.0208680556,31518,WARWICK,ROBERT,52607,Y,11.142 ([SRW2006B] NGC 55 ULX),[SRW2006b]_NGC_55_ULX
0762640101,ARCHIVED,NGC5585-ULX1,214.91415,56.69380,57192.951875,39000,SORIA,ROBERTO,57578,Y,0.002 ([SST2011] J141939.39+564137.8),[SST2011]_J141939.39+564137.8
0762640201,ARCHIVED,NGC5585-ULX1,214.91415,56.69380,57194.946712963,39400,SORIA,ROBERTO,57578,Y,0.002 ([SST2011] J141939.39+564137.8),[SST2011]_J141939.39+564137.8
0851180801,ARCHIVED,NGC 5907 ULX-1,228.99420,56.30278,58707.419525463,65000,SCHARTEL (PS),NORBERT,58897,Y,0.001 (NAME NGC 5907 ULX),NAME_NGC_5907_ULX
0851180701,ARCHIVED,NGC 5907 ULX-1,228.99420,56.30278,58705.4827893519,59900,SCHARTEL (PS),NORBERT,58897,Y,0.001 (NAME NGC 5907 ULX),NAME_NGC_5907_ULX
0804091201,ARCHIVED,NGC 5907 ULX-1,228.99405,56.30278,58670.7287268518,44000,BELFIORE,ANDREA,59072,Y,0.004 (NAME NGC 5907 ULX),NAME_NGC_5907_ULX
0824320801,ARCHIVED,NGC 5907 ULX,228.99405,56.30278,59053.6516087963,5243,WALTON,DOMINC,59545,Y,0.004 (NAME NGC 5907 ULX),NAME_NGC_5907_ULX
0804090301,ARCHIVED,NGC 5907 ULX-1,228.99405,56.30278,57936.7825347222,43000,BELFIORE,ANDREA,58330,Y,0.004 (NAME NGC 5907 ULX),NAME_NGC_5907_ULX
0804090401,ARCHIVED,NGC 5907 ULX-1,228.99405,56.30278,57938.9872337963,39000,BELFIORE,ANDREA,58330,Y,0.004 (NAME NGC 5907 ULX),NAME_NGC_5907_ULX
0824320701,ARCHIVED,NGC 5907 ULX,228.99405,56.30278,59159.8753009259,67000,WALTON,DOMINC,59545,Y,0.004 (NAME NGC 5907 ULX),NAME_NGC_5907_ULX
0804090601,ARCHIVED,NGC 5907 ULX-1,228.99405,56.30278,57949.2324074074,40500,BELFIORE,ANDREA,58330,Y,0.004 (NAME NGC 5907 ULX),NAME_NGC_5907_ULX
0824320401,ARCHIVED,NGC 5907 ULX,228.99405,56.30278,58660.7556712963,67700,WALTON,DOMINC,59217,Y,0.004 (NAME NGC 5907 ULX),NAME_NGC_5907_ULX
0824320501,ARCHIVED,NGC 5907 ULX,228.99405,56.30278,58825.1284490741,67500,WALTON,DOMINC,59217,Y,0.004 (NAME NGC 5907 ULX),NAME_NGC_5907_ULX
0804091101,ARCHIVED,NGC 5907 ULX-1,228.99405,56.30278,58669.3755324074,38000,BELFIORE,ANDREA,59072,Y,0.004 (NAME NGC 5907 ULX),NAME_NGC_5907_ULX
0893810301,PROCESSED,NGC5907 ULX1,228.99405,56.30278,59585.1518402778,51900,SCHARTEL (PS),NORBERT,59771,N,0.004 (NAME NGC 5907 ULX),NAME_NGC_5907_ULX
0804091001,ARCHIVED,NGC 5907 ULX-1,228.99405,56.30278,58663.7991782407,49600,BELFIORE,ANDREA,59072,Y,0.004 (NAME NGC 5907 ULX),NAME_NGC_5907_ULX
0804090901,ARCHIVED,NGC 5907 ULX-1,228.99405,56.30278,58658.7612847222,43400,BELFIORE,ANDREA,59072,Y,0.004 (NAME NGC 5907 ULX),NAME_NGC_5907_ULX
0804090501,ARCHIVED,NGC 5907 ULX-1,228.99405,56.30278,57942.7647800926,43000,BELFIORE,ANDREA,58330,Y,0.004 (NAME NGC 5907 ULX),NAME_NGC_5907_ULX
0824320201,ARCHIVED,NGC 5907 ULX,228.99405,56.30278,58646.7887037037,62900,WALTON,DOMINC,59217,Y,0.004 (NAME NGC 5907 ULX),NAME_NGC_5907_ULX
0891801501,PROCESSED,NGC 5907 ULX1,228.99405,56.30278,59453.343599537,67181,SCHARTEL (PS),NORBERT,59641,N,0.004 (NAME NGC 5907 ULX),NAME_NGC_5907_ULX
0824320301,ARCHIVED,NGC 5907 ULX,228.99405,56.30278,58653.0222569444,66100,WALTON,DOMINC,59217,Y,0.004 (NAME NGC 5907 ULX),NAME_NGC_5907_ULX
0804090701,ARCHIVED,NGC 5907 ULX-1,228.99405,56.30278,57946.7575694444,42998,BELFIORE,ANDREA,58330,Y,0.004 (NAME NGC 5907 ULX),NAME_NGC_5907_ULX
0824320601,ARCHIVED,NGC 5907 ULX,228.99405,56.30278,59053.7122916667,64800,WALTON,DOMINC,59545,Y,0.004 (NAME NGC 5907 ULX),NAME_NGC_5907_ULX
0884220401,PROCESSED,NGC5907 ULX1,228.99405,56.30278,59277.7386226852,72900,WALTON,DOMINIC,59774,N,0.004 (NAME NGC 5907 ULX),NAME_NGC_5907_ULX
0804090801,ARCHIVED,NGC 5907 ULX-1,228.99405,56.30278,58656.7475578704,41900,BELFIORE,ANDREA,59072,Y,0.004 (NAME NGC 5907 ULX),NAME_NGC_5907_ULX
0884220301,PROCESSED,NGC5907 ULX1,228.99405,56.30278,59271.058287037,67884,WALTON,DOMINIC,59774,N,0.004 (NAME NGC 5907 ULX),NAME_NGC_5907_ULX
0884220201,PROCESSED,NGC5907 ULX1,228.99405,56.30278,59265.0641435185,68312,WALTON,DOMINIC,59774,N,0.004 (NAME NGC 5907 ULX),NAME_NGC_5907_ULX
0673920501,ARCHIVED,NGC 5907 ULX,228.99450,56.30303,55966.4827083333,6177,SUTTON,ANDREW D.,56352,Y,0.019 (NAME NGC 5907 ULX),NAME_NGC_5907_ULX
0673920401,ARCHIVED,NGC 5907 ULX,228.99450,56.30303,55962.4941203704,6128,SUTTON,ANDREW D.,56352,Y,0.019 (NAME NGC 5907 ULX),NAME_NGC_5907_ULX
0673920201,ARCHIVED,NGC 5907 ULX,228.99450,56.30303,55962.5781365741,18913,SUTTON,ANDREW D.,56352,Y,0.019 (NAME NGC 5907 ULX),NAME_NGC_5907_ULX
0673920301,ARCHIVED,NGC 5907 ULX,228.99450,56.30303,55966.5672916667,18916,SUTTON,ANDREW D.,56352,Y,0.019 (NAME NGC 5907 ULX),NAME_NGC_5907_ULX
0724810401,ARCHIVED,NGC 5907 ULX,228.99570,56.30306,56608.6489814815,36500,HARRISON,FIONA,56986,Y,0.054 (NAME NGC 5907 ULX),NAME_NGC_5907_ULX
0724810201,ARCHIVED,NGC 5907 ULX,228.99570,56.30306,56602.6587731481,37000,HARRISON,FIONA,56986,Y,0.054 (NAME NGC 5907 ULX),NAME_NGC_5907_ULX
0729561301,ARCHIVED,NGC5907 ULX1,228.99570,56.30306,56847.9192708333,45000,SCHARTEL (PS),NORBERT,57037,Y,0.054 (NAME NGC 5907 ULX),NAME_NGC_5907_ULX
0795712601,ARCHIVED,NGC 5907 ULX-2,229.00455,56.29764,58088.3623611111,60880,SCHARTEL (PS),NORBERT,58280,Y,0.463 (NAME NGC 5907 ULX),NAME_NGC_5907_ULX
0145190201,ARCHIVED,NGC5907,228.97335,56.32889,52690.6483680556,52742,BREGMAN,JOEL,53079,Y,1.713 (NAME NGC 5907 ULX),NAME_NGC_5907_ULX
0145190101,ARCHIVED,NGC5907,228.97335,56.32889,52698.5747685185,52191,BREGMAN,JOEL,53079,Y,1.713 (NAME NGC 5907 ULX),NAME_NGC_5907_ULX
0870830201,PROCESSED,NGC 6946,308.71800,60.15392,59198.2916203704,17700,VULIC,NEVEN,59741,N,0.974 ([LB2005] NGC 6946 ULX1),[LB2005]_NGC_6946_ULX1
0870830401,PROCESSED,NGC 6946,308.71800,60.15392,59359.8603587963,17770,VULIC,NEVEN,59741,N,0.974 ([LB2005] NGC 6946 ULX1),[LB2005]_NGC_6946_ULX1
0870830301,PROCESSED,NGC 6946,308.71800,60.15392,59308.1914351852,16000,VULIC,NEVEN,59741,N,0.974 ([LB2005] NGC 6946 ULX1),[LB2005]_NGC_6946_ULX1
0870830101,PROCESSED,NGC 6946,308.71800,60.15392,59038.8956712963,17900,VULIC,NEVEN,59741,N,0.974 ([LB2005] NGC 6946 ULX1),[LB2005]_NGC_6946_ULX1
0401360101,ARCHIVED,NGC 6946,308.71785,60.15331,53878.4327777778,20908,EHLE,MATTHIAS,54285,Y,0.975 ([LB2005] NGC 6946 ULX1),[LB2005]_NGC_6946_ULX1
0401360201,ARCHIVED,NGC 6946,308.71785,60.15331,53888.3650810185,24419,EHLE,MATTHIAS,54285,Y,0.975 ([LB2005] NGC 6946 ULX1),[LB2005]_NGC_6946_ULX1
0401360301,ARCHIVED,NGC 6946,308.71785,60.15331,53904.3223148148,24407,EHLE,MATTHIAS,54285,Y,0.975 ([LB2005] NGC 6946 ULX1),[LB2005]_NGC_6946_ULX1
0200670401,ARCHIVED,NGC 6946,308.71785,60.15331,53181.6861805556,21209,EHLE,MATTHIAS,53591,Y,0.975 ([LB2005] NGC 6946 ULX1),[LB2005]_NGC_6946_ULX1
0200670201,ARCHIVED,NGC 6946,308.71785,60.15331,53167.7927314815,14378,EHLE,MATTHIAS,53591,Y,0.975 ([LB2005] NGC 6946 ULX1),[LB2005]_NGC_6946_ULX1
0200670301,ARCHIVED,NGC 6946,308.71785,60.15331,53169.787650463,15612,EHLE,MATTHIAS,53591,Y,0.975 ([LB2005] NGC 6946 ULX1),[LB2005]_NGC_6946_ULX1
0500730101,ARCHIVED,NGC 6946,308.71785,60.15331,54412.9375694444,31925,EHLE,MATTHIAS,54847,Y,0.975 ([LB2005] NGC 6946 ULX1),[LB2005]_NGC_6946_ULX1
0500730201,ARCHIVED,NGC 6946,308.71785,60.15331,54406.9120833333,37300,EHLE,MATTHIAS,54847,Y,0.975 ([LB2005] NGC 6946 ULX1),[LB2005]_NGC_6946_ULX1
0200670101,ARCHIVED,NGC 6946,308.71785,60.15331,53165.7745601852,16414,EHLE,MATTHIAS,53591,Y,0.975 ([LB2005] NGC 6946 ULX1),[LB2005]_NGC_6946_ULX1
0093641501,ARCHIVED,NGC 6946,308.71785,60.15389,52747.0456481481,8557,BAUER,FRANZ E.,53188,Y,0.978 ([LB2005] NGC 6946 ULX1),[LB2005]_NGC_6946_ULX1
0093641201,ARCHIVED,NGC 6946,308.71785,60.15389,52719.1290393519,8516,BAUER,FRANZ E.,53188,Y,0.978 ([LB2005] NGC 6946 ULX1),[LB2005]_NGC_6946_ULX1
0093641701,ARCHIVED,NGC 6946,308.71785,60.15389,52808.8486342593,11253,BAUER,FRANZ E.,53188,Y,0.978 ([LB2005] NGC 6946 ULX1),[LB2005]_NGC_6946_ULX1
0093641601,ARCHIVED,NGC 6946,308.71785,60.15389,52776.9502314815,10096,BAUER,FRANZ E.,53188,Y,0.978 ([LB2005] NGC 6946 ULX1),[LB2005]_NGC_6946_ULX1
0691570101,ARCHIVED,NGC 6946 X-1,308.75265,60.19147,56221.7437268519,119301,MIDDLETON,MATTHEW,56602,Y,2.348 ([LB2005] NGC 6946 ULX1),[LB2005]_NGC_6946_ULX1
0794581201,ARCHIVED,SN 2017EAW,308.68425,60.19331,57905.3274074074,50000,SCHARTEL (PS),NORBERT,58107,Y,3.153 ([LB2005] NGC 6946 ULX1),[LB2005]_NGC_6946_ULX1
0503460101,ARCHIVED,NGC7090,324.12000,-54.55722,54378.0971412037,30777,DAHLEM,MICHAEL,54791,Y,0.692 (3XMM J213631.9-543357),3XMM_J213631.9-543357
0200230101,ARCHIVED,NGC 7090,324.12000,-54.55722,53103.7934953704,27981,DAHLEM,MICHAEL,53621,Y,0.692 (3XMM J213631.9-543357),3XMM_J213631.9-543357
0200230201,ARCHIVED,NGC 7090,324.12000,-54.55722,53138.5257523148,18639,DAHLEM,MICHAEL,53621,Y,0.692 (3XMM J213631.9-543357),3XMM_J213631.9-543357
0852050201,ARCHIVED,NGC 7090 ULX2,324.09285,-54.54250,58968.2383796296,109200,WALTON,DOMINC,59346,Y,1.983 (3XMM J213631.9-543357),3XMM_J213631.9-543357
0861600201,ARCHIVED,NGC7793 P13,359.46195,-32.62405,59027.7087615741,4180,FUERST,FELIX,59417,Y,0.007 (NAME NGC 7793 P13),NAME_NGC_7793_P13
0883780301,ARCHIVED,NGC7793 P13,359.46195,-32.62405,59538.2811342593,7738,FUERST,FELIX,59557,Y,0.007 (NAME NGC 7793 P13),NAME_NGC_7793_P13
0883780101,PROCESSED,NGC7793 P13,359.46195,-32.62405,59363.6879166667,42000,FUERST,FELIX,59933,N,0.007 (NAME NGC 7793 P13),NAME_NGC_7793_P13
0861600101,ARCHIVED,NGC7793 P13,359.46195,-32.62405,59027.7571412037,69162,FUERST,FELIX,59417,Y,0.007 (NAME NGC 7793 P13),NAME_NGC_7793_P13
0883780201,PROCESSED,NGC7793 P13,359.46195,-32.62405,59538.3706944444,47000,FUERST,FELIX,59933,N,0.007 (NAME NGC 7793 P13),NAME_NGC_7793_P13
0823410301,ARCHIVED,NGC7793 P13,359.46240,-32.62405,58449.7560648148,28000,FUERST,FELIX,58868,Y,0.016 (NAME NGC 7793 P13),NAME_NGC_7793_P13
0781800101,ARCHIVED,NGC7793 P13,359.46240,-32.62405,57528.5124537037,53000,WALTON,DOMINIC,57916,Y,0.016 (NAME NGC 7793 P13),NAME_NGC_7793_P13
0853981001,ARCHIVED,NGC7793-P13,359.46240,-32.62405,58809.3249421296,53500,SCHARTEL (PS),NORBERT,58997,Y,0.016 (NAME NGC 7793 P13),NAME_NGC_7793_P13
0804670701,ARCHIVED,NGC7793 P13,359.46240,-32.62405,58082.9688541667,53000,WALTON,DOMINIC,58466,Y,0.016 (NAME NGC 7793 P13),NAME_NGC_7793_P13
0840990101,ARCHIVED,NGC7793 P13,359.46240,-32.62405,58619.9603587963,46500,FUERST,FELIX,59017,Y,0.016 (NAME NGC 7793 P13),NAME_NGC_7793_P13
0804670601,ARCHIVED,NGC7793 P13,359.46240,-32.62405,57924.0794675926,32500,WALTON,DOMINIC,58466,Y,0.016 (NAME NGC 7793 P13),NAME_NGC_7793_P13
0804670501,ARCHIVED,NGC7793 P13,359.46240,-32.62405,57916.0726157407,35100,WALTON,DOMINIC,58466,Y,0.016 (NAME NGC 7793 P13),NAME_NGC_7793_P13
0804670401,ARCHIVED,NGC7793 P13,359.46240,-32.62405,57904.869212963,34000,WALTON,DOMINIC,58466,Y,0.016 (NAME NGC 7793 P13),NAME_NGC_7793_P13
0804670301,ARCHIVED,NGC7793 P13,359.46240,-32.62405,57893.6347337963,57900,WALTON,DOMINIC,58466,Y,0.016 (NAME NGC 7793 P13),NAME_NGC_7793_P13
0804670201,ARCHIVED,NGC7793 P13,359.46240,-32.62405,57886.1174189815,30400,WALTON,DOMINIC,58466,Y,0.016 (NAME NGC 7793 P13),NAME_NGC_7793_P13
0823410401,ARCHIVED,NGC7793 P13,359.46240,-32.62405,58479.5727430556,28001,FUERST,FELIX,58868,Y,0.016 (NAME NGC 7793 P13),NAME_NGC_7793_P13
0693760401,ARCHIVED,CXOU J235750.9-32372,359.46240,-32.62394,56621.1838425926,49000,MOTCH,CHRISTIAN,56995,Y,0.018 (NAME NGC 7793 P13),NAME_NGC_7793_P13
0693760101,ARCHIVED,CXOU J235750.9-32372,359.46255,-32.62394,56061.1437731481,50957,MOTCH,CHRISTIAN,56437,Y,0.025 (NAME NGC 7793 P13),NAME_NGC_7793_P13
0748390901,ARCHIVED,NGC 7793 ULX3,359.53665,-32.56777,57001.9676157407,50000,SCHARTEL (PS),NORBERT,57201,Y,5.061 (NAME NGC 7793 P13),NAME_NGC_7793_P13
0784510301,ARCHIVED,CXOJ022727.5+333443,36.86471,33.57861,57771.8230787037,50000,PINTORE,FABIO,58205,Y,0.002 (NAME NGC 925 ULX-1),NAME_NGC_925_ULX-1
0862760201,ARCHIVED,NGC 925 ULX-3,36.83416,33.57028,59078.702962963,42000,EARNSHAW,HANNAH,59541,Y,1.606 (NAME NGC 925 ULX-1),NAME_NGC_925_ULX-1
0862760201,ARCHIVED,NGC 925 ULX-3,36.83416,33.57028,59078.702962963,42000,EARNSHAW,HANNAH,59541,Y,0.843 (NAME NGC 925 ULX-2),NAME_NGC_925_ULX-2
0784510301,ARCHIVED,CXOJ022727.5+333443,36.86471,33.57861,57771.8230787037,50000,PINTORE,FABIO,58205,Y,1.286 (NAME NGC 925 ULX-2),NAME_NGC_925_ULX-2
0793182901,ARCHIVED,SMC X-3,13.02350,-72.43450,57675.6098958333,36601,SCHARTEL (PS),NORBERT,57863,Y,0.001 (SMC X-3),SMC_X-3
0500980101,ARCHIVED,SMC POINTING 6_1,13.26000,-72.43806,54274.24375,25966,HABERL,FRANK,54653,Y,4.288 (SMC X-3),SMC_X-3
0831790101,ARCHIVED,SWIFT J005139.2-7217,12.91332,-72.28444,58444.4215972222,21999,SCHARTEL (PS),NORBERT,58631,Y,9.224 (SMC X-3),SMC_X-3
0764050201,ARCHIVED,SMC HMXBS,13.48707,-72.50444,57471.3299652778,35800,STURM,RICHARD,57848,Y,9.371 (SMC X-3),SMC_X-3
0764050101,ARCHIVED,SMC HMXBS,13.48707,-72.50444,57321.1469212963,28000,STURM,RICHARD,57848,Y,9.371 (SMC X-3),SMC_X-3
0740071301,ARCHIVED,SXP 59.0,13.73408,-72.44663,57857.6052430556,15827,LA PALOMBARA,NICOLA,58247,Y,12.884 (SMC X-3),SMC_X-3
0601210701,ARCHIVED,SMC SURVEY 7,12.36941,-72.28736,55101.4827777778,38915,HABERL,FRANK,55478,Y,14.810 (SMC X-3),SMC_X-3
0694870201,ARCHIVED,SS 433,287.95650,4.98275,56203.8011226852,134717,MEDVEDEV,ALEKSEI,56590,Y,0.002 (SS433),SS433
0137150901,ARCHIVED,SS433,287.95665,4.98278,52937.1662268518,11950,ASCHENBACH,BERND,53504,Y,0.008 (SS433),SS433
0137150101,ARCHIVED,SS433,287.95665,4.98278,52731.5599768519,18161,ASCHENBACH,BERND,53504,Y,0.008 (SS433),SS433
0137150801,ARCHIVED,SS433,287.95665,4.98278,52931.0013657407,20957,ASCHENBACH,BERND,53504,Y,0.008 (SS433),SS433
0137151801,ARCHIVED,SS433,287.95665,4.98278,53110.577349537,15954,ASCHENBACH,BERND,53504,Y,0.008 (SS433),SS433
0137151601,ARCHIVED,SS433,287.95665,4.98278,53084.6459490741,17673,ASCHENBACH,BERND,53504,Y,0.008 (SS433),SS433
0137150301,ARCHIVED,SS433,287.95665,4.98278,52733.5505092593,17326,ASCHENBACH,BERND,53504,Y,0.008 (SS433),SS433
0137151101,ARCHIVED,SS433,287.95665,4.98278,52737.5393171296,17325,ASCHENBACH,BERND,53504,Y,0.008 (SS433),SS433
0137151001,ARCHIVED,SS433,287.95665,4.98278,52735.544849537,17325,ASCHENBACH,BERND,53504,Y,0.008 (SS433),SS433
0811212901,ARCHIVED,SWIFT J0243.6+6124,40.91792,61.43411,58161.5645138889,20000,SCHARTEL (PS),NORBERT,58345,Y,0.022 (SWIFT J0243.6+6124),SWIFT_J0243.6+6124
0811212801,ARCHIVED,SWIFT J0243.6+6124_OFF,40.89999,61.40000,58155.5834953704,20000,SCHARTEL (PS),NORBERT,58345,Y,2.130 (SWIFT J0243.6+6124),SWIFT_J0243.6+6124
0207380101,ARCHIVED,VIIZW403,172.01325,78.99806,53285.0997685185,46948,HAYASHIDA,KIYOSHI,53684,Y,0.011 (NAME UGC 6456 ULX),NAME_UGC_6456_ULX
0723310201,ARCHIVED,V404 CYG,306.01590,33.86728,56578.6965162037,54300,TOMSICK,JOHN,56959,Y,0.004 (NOVA CYG 1989),NOVA_Cyg_1989
0304000201,ARCHIVED,V404 CYG,306.01575,33.86755,53682.946099537,40667,HYNES,ROBERT,54077,Y,0.022 (NOVA CYG 1989),NOVA_Cyg_1989
0723450201,ARCHIVED,ULX IN M83,204.27135,-29.86866,56668.4877199074,58000,KUNTZ,KIP,57044,Y,3.657 ([LB2005] NGC 5236 ULX1),[LB2005]_NGC_5236_ULX1
0729561001,ARCHIVED,M83 ULX,204.27135,-29.86866,57055.6545833333,33000,SCHARTEL (PS),NORBERT,57241,Y,3.657 ([LB2005] NGC 5236 ULX1),[LB2005]_NGC_5236_ULX1
0729561201,ARCHIVED,M83 ULX,204.27135,-29.86866,56844.7281481481,29800,SCHARTEL (PS),NORBERT,57035,Y,3.657 ([LB2005] NGC 5236 ULX1),[LB2005]_NGC_5236_ULX1
0723450101,ARCHIVED,ULX IN M83,204.27135,-29.86866,56511.6813078704,53000,KUNTZ,KIP,57044,Y,3.657 ([LB2005] NGC 5236 ULX1),[LB2005]_NGC_5236_ULX1
0723450301,ARCHIVED,ULX IN M83,204.27135,-29.86866,56668.4421180556,3940,KUNTZ,KIP,57044,Y,3.657 ([LB2005] NGC 5236 ULX1),[LB2005]_NGC_5236_ULX1
0761620101,ARCHIVED,M83-ULX1,204.27135,-29.86861,57241.1371990741,63000,SORIA,ROBERTO,57787,Y,3.658 ([LB2005] NGC 5236 ULX1),[LB2005]_NGC_5236_ULX1
0761620201,ARCHIVED,M83-ULX1,204.27135,-29.86861,57407.0602314815,75900,SORIA,ROBERTO,57787,Y,3.658 ([LB2005] NGC 5236 ULX1),[LB2005]_NGC_5236_ULX1
0110910201,ARCHIVED,M 83,204.25005,-29.86417,52666.4548032407,30672,WATSON,MICHAEL,53063,Y,4.773 ([LB2005] NGC 5236 ULX1),[LB2005]_NGC_5236_ULX1
0552080101,ARCHIVED,M83,204.23355,-30.06583,54694.3267824074,29814,KUNTZ,K.D.,55100,Y,11.414 ([LB2005] NGC 5236 ULX1),[LB2005]_NGC_5236_ULX1
0503230101,ARCHIVED,M83,204.23355,-30.06583,54481.7482986111,36906,KUNTZ,K.D.,54870,Y,11.414 ([LB2005] NGC 5236 ULX1),[LB2005]_NGC_5236_ULX1
0723450201,ARCHIVED,ULX IN M83,204.27135,-29.86866,56668.4877199074,58000,KUNTZ,KIP,57044,Y,0.002 (NAME M83 ULX-1),NAME_M83_ULX-1
0729561001,ARCHIVED,M83 ULX,204.27135,-29.86866,57055.6545833333,33000,SCHARTEL (PS),NORBERT,57241,Y,0.002 (NAME M83 ULX-1),NAME_M83_ULX-1
0729561201,ARCHIVED,M83 ULX,204.27135,-29.86866,56844.7281481481,29800,SCHARTEL (PS),NORBERT,57035,Y,0.002 (NAME M83 ULX-1),NAME_M83_ULX-1
0723450101,ARCHIVED,ULX IN M83,204.27135,-29.86866,56511.6813078704,53000,KUNTZ,KIP,57044,Y,0.002 (NAME M83 ULX-1),NAME_M83_ULX-1
0723450301,ARCHIVED,ULX IN M83,204.27135,-29.86866,56668.4421180556,3940,KUNTZ,KIP,57044,Y,0.002 (NAME M83 ULX-1),NAME_M83_ULX-1
0761620101,ARCHIVED,M83-ULX1,204.27135,-29.86861,57241.1371990741,63000,SORIA,ROBERTO,57787,Y,0.002 (NAME M83 ULX-1),NAME_M83_ULX-1
0761620201,ARCHIVED,M83-ULX1,204.27135,-29.86861,57407.0602314815,75900,SORIA,ROBERTO,57787,Y,0.002 (NAME M83 ULX-1),NAME_M83_ULX-1
0110910201,ARCHIVED,M 83,204.25005,-29.86417,52666.4548032407,30672,WATSON,MICHAEL,53063,Y,1.142 (NAME M83 ULX-1),NAME_M83_ULX-1
0552080101,ARCHIVED,M83,204.23355,-30.06583,54694.3267824074,29814,KUNTZ,K.D.,55100,Y,11.994 (NAME M83 ULX-1),NAME_M83_ULX-1
0503230101,ARCHIVED,M83,204.23355,-30.06583,54481.7482986111,36906,KUNTZ,K.D.,54870,Y,11.994 (NAME M83 ULX-1),NAME_M83_ULX-1
0151370601,OBSERVED,NGC 1365-X1,53.39375,-36.16056,52851.2116782407,0,,,0,N,0.054 (NAME NGC 1365-X1),NAME_NGC_1365-X1
0151370201,ARCHIVED,NGC 1365-X1,53.39375,-36.16056,52679.8638310185,10984,FABBIANO,GIUSEPPINA,53273,Y,0.054 (NAME NGC 1365-X1),NAME_NGC_1365-X1
0151370701,ARCHIVED,NGC 1365-X1,53.39375,-36.16056,52864.0133333333,11417,FABBIANO,GIUSEPPINA,53273,Y,0.054 (NAME NGC 1365-X1),NAME_NGC_1365-X1
0151370501,ARCHIVED,NGC 1365-X1,53.39375,-36.16056,52815.3239583333,19769,FABBIANO,GIUSEPPINA,53273,Y,0.054 (NAME NGC 1365-X1),NAME_NGC_1365-X1
0151370101,ARCHIVED,NGC 1365-X1,53.39375,-36.16056,52655.9841203704,19417,FABBIANO,GIUSEPPINA,53273,Y,0.054 (NAME NGC 1365-X1),NAME_NGC_1365-X1
0205590401,ARCHIVED,NGC 1365,53.40000,-36.14028,53210.2778009259,68811,FABBIANO,GIUSEPPINA,53643,Y,1.200 (NAME NGC 1365-X1),NAME_NGC_1365-X1
0205590301,ARCHIVED,NGC 1365,53.40000,-36.14028,53021.1326388889,59714,FABBIANO,GIUSEPPINA,53643,Y,1.200 (NAME NGC 1365-X1),NAME_NGC_1365-X1
0505140501,ARCHIVED,NGC 1365,53.40167,-36.14028,54285.2565162037,130924,RISALITI,GUIDO,54850,Y,1.222 (NAME NGC 1365-X1),NAME_NGC_1365-X1
0505140401,ARCHIVED,NGC 1365,53.40167,-36.14028,54283.2619560185,131130,RISALITI,GUIDO,54850,Y,1.222 (NAME NGC 1365-X1),NAME_NGC_1365-X1
0505140201,ARCHIVED,NGC 1365,53.40167,-36.14028,54281.2972916667,128878,RISALITI,GUIDO,54850,Y,1.222 (NAME NGC 1365-X1),NAME_NGC_1365-X1
0692840601,ARCHIVED,NGC 1365,53.40167,-36.14028,56285.5521759259,7230,RISALITI,GUIDO,56715,Y,1.222 (NAME NGC 1365-X1),NAME_NGC_1365-X1
0692840201,ARCHIVED,NGC 1365,53.40167,-36.14028,56133.9786111111,138538,RISALITI,GUIDO,56715,Y,1.222 (NAME NGC 1365-X1),NAME_NGC_1365-X1
0692840501,ARCHIVED,NGC 1365,53.40167,-36.14028,56335.4567013889,134716,RISALITI,GUIDO,56715,Y,1.222 (NAME NGC 1365-X1),NAME_NGC_1365-X1
0692840301,ARCHIVED,NGC 1365,53.40167,-36.14028,56285.648900463,126213,RISALITI,GUIDO,56715,Y,1.222 (NAME NGC 1365-X1),NAME_NGC_1365-X1
0692840701,ARCHIVED,NGC 1365,53.40167,-36.14028,56315.4820486111,2981,RISALITI,GUIDO,56715,Y,1.222 (NAME NGC 1365-X1),NAME_NGC_1365-X1
0692840401,ARCHIVED,NGC 1365,53.40167,-36.14028,56315.5296412037,133615,RISALITI,GUIDO,56715,Y,1.222 (NAME NGC 1365-X1),NAME_NGC_1365-X1
0505140801,ARCHIVED,NGC 1365,53.40167,-36.14028,54282.8020023148,4930,RISALITI,GUIDO,54850,Y,1.222 (NAME NGC 1365-X1),NAME_NGC_1365-X1
0505140701,ARCHIVED,NGC 1365,53.40167,-36.14028,54286.784849537,5729,RISALITI,GUIDO,54850,Y,1.222 (NAME NGC 1365-X1),NAME_NGC_1365-X1
0505140601,ARCHIVED,NGC 1365,53.40167,-36.14028,54284.792662037,5528,RISALITI,GUIDO,54850,Y,1.222 (NAME NGC 1365-X1),NAME_NGC_1365-X1
0692840501,ARCHIVED,NGC 1365,53.40167,-36.14028,56335.4567013889,134716,RISALITI,GUIDO,56715,Y,1.418 ([SK2009] X2),[SK2009]_X2
0505140701,ARCHIVED,NGC 1365,53.40167,-36.14028,54286.784849537,5729,RISALITI,GUIDO,54850,Y,1.418 ([SK2009] X2),[SK2009]_X2
0505140601,ARCHIVED,NGC 1365,53.40167,-36.14028,54284.792662037,5528,RISALITI,GUIDO,54850,Y,1.418 ([SK2009] X2),[SK2009]_X2
0505140501,ARCHIVED,NGC 1365,53.40167,-36.14028,54285.2565162037,130924,RISALITI,GUIDO,54850,Y,1.418 ([SK2009] X2),[SK2009]_X2
0505140401,ARCHIVED,NGC 1365,53.40167,-36.14028,54283.2619560185,131130,RISALITI,GUIDO,54850,Y,1.418 ([SK2009] X2),[SK2009]_X2
0505140201,ARCHIVED,NGC 1365,53.40167,-36.14028,54281.2972916667,128878,RISALITI,GUIDO,54850,Y,1.418 ([SK2009] X2),[SK2009]_X2
0692840601,ARCHIVED,NGC 1365,53.40167,-36.14028,56285.5521759259,7230,RISALITI,GUIDO,56715,Y,1.418 ([SK2009] X2),[SK2009]_X2
0692840201,ARCHIVED,NGC 1365,53.40167,-36.14028,56133.9786111111,138538,RISALITI,GUIDO,56715,Y,1.418 ([SK2009] X2),[SK2009]_X2
0692840301,ARCHIVED,NGC 1365,53.40167,-36.14028,56285.648900463,126213,RISALITI,GUIDO,56715,Y,1.418 ([SK2009] X2),[SK2009]_X2
0692840701,ARCHIVED,NGC 1365,53.40167,-36.14028,56315.4820486111,2981,RISALITI,GUIDO,56715,Y,1.418 ([SK2009] X2),[SK2009]_X2
0692840401,ARCHIVED,NGC 1365,53.40167,-36.14028,56315.5296412037,133615,RISALITI,GUIDO,56715,Y,1.418 ([SK2009] X2),[SK2009]_X2
0505140801,ARCHIVED,NGC 1365,53.40167,-36.14028,54282.8020023148,4930,RISALITI,GUIDO,54850,Y,1.418 ([SK2009] X2),[SK2009]_X2
0205590401,ARCHIVED,NGC 1365,53.40000,-36.14028,53210.2778009259,68811,FABBIANO,GIUSEPPINA,53643,Y,1.481 ([SK2009] X2),[SK2009]_X2
0205590301,ARCHIVED,NGC 1365,53.40000,-36.14028,53021.1326388889,59714,FABBIANO,GIUSEPPINA,53643,Y,1.481 ([SK2009] X2),[SK2009]_X2
0151370601,OBSERVED,NGC 1365-X1,53.39375,-36.16056,52851.2116782407,0,,,0,N,2.580 ([SK2009] X2),[SK2009]_X2
0151370201,ARCHIVED,NGC 1365-X1,53.39375,-36.16056,52679.8638310185,10984,FABBIANO,GIUSEPPINA,53273,Y,2.580 ([SK2009] X2),[SK2009]_X2
0151370501,ARCHIVED,NGC 1365-X1,53.39375,-36.16056,52815.3239583333,19769,FABBIANO,GIUSEPPINA,53273,Y,2.580 ([SK2009] X2),[SK2009]_X2
0151370701,ARCHIVED,NGC 1365-X1,53.39375,-36.16056,52864.0133333333,11417,FABBIANO,GIUSEPPINA,53273,Y,2.580 ([SK2009] X2),[SK2009]_X2
0151370101,ARCHIVED,NGC 1365-X1,53.39375,-36.16056,52655.9841203704,19417,FABBIANO,GIUSEPPINA,53273,Y,2.580 ([SK2009] X2),[SK2009]_X2
0693390101,ARCHIVED,IC 10 X-1,5.12124,59.28086,56157.9206712963,134465,STROHMAYER,TOD,56540,Y,0.013 (NAME IC 10 X-1),NAME_IC_10_X-1
0152260101,ARCHIVED,IC 10 X-1 & SHELL,5.12082,59.28067,52823.7497685185,45519,WILLIAMS,ROSA,53218,Y,0.027 (NAME IC 10 X-1),NAME_IC_10_X-1
0204870101,ARCHIVED,NGC 4945,196.35870,-49.47083,53014.769849537,64920,SCHURCH,NICHOLAS,53410,Y,1.298 ([WMR2006] NGC4945 XMM1),[WMR2006]_NGC4945_XMM1
0112310301,ARCHIVED,NGC 4945,196.35840,-49.47055,51930.3606712963,23503,TURNER,MARTIN,52335,Y,1.300 ([WMR2006] NGC4945 XMM1),[WMR2006]_NGC4945_XMM1
0111800301,ARCHIVED,M81,148.88751,69.06528,52021.3222222222,8027,BRINKMAN,BERT,52555,Y,2.086 ([LB2005] NGC 3031 X6),[LB2005]_NGC_3031_X6
0111800101,ARCHIVED,M81,148.88751,69.06528,52021.419837963,132663,BRINKMAN,BERT,52555,Y,2.086 ([LB2005] NGC 3031 X6),[LB2005]_NGC_3031_X6
0870900101,ARCHIVED,M81 NORTH,148.72566,69.18847,59167.3765393519,27000,ZEZAS,ANDREAS,59548,Y,7.314 ([LB2005] NGC 3031 X6),[LB2005]_NGC_3031_X6
0870900301,ARCHIVED,M81 NORTH,148.72566,69.18847,59167.3155555556,5269,ZEZAS,ANDREAS,59548,Y,7.314 ([LB2005] NGC 3031 X6),[LB2005]_NGC_3031_X6
0657801601,ARCHIVED,HOLMBERG IX X-1,149.17999,69.06400,55668.6310648148,21097,SAZONOV,SERGEY,56268,Y,8.350 ([LB2005] NGC 3031 X6),[LB2005]_NGC_3031_X6
0657802201,ARCHIVED,HOLMBERG IX X-1,149.17999,69.06400,55888.0290625,23913,SAZONOV,SERGEY,56268,Y,8.350 ([LB2005] NGC 3031 X6),[LB2005]_NGC_3031_X6
0657801801,ARCHIVED,HOLMBERG IX X-1,149.17999,69.06400,55830.1791435185,25393,SAZONOV,SERGEY,56268,Y,8.350 ([LB2005] NGC 3031 X6),[LB2005]_NGC_3031_X6
0657802001,ARCHIVED,HOLMBERG IX X-1,149.17999,69.06400,55644.6529398148,27461,SAZONOV,SERGEY,56268,Y,8.350 ([LB2005] NGC 3031 X6),[LB2005]_NGC_3031_X6
0870900201,ARCHIVED,M81 SOUTH,149.05871,68.94347,59169.3645949074,27000,ZEZAS,ANDREAS,59552,Y,9.472 ([LB2005] NGC 3031 X6),[LB2005]_NGC_3031_X6
0870900401,ARCHIVED,M81 SOUTH,149.05871,68.94347,59169.3099652778,4720,ZEZAS,ANDREAS,59552,Y,9.472 ([LB2005] NGC 3031 X6),[LB2005]_NGC_3031_X6
0112521001,ARCHIVED,HOLMBERG IX,149.47084,69.06111,52374.7071064815,10705,WATSON,MICHAEL,52791,Y,14.589 ([LB2005] NGC 3031 X6),[LB2005]_NGC_3031_X6
0112521101,ARCHIVED,HOLMBERG IX,149.47084,69.06111,52380.703912037,11518,WATSON,MICHAEL,52791,Y,14.589 ([LB2005] NGC 3031 X6),[LB2005]_NGC_3031_X6
0200980101,ARCHIVED,HOLMBERG IX,149.47167,69.06384,53274.2887962963,119166,STROHMAYER,TOD,53664,Y,14.601 ([LB2005] NGC 3031 X6),[LB2005]_NGC_3031_X6
0693850901,ARCHIVED,HOLMBERG IX X-1,149.47167,69.06342,56225.172962963,14014,HARRISON,FIONA,56629,Y,14.602 ([LB2005] NGC 3031 X6),[LB2005]_NGC_3031_X6
0693851801,ARCHIVED,HOLMBERG IX X-1,149.47167,69.06342,56245.1216087963,13817,HARRISON,FIONA,56629,Y,14.602 ([LB2005] NGC 3031 X6),[LB2005]_NGC_3031_X6
0693851001,ARCHIVED,HOLMBERG IX X-1,149.47167,69.06342,56227.1699305556,13916,HARRISON,FIONA,56629,Y,14.602 ([LB2005] NGC 3031 X6),[LB2005]_NGC_3031_X6
0693850801,ARCHIVED,HOLMBERG IX X-1,149.47167,69.06342,56223.1785069444,14115,HARRISON,FIONA,56629,Y,14.602 ([LB2005] NGC 3031 X6),[LB2005]_NGC_3031_X6
0693851101,ARCHIVED,HOLMBERG IX X-1,149.47167,69.06342,56247.1198842593,13316,HARRISON,FIONA,56629,Y,14.602 ([LB2005] NGC 3031 X6),[LB2005]_NGC_3031_X6
0693851701,ARCHIVED,HOLMBERG IX X-1,149.47167,69.06342,56243.1277893518,9918,HARRISON,FIONA,56629,Y,14.602 ([LB2005] NGC 3031 X6),[LB2005]_NGC_3031_X6
0870930301,ARCHIVED,HOLMBERG IX X-1,149.47203,69.06339,59151.4174537037,27000,WALTON,DOMINIC,59565,Y,14.610 ([LB2005] NGC 3031 X6),[LB2005]_NGC_3031_X6
0870930601,ARCHIVED,HOLMBERG IX X-1,149.47203,69.06339,59139.394537037,8000,WALTON,DOMINIC,59565,Y,14.610 ([LB2005] NGC 3031 X6),[LB2005]_NGC_3031_X6
0870930101,ARCHIVED,HOLMBERG IX X-1,149.47203,69.06339,59139.4871296296,24000,WALTON,DOMINIC,59565,Y,14.610 ([LB2005] NGC 3031 X6),[LB2005]_NGC_3031_X6
0843840101,ARCHIVED,HOLMBERG IX,149.47203,69.06339,58925.9924652778,27000,ISRAEL,GIANLUCA,59317,Y,14.610 ([LB2005] NGC 3031 X6),[LB2005]_NGC_3031_X6
0870930801,ARCHIVED,HOLMBERG IX X-1,149.47203,69.06339,59159.338587963,4811,WALTON,DOMINIC,59565,Y,14.610 ([LB2005] NGC 3031 X6),[LB2005]_NGC_3031_X6
0870931001,ARCHIVED,HOLMBERG IX X-1,149.47203,69.06339,59177.3507523148,26400,WALTON,DOMINIC,59565,Y,14.610 ([LB2005] NGC 3031 X6),[LB2005]_NGC_3031_X6
0870930901,ARCHIVED,HOLMBERG IX X-1,149.47203,69.06339,59171.3047685185,5020,WALTON,DOMINIC,59565,Y,14.610 ([LB2005] NGC 3031 X6),[LB2005]_NGC_3031_X6
0870930701,ARCHIVED,HOLMBERG IX X-1,149.47203,69.06339,59151.3599421296,4969,WALTON,DOMINIC,59565,Y,14.610 ([LB2005] NGC 3031 X6),[LB2005]_NGC_3031_X6
0870930501,ARCHIVED,HOLMBERG IX X-1,149.47203,69.06339,59171.3628703704,27000,WALTON,DOMINIC,59565,Y,14.610 ([LB2005] NGC 3031 X6),[LB2005]_NGC_3031_X6
0870930401,ARCHIVED,HOLMBERG IX X-1,149.47203,69.06339,59159.3942708333,27000,WALTON,DOMINIC,59565,Y,14.610 ([LB2005] NGC 3031 X6),[LB2005]_NGC_3031_X6
0842340201,ARCHIVED,2XMMJ123551.7+275604,188.96550,27.93447,58650.7638310185,75400,PINTORE,FABIO,59041,Y,0.002 ([LM2005] NGC 4559 ULX1),[LM2005]_NGC_4559_ULX1
0152170501,ARCHIVED,NGC4559 X1,188.96670,27.93361,52786.1123958333,42242,CROPPER,MARK,53176,Y,0.084 ([LM2005] NGC 4559 ULX1),[LM2005]_NGC_4559_ULX1
