,ndata,mean,std,max,min,max/min,sigma_xs,F_var,kurtosis,von_neumann,skew,t_diff_max,t_diff_min,t_diff_mean,y_diff_max,y_diff_min,y_diff_mean,ls_z_fal,ls_pow[0],ls_freq[0],ls_period[0],ls_fap[0],ls_pow[1],ls_freq[1],ls_period[1],ls_fap[1],ls_pow[2],ls_freq[2],ls_period[2],ls_fap[2],simbad_name,readable_name,curve
0,144.0,0.02244461899097222,0.00966353207798269,0.05972413,0.0002615167,228.37596987114014,-2.6850110061310084e-05,,1.207880860140511,1.314407041265487,0.7301962282596677,1387.6795718368012,0.3368889698977,31.65466788764686,0.03952139,-0.046089097,-9.364928671328675e-05,0.2623156909088418,0.4279910900626149,0.002723140951566917,367.2230037980928,0.0,0.23826009538901097,0.2725935238277395,3.6684657285986435,0.050000000000000044,0.2009980359687343,0.903616576911809,1.1066640714113392,0.17800000000000005,ESO_243-49_HLX-1,ESO 243-49 HLX-1,PC
1,144.0,0.0015781666666666667,0.0014810685519433446,0.007323,-0.000741,-9.882591093117409,-2.6944353010877984e-07,,1.1386550964019975,1.8956729649136803,0.9252210194674771,1387.6795718368012,0.3368889698977,31.65466788764686,0.005842999999999999,-0.006291,-1.839860139860139e-05,0.24100602194885204,0.13400038328794603,0.004402098801811605,227.16436977481465,0.04800000000000004,3.6684657285986435,0.2725935238277395,0.23826009538901097,28.0,1.1066640714113392,0.903616576911809,0.2009980359687343,101.03605651855469,ESO_243-49_HLX-1,ESO 243-49 HLX-1,HARD
2,144.0,0.020886312499999997,0.009420408296816686,0.052401,0.00056,93.5732142857143,6.14805432116356e-05,0.37541107139091046,0.4755303082239042,1.24384154523113,0.6188982260518703,1387.6795718368012,0.3368889698977,31.65466788764686,0.037233,-0.043517,-7.523076923076927e-05,0.23360510932907322,0.4466616086539242,0.002723140951566917,367.2230037980928,0.0,0.2220463498089668,0.27254934072641723,3.6690604252966867,0.015000000000000013,0.16690993488740838,0.9596407493883948,1.042056624457983,0.17100000000000004,ESO_243-49_HLX-1,ESO 243-49 HLX-1,SOFT
3,689.0,0.2812986221480407,0.11542085117004015,0.7060996,0.09124736,7.7383016889474945,0.010467877145430446,0.3637154115150141,-0.7980141064098003,0.3834155124354324,0.47780620291721204,1123.3207604085983,0.05529451379698003,7.941276520611482,0.41966210000000004,-0.3264131,2.088343023255832e-05,0.05447215087743407,0.3212149950806185,0.001549088689326148,645.5408311289129,0.0,0.04081303953355374,0.33418701668310646,2.99233647651923,0.10999999999999999,0.03800154768751952,0.05762934682583671,17.352270242141188,0.16900000000000004,NAME_Holmberg_IX_X-1,Holmberg IX X-1,PC
4,683.0,0.16308469399707176,0.07512040478766559,0.44661,0.052214,8.553453096870571,0.005253990683669609,0.44445873525472007,-0.49588888555854327,0.4285463936478448,0.662946273328519,1123.3207604085983,0.05529451379698003,7.696600423839009,0.278529,-0.22991099999999998,-0.00012868475073313777,0.03646201535887793,0.2831335987776073,0.00153342665870908,652.1342213013651,0.0,0.042386238217361843,0.33465837502252954,2.9881218419610116,0.0030000000000000027,0.030861152394361727,0.05761942963154949,17.355256836010927,0.07499999999999996,NAME_Holmberg_IX_X-1,Holmberg IX X-1,HARD
5,683.0,0.1194669692532943,0.045104291179637254,0.341951,0.035072,9.749971487226277,0.0017079837048742266,0.34593461065667847,0.06136849884550033,0.5529383259923514,0.5146244319914542,1123.3207604085983,0.05529451379698003,7.696600423839009,0.228126,-0.235546,-4.9978005865103e-05,0.042141222414261555,0.30929725790607154,0.0015715285629025856,636.3231465249461,0.0,0.04497748225836556,0.33469647692672305,2.9877816736593124,0.0040000000000000036,0.032815009050427016,0.5961136415983658,1.677532487461098,0.128,NAME_Holmberg_IX_X-1,Holmberg IX X-1,SOFT
6,220.0,0.1616794115909091,0.07727847354834162,0.3302447,0.0242563,13.614801103218545,0.0048331107944393535,0.4299902969981763,-0.7161589872392353,0.7076796908038715,0.06512272434246252,1378.1612510392006,0.06672064820304513,25.93237834545844,0.21631491000000003,-0.25756188,0.00021038310502283092,0.2700458614520153,0.5393748969989562,0.002514300226132994,397.7249771551764,0.0,0.3021734781262102,0.03442025382791189,29.052661987898688,0.0,0.23606925312223684,0.5139251812471408,1.9458085271737469,0.030000000000000027,Holmberg_II_X-1,Holmberg II X-1,PC
7,220.0,0.05744993181818181,0.03030505164429741,0.133261,0.000987,135.016210739615,0.0008156406389267747,0.49711848283744164,-0.9800161174853739,0.7516807531443213,-0.3639209132528374,1378.1612510392006,0.06672064820304513,25.93237834545844,0.083949,-0.098913,3.830136986301398e-05,0.2932614482165464,0.676894772598581,0.0010352162843286744,965.9817133271704,0.0,0.391682760042993,0.03442025382791189,29.052661987898688,0.0,0.2952280386916887,0.5146295069337143,1.943145479469763,0.007000000000000006,Holmberg_II_X-1,Holmberg II X-1,HARD
8,220.0,0.10473073636363636,0.051168163291547754,0.234259,0.020226,11.58207257984772,0.0024448345471792025,0.47211802298794153,-0.42671410744086025,0.7327962387711782,0.5149853075686328,1378.1612510392006,0.06672064820304513,25.93237834545844,0.149408,-0.186299,0.0001769086757990867,0.22924502498993862,0.41413363870902,0.002514300226132994,397.7249771551764,0.0,0.24583440264088685,0.03589933776971621,27.85566704362929,0.007000000000000006,0.20207412077597817,0.5139251812471408,1.9458085271737469,0.041000000000000036,Holmberg_II_X-1,Holmberg II X-1,SOFT
9,27.0,0.5092615555555556,0.035508492754888245,0.5656979,0.4364593,1.2961068764029084,-0.00027902025106743664,,-0.808888008870873,2.1931010472902117,-0.11442534531859389,1274.7738872094997,0.7406366260984214,161.96988114068068,0.10028549999999997,-0.09875070000000002,0.0044314346153846145,0.7089129463210092,0.7346598373286977,0.1251921304980966,7.987722519149906,0.010000000000000009,0.6549789112705575,0.447474271056446,2.234765358998387,0.03500000000000003,0.6439942353325843,0.4885550331523747,2.046852313745607,0.04800000000000004,[LM2005]_NGC_598_ULX1,M33 ULX-1,PC
10,27.0,0.2663067407407408,0.02114888461745475,0.306917,0.227553,1.3487714949923753,0.0002598742519515668,0.06053401314109289,-0.6889184050824273,2.1212727045392157,0.11904138994646882,1274.7738872094997,0.7406366260984214,161.96988114068068,0.06962499999999999,-0.06151099999999998,0.00015361538461538453,0.7222423300528651,0.7364383748016121,0.5759881927114554,1.7361466999740318,0.0030000000000000027,0.7078820028668781,0.1251921304980966,7.987722519149906,0.007000000000000006,0.6484341602245781,0.8109321581317551,1.2331487781959762,0.038000000000000034,[LM2005]_NGC_598_ULX1,M33 ULX-1,HARD
11,27.0,0.2453305925925926,0.022032080006813063,0.299797,0.188676,1.5889514299645953,0.0003099022593105414,0.07175640350329224,0.9626435286464421,1.9891675378979334,-0.21567156203961838,1274.7738872094997,0.7406366260984214,161.96988114068068,0.07121400000000003,-0.042080000000000006,0.004273884615384614,0.6901151996810896,0.5977105308076609,0.8428469235981876,1.1864550631933402,0.050000000000000044,0.5960112956002975,0.36816227949552005,2.716193525774192,0.04400000000000004,0.5700099404291875,0.9397785252603732,1.0640804967563415,0.07499999999999996,[LM2005]_NGC_598_ULX1,M33 ULX-1,SOFT
12,160.0,0.016223484103749998,0.008630711394909053,0.04061756,0.0005086245,79.85765530366704,-6.119746114093143e-06,,-0.4557969974666136,1.2308094449125129,0.2147283929070676,742.0753128232973,0.03475186340074288,37.98678564848995,0.029063999899999998,-0.022177208,-0.0001498043396226414,0.2835493621936637,0.31830816516317795,0.022689104697963147,44.07401760941992,0.0020000000000000018,0.2360898060017202,0.796046418012359,1.2562081524050956,0.07299999999999995,0.22732168649432621,0.9998577758993257,1.0001422443312464,0.10899999999999999,RX_J133001+47137,M51 ULX-7,PC
13,108.0,0.008183212962962963,0.005204632495032716,0.024678,-0.000643,-38.37947122861586,1.673283787270682e-05,0.4998744600135007,-0.2302053955716703,1.6716592581322938,0.25386244843624367,78.47598096639558,0.8894257986030425,12.637430959089716,0.016717,-0.014507000000000003,5.674329127026939e-20,,,,,,,,,,,,,,RX_J133001+47137,M51 ULX-7,HARD
14,108.0,0.009721972222222222,0.00491297172734312,0.024983,-0.000811,-30.805178791615294,1.1141148428435447e-05,0.3433290914316743,0.11286507158791448,1.7066845861549766,0.5096698277631376,78.47598096639558,0.8894257986030425,12.637430959089716,0.019983,-0.013869999999999999,-4.148598130841122e-05,0.8308607117647098,0.6831780950080146,0.026144114367425406,38.249526679165804,0.21899999999999997,0.6551801943060093,0.33334602931532287,2.9998857405140034,0.32899999999999996,0.6263558111944469,0.3601171157888758,2.7768744004555046,0.45799999999999996,RX_J133001+47137,M51 ULX-7,SOFT
15,608.0,0.058406824539473684,0.02312427454815673,0.1130205,0.01476236,7.655991318461275,0.00010389212969679759,0.17451297787035555,-1.0487340827155416,0.6673580328803506,0.1460552697233565,740.8058110925995,0.05529451390611939,9.70673905242751,0.06301789,-0.07365047,9.819777594728166e-05,0.06698377674838953,0.17680652187723558,0.0014752213959247948,677.8643549791485,0.0,0.05908154355117041,0.047198308560974706,21.187199933406866,0.030000000000000027,0.047791726050723966,0.9864055088354854,1.0137818483805547,0.19699999999999995,[LM2005]_NGC_3031_ULX1,M81 X-6,PC
16,604.0,0.03533823675496688,0.017152627364494494,0.083963,0.000324,259.14506172839504,0.00023161679643452166,0.43066556617495094,-1.0514894313661047,0.6882771187043144,0.13652298492041967,740.8058110925995,0.05529451390611939,8.68174080939868,0.04570300000000001,-0.050342,3.2679933665008354e-05,0.05152965532712805,0.16842016556169134,0.0019932972097854735,501.6813323626856,0.0,0.04019555775946965,0.04722652399386241,21.1745416649754,0.17000000000000004,0.030315563921760248,0.41631284490684156,2.4020397454317566,0.808,[LM2005]_NGC_3031_ULX1,M81 X-6,HARD
17,604.0,0.02334049503311258,0.00903747960060947,0.062062,-0.003167,-19.59646353015472,3.6208099091056855e-05,0.2578058688840498,0.4445161735958747,1.276079518975179,0.440963151175707,740.8058110925995,0.05529451390611939,8.68174080939868,0.027288000000000003,-0.031701,-2.9834162520730004e-06,0.05733562178672394,0.11507244324833672,0.0030247981584088494,330.6005715521975,0.0,0.046068369360952925,0.03939475753209233,25.384088204765963,0.09699999999999998,0.04202090012346912,0.622116386026624,1.6074162688220917,0.21899999999999997,[LM2005]_NGC_3031_ULX1,M81 X-6,SOFT
18,415.0,1.9543810450602408,0.2998894860351719,2.782647,0.2070899,13.436903489740446,0.04722397235640045,0.11119160934709203,4.402665555165999,1.3621771719487652,-0.6543847514241204,899.5268307119986,0.06592641200404614,12.560466188022465,1.8840601,-1.6753071000000002,0.00039926811594203065,0.45062212064930085,0.23705247500351234,0.9856475970800507,1.014561393912457,0.43899999999999995,0.03939475753209233,0.046068369360952925,28.0,28.0,0.622116386026624,0.04202090012346912,101.03605651855469,100.0,M82_X-2,M82 X-2,PC
19,415.0,0.726190021686747,0.18194618294423723,1.293429,0.085974,15.044420406169307,0.02918635495117157,0.2352554281039822,1.4440189882556185,0.8271568112939148,0.9285479972708364,899.5268307119986,0.06592641200404614,12.560466188022465,0.7104499999999999,-0.603789,-5.440338164251386e-05,0.3269539519313143,0.18665149681813778,0.9958783013815738,1.0041387573287903,0.41700000000000004,0.17279733742923986,0.0027692195408649013,361.11257530981936,0.487,0.16655861495649968,0.04488433687232287,22.279487003329937,0.5349999999999999,M82_X-2,M82 X-2,HARD
20,415.0,1.2359391927710843,0.17301166214152988,1.714999,0.123133,13.92802092046811,0.02322673106311815,0.12330961487483662,6.637985234824159,2.0209420604368087,-1.605754741294694,899.5268307119986,0.06592641200404614,12.560466188022465,1.232183,-1.0781100000000001,0.0004713840579710178,0.39780423227701417,0.24797360871070742,0.9856475970800507,1.014561393912457,0.42200000000000004,0.22499507808781496,0.038307455535629434,26.104579017781763,0.548,0.22044058200051364,0.486689225261782,2.054699278501834,0.562,M82_X-2,M82 X-2,SOFT
21,8.0,0.030968104999999996,0.008251671947123807,0.04633334,0.02018923,2.294953299358123,-7.625462961103993e-05,,-0.6919841595048366,2.7016426759550285,0.39116121754881494,1439.7174355636016,3.299104919002275,317.7891838594577,0.018567659999999996,-0.02581213,-0.0022037714285714285,0.9859598267288007,0.9837966153695711,0.7151302116916058,1.3983467397280678,0.009000000000000008,0.9705292798494215,0.5143681869267367,1.9441326765849023,0.028000000000000025,0.9637404242842534,0.10241494130531681,9.764200293967123,0.04500000000000004,[LM2005]_NGC_1042_ULX1,NGC1042 ULX-1,PC
22,8.0,0.015679875,0.00459957091578932,0.022551,0.007783,2.897468842348709,4.7717895892857246e-06,0.13931505363956426,-0.80255176784586,2.868099727044414,-0.09984859167913267,1439.7174355636016,3.299104919002275,317.7891838594577,0.008693000000000001,-0.014768000000000002,-0.0010835714285714287,0.9879244719159266,2.3345834337285534,0.9229049717595023,1.0835351749091973,0.0,1.0090702974063044,0.9518549816002044,1.050580203214209,0.0,0.9996639997434686,0.8215799373170447,1.2171670151362322,0.0,[LM2005]_NGC_1042_ULX1,NGC1042 ULX-1,HARD
23,8.0,0.015691249999999997,0.005600909630363625,0.024554,0.008731,2.8122780895659147,1.606508458928571e-05,0.2554370950052106,-1.1520420028097627,2.1052680692910344,0.4234009203470404,1439.7174355636016,3.299104919002275,317.7891838594577,0.011814999999999999,-0.011043999999999998,-0.001120285714285714,0.9868766007612915,1.0948584930469536,0.9570695796460451,1.044856112101935,0.0,1.086088808605755,0.8584417510893674,1.1649014027230087,0.0,0.9961647031336753,0.7056000842285176,1.417233390913453,0.0010000000000000009,[LM2005]_NGC_1042_ULX1,NGC1042 ULX-1,SOFT
24,497.0,0.11403162418511066,0.06347253839322096,0.3713314,0.04794828,7.744415440970979,0.0031911674582372346,0.4953925682964661,4.9510316070458,0.9679413990924666,2.331137975201487,1025.516022696902,0.06906107639952097,11.27641172370584,0.24754474999999998,-0.25435555,-6.368316532258146e-05,0.03034690326006988,0.060865674233671556,0.0013575834372949788,736.6029759412258,0.0,0.02311995684934741,0.14592856713565483,6.852667847210495,0.17000000000000004,0.022646907166141116,0.8919191340204392,1.1211778757255408,0.20499999999999996,NAME_NGC_1313_X-1,NGC1313 X-1,PC
25,497.0,0.05979830382293763,0.04034968085849677,0.257582,0.01681,15.323140987507436,0.00151918053150628,0.6518022085727232,6.7499514511592125,1.1161451959565947,2.627835606421672,1025.516022696902,0.06906107639952097,11.27641172370584,0.17806,-0.184612,-2.2475806451612718e-05,0.02838282820286292,0.048444079675516345,0.0013575834372949788,736.6029759412258,0.0,0.02207146847810837,0.24372763723583146,4.102940525503054,0.139,0.021079825405874112,0.5580434786181176,1.7919750670257786,0.20399999999999996,NAME_NGC_1313_X-1,NGC1313 X-1,HARD
26,497.0,0.054753706237424545,0.02568167315198787,0.178408,0.019394,9.199133752707022,0.0005607550028179967,0.432486999192725,3.2761098304328033,0.8462761454381965,1.8056445085507027,1025.516022696902,0.06906107639952097,11.27641172370584,0.10813400000000001,-0.10075500000000001,-4.2221774193548375e-05,0.042344638607284726,0.07379000650664781,0.004718867747867778,211.91524183992024,0.0,0.036369552839572813,0.7216736595242998,1.3856678663582684,0.041000000000000036,0.0283389093427661,0.5202826676397679,1.922032122531473,0.361,NAME_NGC_1313_X-1,NGC1313 X-1,SOFT
27,451.0,0.06133858219512195,0.030963408723648736,0.1497485,0.01418054,10.560140869106537,0.0005643228727855976,0.3872844798455573,-1.0120276802060963,1.018536150447196,0.41468346041739557,1025.516022696902,0.06906107639952097,12.429111588821543,0.09558140999999999,-0.09946516,2.954502222222251e-05,0.05609820434389424,0.11644493664385164,0.006757093340437218,147.99262783830287,0.0,0.041860251658265756,0.9902188209307776,1.0098777955563685,0.28,0.03856320829908912,0.502296220742791,1.990857105238039,0.485,NAME_NGC_1313_X-2,NGC1313 X-2,PC
28,451.0,0.03594720399113083,0.022385049461828278,0.090155,0.003303,27.294883439297607,0.00044444100058082283,0.5864647885948227,-1.0860390992779358,1.0794441828874104,0.4705947920510902,1025.516022696902,0.06906107639952097,12.429111588821543,0.06572,-0.075204,2.949777777777798e-05,0.05559485679614561,0.10211179890327059,0.010976577900509217,91.10307502610706,0.0,0.048643745543682275,0.9983717233010863,1.0016309323079884,0.06299999999999994,0.04103375365091575,0.502296220742791,1.990857105238039,0.269,NAME_NGC_1313_X-2,NGC1313 X-2,HARD
29,451.0,0.025665450110864747,0.010716932418598429,0.070135,0.006072,11.550559947299078,7.343765170328653e-05,0.33389545341145155,0.3308832523072298,1.1911192085182136,0.563659497020332,1025.516022696902,0.06906107639952097,12.429111588821543,0.04704,-0.035377000000000006,5.111111111099261e-08,0.06857422686829795,0.11643630027239443,0.006721334996707794,148.77996714786784,0.0,0.0543785705573397,0.487098924657786,2.0529710688697484,0.10099999999999998,0.043941541026892274,0.9953322640840853,1.0046896258509312,0.46599999999999997,NAME_NGC_1313_X-2,NGC1313 X-2,SOFT
30,117.0,0.021976999470085475,0.009629015093540397,0.07241052,0.008044567,9.00117060371304,-8.846328197831884e-07,,7.27410353860305,1.683969681993872,2.2040109576734563,813.7145818241042,0.06302333329949761,22.765149007922382,0.063531048,-0.05322930000000001,-6.398413793103442e-05,0.1734405671187592,0.1549110228810947,0.005619886905045204,177.9395238545208,0.026000000000000023,0.12266095713121959,0.13914219204594183,7.186892669261822,0.17900000000000005,0.10313260609529223,0.9831425145020689,1.0171465329281064,0.41100000000000003,[LM2005]_NGC_247_ULX1,NGC247 ULX-1,PC
31,117.0,0.0017046495726495726,0.002313682835182052,0.014574,-0.000578,-25.21453287197232,3.316427679929267e-06,1.0683170303957208,10.384649995283008,2.013886882064997,2.77317613075822,813.7145818241042,0.06302333329949761,22.765149007922382,0.014797,-0.014854000000000001,-3.040517241379309e-05,0.09397556884477058,0.06641173243503934,0.06317913359085431,15.828010660544388,0.09599999999999997,0.053256813261417894,0.18927932534331765,5.283197191168053,0.28500000000000003,0.048522147894233834,0.22381487335480313,4.467978311766383,0.366,[LM2005]_NGC_247_ULX1,NGC247 ULX-1,HARD
32,117.0,0.020302051282051283,0.008046449377651844,0.057835,0.007174,8.061750766657374,4.383318925493663e-05,0.32610812157584795,4.233711410651114,1.6119608452748513,1.627928571355056,813.7145818241042,0.06302333329949761,22.765149007922382,0.048733,-0.038393,-3.467241379310344e-05,0.1798552291846809,0.1623593556779109,0.005619886905045204,177.9395238545208,0.029000000000000026,0.1450829746534033,0.13914219204594183,7.186892669261822,0.09499999999999997,0.12652098259626893,0.9830667786511665,1.0172248942966693,0.238,[LM2005]_NGC_247_ULX1,NGC247 ULX-1,SOFT
33,14.0,0.1480271357142857,0.04200014513426636,0.2774017,0.1003241,2.7650554552694713,0.0008925740173417495,0.2018277062346684,3.6959989022441766,1.8160483415311077,1.9322450483751237,1788.6406453398013,0.3219969675046741,362.37901958989994,0.08972399999999997,-0.14944809999999997,-0.0037704076923076933,0.7962689235771575,0.7409342603393625,0.6089057996834637,1.6422901547658841,0.027000000000000024,0.677233380791885,0.017727067887093006,56.41090824321236,0.07299999999999995,0.6767385345284715,0.4197286055086251,2.382491893275191,0.08499999999999996,[LB2005]_NGC_253_X2,NGC253 X-2,PC
34,14.0,0.07525664285714286,0.026195748942493772,0.149741,0.047721,3.1378428783973518,0.0006112776718681321,0.32852953988728534,1.9928898075662316,1.9644417927793025,1.5217575809387638,1788.6406453398013,0.3219969675046741,362.37901958989994,0.04862300000000001,-0.08638600000000002,-0.0034730769230769233,0.7701642306173992,0.7822942923410813,0.611707795826987,1.6347674605782465,0.014000000000000012,0.708610749581194,0.3868263780657391,2.5851391133157295,0.03500000000000003,0.690561388756662,0.8889355960876908,1.124940889307523,0.05500000000000005,[LB2005]_NGC_253_X2,NGC253 X-2,HARD
35,14.0,0.07379857142857141,0.018779813751222677,0.131033,0.044813,2.9239952692299114,0.00025417924534065946,0.21603399058568182,3.6145005514866666,1.8215884863597647,1.7485112233749134,1788.6406453398013,0.3219969675046741,362.37901958989994,0.04370400000000001,-0.06577200000000001,-0.0003564615384615384,0.8040779869776717,0.7211791603332443,0.5542244203977384,1.8043232365732842,0.07499999999999996,0.6997104850263912,0.6150617003018102,1.6258531453174552,0.08599999999999997,0.6942236764875762,0.02952941527950888,33.86453780186844,0.08899999999999997,[LB2005]_NGC_253_X2,NGC253 X-2,SOFT
36,10.0,0.024675561300000003,0.00931220827698496,0.04196067,0.008477193,4.949830680981311,-1.3433548763861058e-05,,-0.594371506642243,0.9957579232360827,0.21405364266472665,1788.6399353396992,0.5873427651022212,395.23746085335574,0.014471900000000003,-0.013839120000000003,-0.0018303355555555553,0.9090605984192125,0.9277199533466639,0.7757803600424388,1.2890246408729598,0.0040000000000000036,0.9034172237187774,0.8182302273742269,1.2221499115341758,0.014000000000000012,0.8939886476084278,0.6460693084736502,1.5478215524004957,0.014000000000000012,[LB2005]_NGC_253_X9,NGC253 X-9,PC
37,10.0,0.0104992,0.00781635606660802,0.029265,0.002635,11.106261859582542,5.7169777500000005e-05,0.7201567609698291,0.6884495627071874,1.0431231937802012,1.153212799486664,1788.6399353396992,0.5873427651022212,395.23746085335574,0.009545,-0.014693000000000001,-0.0018983333333333337,0.8810499686373189,0.8965199338787936,0.8040615299336831,1.2436859155324562,0.007000000000000006,0.8888571758578376,0.1434178992734033,6.972630369474733,0.009000000000000008,0.8414595875513454,0.8358848741850633,1.1963369967364692,0.017000000000000015,[LB2005]_NGC_253_X9,NGC253 X-9,HARD
38,10.0,0.0141685,0.005073543953687599,0.022534,0.005686,3.9630671825536403,1.1899562999999996e-05,0.24346785627024087,-1.0494305468688618,2.2310016790789584,0.08538150597698091,1788.6399353396992,0.5873427651022212,395.23746085335574,0.011406999999999999,-0.009281999999999999,6.188888888888891e-05,0.8776651841332556,0.8687655169081387,0.6030571912434277,1.6582175198642874,0.017000000000000015,0.8640405248009577,0.6331937857995051,1.5792953475330547,0.01100000000000001,0.8242377068469076,0.6689528793399254,1.494873601540856,0.025000000000000022,[LB2005]_NGC_253_X9,NGC253 X-9,SOFT
39,70.0,0.022371774114285717,0.008552863492578009,0.05667586,0.00954609,5.937075808000972,-3.147289532036624e-05,,3.083586969706608,1.816801963316516,1.432872479751663,2417.6522727492993,0.3347121063998202,79.39319807059856,0.03340554,-0.03423382,6.842463768115928e-05,0.2855565879491154,0.31207492625545724,0.0717175537711761,13.943587691105948,0.007000000000000006,0.2980790362111419,0.7318332428453295,1.3664315057786283,0.008000000000000007,0.2588556346854265,0.2565251207250705,3.8982536960648972,0.03500000000000003,NAME_NGC_300_ULX1,NGC300 ULX-1,PC
40,70.0,0.006051942857142857,0.0031904851215795393,0.019693,0.001254,15.70414673046252,3.433948752173913e-06,0.306197814110695,3.5993948449077395,2.2602693262626707,1.5424992300557256,2417.6522727492993,0.3347121063998202,79.39319807059856,0.01645,-0.014438,-4.927536231884057e-05,0.3363432434836452,0.2888355107240667,0.5204107576161706,1.9215590480501765,0.040000000000000036,0.2779579945992261,0.7294601705711289,1.3708767666054373,0.06499999999999995,0.264969442267989,0.23502143504039175,4.254931044175336,0.119,NAME_NGC_300_ULX1,NGC300 ULX-1,HARD
41,70.0,0.016409542857142856,0.007182771625187024,0.044177,0.003683,11.994841162096117,3.292834318219461e-05,0.3496942225405575,2.4976399493913988,1.8577743049912476,1.3034972690133995,2417.6522727492993,0.3347121063998202,79.39319807059856,0.035292000000000004,-0.019795000000000004,0.00011769565217391306,0.3133495025495989,0.2848597577275497,0.7353015792460841,1.3599861991664906,0.016000000000000014,0.26190223764183596,0.028819708814474026,34.69847688043862,0.040000000000000036,0.23992140367722714,0.24268828392627043,4.120512056955348,0.09399999999999997,NAME_NGC_300_ULX1,NGC300 ULX-1,SOFT
42,142.0,0.02811540342957746,0.014266825192404412,0.07112366,0.00863853,8.233305898109979,4.772101550308791e-05,0.24570303374440897,1.072919237636933,1.3359166906648774,1.2913931494838482,1718.1627092210983,0.06664285880106036,41.53913490754823,0.05498353,-0.05050733,-6.085361702127649e-05,0.16499744811816497,0.18508596430643828,0.14124201341359754,7.080046339127935,0.0020000000000000018,0.14197977439276177,0.0027415005317977777,364.7637446724243,0.03500000000000003,0.12428473122560771,0.8657745287799751,1.1550351353130839,0.09599999999999997,[LM2005]_NGC_4395_ULX1,NGC4395 ULX-1,PC
43,142.0,0.003918366197183098,0.004742936239900214,0.033237,-0.000711,-46.74683544303797,1.687095239641395e-05,1.0482497771842905,11.191291137694632,1.7229826428554469,2.8398524198925665,1718.1627092210983,0.06664285880106036,41.53913490754823,0.029875000000000002,-0.032042,-1.2836879432624144e-05,,,,,,,,,,,,,,[LM2005]_NGC_4395_ULX1,NGC4395 ULX-1,HARD
44,142.0,0.024273690140845076,0.011022915700384817,0.058118,0.008339,6.969420793860176,8.887244576870442e-05,0.3883718665211021,0.41363978870526985,1.285062852419187,1.0501845260877682,1718.1627092210983,0.06664285880106036,41.53913490754823,0.033919,-0.035941999999999995,-3.636170212765972e-05,0.16544340613923755,0.186946008876369,0.14124201341359754,7.080046339127935,0.0030000000000000027,0.15330348402407842,0.0027415005317977777,364.7637446724243,0.01100000000000001,0.12361232933740389,0.07912849444614345,12.637672522388524,0.10899999999999999,[LM2005]_NGC_4395_ULX1,NGC4395 ULX-1,SOFT
45,64.0,0.05955076796875,0.012527616053821003,0.104701,0.03618995,2.8930960114617457,-6.086389737435587e-05,,1.0851185967050592,0.9536303753449429,0.8155616717476986,285.2292780081043,1.9472109049966093,20.61046897009048,0.05044696,-0.03440858000000001,0.0003116144444444446,0.3009641223689309,0.36256729787827746,0.8039514696255696,1.2438561751317372,0.0010000000000000009,0.33823592479513376,0.004850716811939236,206.15509805451137,0.0,0.25977056469478316,0.5114510205906652,1.9552214381058792,0.04500000000000004,[LM2005]_NGC_5204_ULX1,NGC5204 ULX-1,PC
46,64.0,0.023078453125000002,0.005503424499032647,0.036445,0.010486,3.475586496280755,9.580578858134921e-06,0.13411865172324458,0.0233630849109141,1.3591700305098502,0.32201438279629585,285.2292780081043,1.9472109049966093,20.61046897009048,0.021628999999999995,-0.01769,0.0002190476190476191,0.3345399493202002,0.24582788047017967,0.5553491922467725,1.8006688655732201,0.23199999999999998,0.23158560013650084,0.24698378994667844,4.048848712767307,0.33299999999999996,0.2234186143524426,0.5114510205906652,1.9552214381058792,0.374,[LM2005]_NGC_5204_ULX1,NGC5204 ULX-1,HARD
47,64.0,0.036649875,0.00907940243507936,0.069028,0.01963,3.516454406520632,4.986069723983135e-05,0.19266670756342516,1.1770545659099225,0.9957170133274704,0.9309051448840058,285.2292780081043,1.9472109049966093,20.61046897009048,0.028734000000000003,-0.020822,9.241269841269832e-05,0.2978277816463627,0.40463695965933527,0.0020782007073429864,481.1854776425884,0.0,0.3981149561495222,0.8041054982980472,1.2436179109788192,0.0,0.23988326914670843,0.4019366344591133,2.48795435466016,0.06999999999999995,[LM2005]_NGC_5204_ULX1,NGC5204 ULX-1,SOFT
48,479.0,0.08090477185803759,0.019353905067791728,0.1405589,0.01202121,11.692575040282966,-8.022454464869528e-05,,0.9517109416030132,1.4373300477979765,-0.3410246965724066,1752.7879783911994,0.0689283911997336,10.287493053972394,0.08767152,-0.08909128,2.325389121338932e-05,0.09916814246541,0.09237528237010652,0.13403719766143107,7.460615541410621,0.010000000000000009,0.07878323546016597,0.00522985892900912,191.20974649109053,0.08299999999999996,0.068359014003352,0.965692537857378,1.0355262786007868,0.261,[LM2005]_NGC_5408_ULX1,NGC5408 ULX-1,PC
49,479.0,0.017768173277661795,0.006186492805541995,0.04796,0.001114,43.05206463195692,1.369472646815629e-05,0.20827344482542898,1.7529786023018223,1.669189553259447,0.5364256830234494,1752.7879783911994,0.0689283911997336,10.287493053972394,0.032670000000000005,-0.026492,-1.8472803347280305e-05,0.10248933077008263,0.060816953421431785,0.005473889251836569,182.68546439160886,0.606,0.05864820806279301,0.13509466239368334,7.402216951295015,0.655,0.05756025844261472,0.5333114775276092,1.8750768399658726,0.752,[LM2005]_NGC_5408_ULX1,NGC5408 ULX-1,HARD
50,479.0,0.06342927557411274,0.0163672983240753,0.106032,0.008676,12.221300138312587,0.0001780906592028197,0.21039277381147273,0.3928040029998989,1.3686522163887254,-0.23607135383009076,1752.7879783911994,0.0689283911997336,10.287493053972394,0.073847,-0.069316,4.171966527196659e-05,0.09235444424048908,0.08811691057622363,0.13403719766143107,7.460615541410621,0.031000000000000028,0.08274618694071444,0.005189187208537878,192.70840688782224,0.05800000000000005,0.0666472846119886,0.9656518661369068,1.0355698933203568,0.277,[LM2005]_NGC_5408_ULX1,NGC5408 ULX-1,SOFT
51,165.0,0.07038542709090909,0.03129438453665018,0.1937126,0.03086662,6.275795665349818,0.0005627524512574682,0.33703573274368226,4.323968013318342,1.4242730462326125,2.1334410071545697,1090.6535481574974,0.08507476850354578,19.505302708989646,0.1260841,-0.13395104000000002,6.438420731707254e-05,0.14547770323938594,0.09331150357053317,0.3329922716766179,3.00307269884972,0.40900000000000003,0.0886993449414072,0.6067139600759085,1.6482231591883691,0.481,0.08744362574501215,0.033448962146923666,29.89629381047839,0.5,[SRW2006b]_NGC_55_ULX,NGC55 ULX,PC
52,165.0,0.021269442424242425,0.014245104008832039,0.09316,0.004221,22.07059938403222,0.00017083819546799707,0.6145205104487265,7.057942821743335,1.6212210664137519,2.4468499604563716,1090.6535481574974,0.08507476850354578,19.505302708989646,0.068667,-0.07375300000000001,2.18292682926828e-05,0.13142966207649107,0.10429459368354611,0.811036134056923,1.2329906868610794,0.08899999999999997,0.0962396446770554,0.7582674942650086,1.3187958175225534,0.14500000000000002,0.08337950841646455,0.01475485871353219,67.77428502808132,0.356,[SRW2006b]_NGC_55_ULX,NGC55 ULX,HARD
53,165.0,0.049472303030303026,0.018961368257886954,0.115024,0.021198,5.4261722804038115,0.00028888931921463413,0.3435608073599,2.694815965152845,1.4163820114180055,1.7326479790985312,1090.6535481574974,0.08507476850354578,19.505302708989646,0.079781,-0.071748,3.7432926829268494e-05,0.16038996199555128,0.10809762081345897,0.022445075176097916,44.55320341563901,0.269,0.10469755646821455,0.6067139600759085,1.6482231591883691,0.33399999999999996,0.10444144094676393,0.45097144618768714,2.217435290978081,0.349,[SRW2006b]_NGC_55_ULX,NGC55 ULX,SOFT
54,2.0,0.0157583,0.0014948599999999998,0.01725316,0.01426344,1.209607219576764,-7.268588160445852e-05,,-2.0,4.0,1.671485281086249e-15,351.12340202659834,351.12340202659834,351.12340202659834,-0.0029897199999999995,-0.0029897199999999995,-0.0029897199999999995,,,,,,,,,,,,,,[SST2011]_J141939.39+564137.8,NGC5585 ULX,PC
55,2.0,0.010422,0.0025849999999999996,0.013007,0.007837,1.6596912083705497,1.3305914999999971e-06,0.11068054871751683,-2.0,3.9999999999999996,-1.0535166056891682e-15,351.12340202659834,351.12340202659834,351.12340202659834,-0.005169999999999999,-0.005169999999999999,-0.005169999999999999,,,,,,,,,,,,,,[SST2011]_J141939.39+564137.8,NGC5585 ULX,HARD
56,2.0,0.005335,0.001091,0.006426,0.004244,1.5141376060320453,-4.649280000000001e-06,,-2.0,4.0,0.0,351.12340202659834,351.12340202659834,351.12340202659834,0.002182,0.002182,0.002182,,,,,,,,,,,,,,[SST2011]_J141939.39+564137.8,NGC5585 ULX,SOFT
57,70.0,0.02408622135714286,0.011552013600461026,0.04712107,0.002760688,17.06859666865651,-1.2919776400641873e-05,,-0.964216950463499,1.0798721278474246,0.1158902240810497,823.7590086261043,0.6657478159031598,56.02351761703914,0.029792410000000002,-0.027967899999999997,0.0003250320289855073,0.37759139782195084,0.33876816613101324,0.28462830019140006,3.513354080839972,0.05700000000000005,0.3183846528860114,0.5023422526185091,1.9906746740641472,0.10499999999999998,0.310015484516062,0.36632277045813133,2.729833034264777,0.136,NAME_NGC_5907_ULX,NGC5907 ULX,PC
58,71.0,0.01788067605633803,0.009274393174446264,0.038021,-0.00017,-223.65294117647056,6.055775695774649e-05,0.43521209381077514,-0.6415391610518912,1.0263776895659884,0.11610811326811643,823.7590086261043,0.6657478159031598,55.22318165108144,0.022005,-0.022885,0.0002029857142857143,733.9682789600396,3026.0074303361025,0.7086220834946696,1.411189438336947,0.0040000000000000036,2035.1539292469356,0.8273092999556458,1.2087377720202257,0.008000000000000007,720.8216691157314,0.7458217821151761,1.3408028888134182,0.014000000000000012,NAME_NGC_5907_ULX,NGC5907 ULX,HARD
59,71.0,0.006017366197183098,0.004217131957907728,0.019723,-0.000659,-29.92867981790592,8.240205105030181e-06,0.47704853759181737,0.7669192802588376,1.5810316911674147,0.9548985179398377,823.7590086261043,0.6657478159031598,55.22318165108144,0.012674000000000001,-0.013864999999999999,0.0001174,2.335548970286357,347.134784093057,0.9524637797372943,1.0499086907806794,0.0,113.60521801548754,0.9847483582340899,1.0154878570127908,0.0,7.866196406927682,0.912418485255692,1.0959883169396383,0.0020000000000000018,NAME_NGC_5907_ULX,NGC5907 ULX,SOFT
60,,,,,,,,,,,,,,,,,,,,,,,,,,,,,,,[LB2005]_NGC_6946_ULX1,NGC6946 ULX-1,PC
61,,,,,,,,,,,,,,,,,,,,,,,,,,,,,,,[LB2005]_NGC_6946_ULX1,NGC6946 ULX-1,HARD
62,,,,,,,,,,,,,,,,,,,,,,,,,,,,,,,[LB2005]_NGC_6946_ULX1,NGC6946 ULX-1,SOFT
63,108.0,0.0422629087037037,0.015295255457876718,0.1047025,0.01977655,5.294275290685181,3.831804032822158e-06,0.046317196182463,3.5919735325325775,1.3160367342262085,1.6888607733885663,1934.6669062869987,0.15843836800195277,55.16222690907756,0.07268275,-0.053246680000000005,-0.00011287663551401852,0.19280884743998705,0.24641835743828283,0.8245352328696848,1.2128044504776752,0.0,0.24237096525495486,0.015502677734867718,64.50498533881398,0.0,0.19557257242885975,0.859131573914778,1.1639660680183492,0.018000000000000016,[LB2005]_NGC_6946_ULX3,NGC6946 ULX-3,PC
64,108.0,0.015835074074074074,0.007356042223792407,0.046272,0.003049,15.176123319121023,3.246688932615091e-05,0.3598323797300204,2.624799494726748,1.5124140470028535,1.3908165377039106,1934.6669062869987,0.15843836800195277,55.16222690907756,0.037207000000000004,-0.022711,-0.00014134579439252336,0.179198160609818,0.24279996822351166,0.015502677734867718,64.50498533881398,0.0010000000000000009,0.2029195532838159,0.8789541591365014,1.1377157609475514,0.0020000000000000018,0.20080251767038293,0.05863797856778036,17.053793879406804,0.0040000000000000036,[LB2005]_NGC_6946_ULX3,NGC6946 ULX-3,HARD
65,108.0,0.026708342592592596,0.009789770818035903,0.064608,0.011255,5.740382052421146,6.054170528989271e-05,0.2913267651030893,1.823968787597769,1.3112608233686522,1.2565014767052365,1934.6669062869987,0.15843836800195277,55.16222690907756,0.034131999999999996,-0.029193,5.3308411214953214e-05,0.21592491750811396,0.2677853229013699,0.005743866548788506,174.09875238325645,0.0,0.2176253259436255,0.8245352328696848,1.2128044504776752,0.01200000000000001,0.21425874374167522,0.859131573914778,1.1639660680183492,0.009000000000000008,[LB2005]_NGC_6946_ULX3,NGC6946 ULX-3,SOFT
66,222.0,0.0723062736036036,0.03308068493383329,0.1662275,0.01185827,14.017854206389295,0.0007391442193817987,0.37600066428034284,-0.5594195398134159,0.4530393890085925,0.297312381156364,1118.7977462786002,0.08734214120340766,18.83268951099186,0.09248044999999999,-0.08006515,-0.0001241725339366518,0.16622428432595512,0.28508487743183236,0.005084550795476138,196.67420785524,0.0,0.15488102409958784,0.5005165355173465,1.9979359901993543,0.02200000000000002,0.14333923926878803,0.8293469013225608,1.2057680548456844,0.039000000000000035,NAME_NGC_7793_P13,NGC7793 P13,PC
67,222.0,0.04437487387387387,0.021161201907790833,0.109545,0.006932,15.802798615118293,0.0003964421672162366,0.4486966108006159,-0.41567312750133834,0.5136744219827962,0.37175737287432237,1118.7977462786002,0.08734214120340766,18.83268951099186,0.077281,-0.050031000000000006,-0.00010095022624434403,0.1573355609314708,0.28391901050478324,0.005084550795476138,196.67420785524,0.0,0.14840610567860407,0.49326045116303013,2.0273265323464678,0.020000000000000018,0.1353572675336318,0.5722604689014157,1.7474560175713827,0.050000000000000044,NAME_NGC_7793_P13,NGC7793 P13,HARD
68,222.0,0.028128216216216216,0.013708176488101043,0.07683,0.002902,26.47484493452791,0.00015196278803742205,0.43825455103303707,0.39639895366783495,0.6842541071772072,0.5851358682540221,1118.7977462786002,0.08734214120340766,18.83268951099186,0.047528,-0.033549999999999996,-2.3226244343891177e-05,0.1840322633682191,0.2495269883412654,0.005084550795476138,196.67420785524,0.0,0.16094480078568013,0.8293469013225608,1.2057680548456844,0.03700000000000003,0.15899502283108738,0.5024386770681589,1.9902926379697155,0.05800000000000005,NAME_NGC_7793_P13,NGC7793 P13,SOFT
69,91.0,0.05400583021978021,0.02790313543057557,0.1107267,0.01641287,6.746333822177352,0.0005985801794806782,0.4530232791064544,-1.3313859494758724,0.48667994725040636,0.4819951645605364,1168.9638467788973,0.4084709953967831,41.99573305392114,0.06501316000000001,-0.058601600000000004,-2.481844444444412e-05,0.22917208969054265,0.44247940748601033,0.0011587462863931173,863.0016870325823,0.0,0.20316465156540467,0.29669141612157973,3.3705053320120824,0.02400000000000002,0.16375040975216595,0.1444008120417826,6.925168812143857,0.11499999999999999,NAME_NGC_925_ULX-1,NGC925 ULX-1,PC
70,91.0,0.03258821978021978,0.0184647260138049,0.075663,0.007939,9.530545408741654,0.0003160459193785103,0.5455247476246996,-1.0368934924454543,0.5576108906788904,0.5660392150245428,1168.9638467788973,0.4084709953967831,41.99573305392114,0.047067,-0.039462,1.8733333333333332e-05,0.22110223329296574,0.4422648100064289,0.0011587462863931173,863.0016870325823,0.0,0.22101984796546953,0.29669141612157973,3.3705053320120824,0.01100000000000001,0.159293928383901,0.5942348722510792,1.682836276861037,0.13,NAME_NGC_925_ULX-1,NGC925 ULX-1,HARD
71,91.0,0.02160107692307692,0.010557884563993411,0.04426,0.006317,7.006490422668989,9.41128115885226e-05,0.4491061171794302,-1.1405021063398662,0.699291210900966,0.42542613906486865,1168.9638467788973,0.4084709953967831,41.99573305392114,0.019506000000000003,-0.027677000000000004,-4.363333333333345e-05,0.22524930650635921,0.3519921110079621,0.0011587462863931173,863.0016870325823,0.0,0.17854839071094714,0.6016430322827581,1.6621151519129096,0.132,0.1731668535612687,0.42972080411901203,2.327092359538283,0.16400000000000003,NAME_NGC_925_ULX-1,NGC925 ULX-1,SOFT
72,39.0,0.01686178684615384,0.004105266593568782,0.02547761,0.008686757,2.93292537134399,-4.8885972387756494e-05,,-0.6193891339639621,1.326474774086821,0.32619469313898647,2547.7086507817003,0.33604652780195465,99.1673973299288,0.009027622999999999,-0.011949830000000002,-6.495052631578949e-05,0.4602059575190445,0.43417553194418584,0.8016663695714138,1.247401709684565,0.025000000000000022,0.40958046634679746,0.4268615238924184,2.3426801059072013,0.04200000000000004,0.40443885289700043,0.570266040038644,1.7535675102312511,0.061000000000000054,NAME_NGC_925_ULX-2,NGC925 ULX-2,PC
73,39.0,0.009379717948717949,0.003835625486040708,0.017535,0.001608,10.904850746268655,5.72430351956815e-06,0.25507714501689893,-0.5456634496330866,1.0655707013053004,0.3714975713133938,2547.7086507817003,0.33604652780195465,99.1673973299288,0.0064470000000000005,-0.010818999999999999,-0.00010705263157894727,0.4997017968507476,0.48896629156969945,0.0031760122731292564,314.8602442315884,0.02200000000000002,0.478594443002066,0.48386243075438967,2.0667031297323506,0.02200000000000002,0.4661569764506627,0.37808700489227726,2.6448938658574503,0.03400000000000003,NAME_NGC_925_ULX-2,NGC925 ULX-2,HARD
74,39.0,0.00751425641025641,0.0017585452279850994,0.010797,0.001994,5.4147442326980935,-3.986102696356277e-06,,0.9237358149200419,2.4918173245856896,-0.2749939749396737,2547.7086507817003,0.33604652780195465,99.1673973299288,0.008518999999999999,-0.005119,4.173684210526313e-05,0.5116133916401264,0.4511697773532366,0.22703990905506108,4.404511982769879,0.04800000000000004,0.4296738848813912,0.8111665207150757,1.2327924963156272,0.08399999999999996,0.39787700010947324,0.144298369206073,6.930085249763956,0.16700000000000004,NAME_NGC_925_ULX-2,NGC925 ULX-2,SOFT
75,87.0,2.126542316356322,6.667030223735205,40.3221,0.002073153,19449.649881123103,41.88027498265021,3.0432016663292996,18.51092959309024,0.28543775905725766,4.277565995664424,1797.9475003258995,0.40203923609806225,55.95584708588251,15.99999,-20.273359999999997,4.659837209301185e-05,0.23663139613930712,0.33716668717182086,0.001664976124272975,600.6092132021761,0.0,0.15859637878309718,0.0445143751321128,22.46465320544502,0.18600000000000005,0.147176043105578,0.5388410015135356,1.85583501847693,0.28,SMC_X-3,SMC X-3,PC
76,87.0,1.42150891954023,4.3706348985634005,24.674692,0.001094,22554.56307129799,18.816910431569195,3.051578663981032,17.338680944155954,0.2878941386498224,4.189915225921977,1797.9475003258995,0.40203923609806225,55.95584708588251,13.400799,-13.058437999999999,-0.0001568139534882985,0.3079584973018266,0.3556108624597235,0.001664976124272975,600.6092132021761,0.0010000000000000009,0.21783953628531086,0.04447281412434574,22.485647011318097,0.18200000000000005,0.20612597215031236,0.8890756139665581,1.1247637257067027,0.244,SMC_X-3,SMC X-3,HARD
77,87.0,0.721258735632184,2.3971333607080094,16.256727,0.000979,16605.44126659857,5.541874577558149,3.2639031252606046,23.12021060375118,0.373054736369785,4.642948830833857,1797.9475003258995,0.40203923609806225,55.95584708588251,8.155635000000002,-7.214892000000001,0.0002034186046511429,0.16206049996063712,0.28536513232442323,0.001623415116505914,615.9853938974684,0.0,0.0960055804334296,0.06321682862729022,15.818572707842348,0.247,0.09307528517288538,0.8639727652752534,1.1574438919743144,0.30200000000000005,SMC_X-3,SMC X-3,SOFT
78,22.0,2.2831251227272733,1.2042791965976218,4.474325,0.5697379,7.853304124580794,1.4742851180910819,0.5318155453543434,-1.1574511814567632,1.6334058060892933,0.17544418671780096,2574.630372500498,0.21515892359457212,227.531305699586,2.955598,-3.5731071000000005,-0.0658637619047619,0.7802335771319738,0.882020755045849,0.9954837690816372,1.0045367197925579,0.0,0.7573729915039061,0.9637979147445522,1.0375619045254345,0.017000000000000015,0.7440192307178953,0.31358911517747656,3.188886194069738,0.015000000000000013,SS433,SS433,PC
79,22.0,1.9106425,1.051251605573209,3.65478,0.454642,8.038808557062481,1.1482392582716408,0.5608371345956563,-1.2706017233030622,1.638008687357062,0.1574073631153577,2574.630372500498,0.21515892359457212,227.531305699586,2.5655780000000004,-3.053546,-0.059993904761904714,0.7605930465913657,0.9347096297426861,0.9954837690816372,1.0045367197925579,0.0,0.7470022916844449,0.8271343554174954,1.208993428274722,0.019000000000000017,0.7447418187277758,0.9637979147445522,1.0375619045254345,0.016000000000000014,SS433,SS433,HARD
80,22.0,0.3818615000000001,0.16987603064902415,0.825887,0.117043,7.056269917893425,0.028429774528534645,0.44155096018509715,0.2733015359588551,1.7285236854058197,0.5879128581492548,2574.630372500498,0.21515892359457212,227.531305699586,0.401878,-0.535825,-0.00810657142857143,0.7443296645021567,0.7800556325403608,0.22598212293504774,4.425128797853723,0.0050000000000000044,0.7497619865865578,0.9637979147445522,1.0375619045254345,0.01100000000000001,0.7390061711930564,0.9080023482566604,1.101318737688259,0.013000000000000012,SS433,SS433,SOFT
81,44.0,3.9377177072727267,5.706604330346956,29.64033,0.0142675,2077.4718766427195,32.09681322588859,1.438753452953317,7.435944507667351,0.6446591613978632,2.49163959394656,245.7245040068956,0.12970315969869262,15.544101194525442,14.273299999999999,-23.016883,-0.36613604441860464,,,,,,,,,,,,,,SWIFT_J0243.6+6124,Swift J0243.6+6124,PC
82,44.0,3.642682136363636,5.328548076582288,27.9781,0.010768,2598.2633729569097,28.766960276347397,1.4723996679766407,7.916163132899149,0.6644371085491436,2.561498192892503,245.7245040068956,0.12970315969869262,15.544101194525442,13.567537000000002,-21.968580000000003,-0.3340119767441862,,,,,,,,,,,,,,SWIFT_J0243.6+6124,Swift J0243.6+6124,HARD
83,44.0,0.30048468181818183,0.3948435681666033,1.662565,0.001117,1488.4198746642794,0.1397921617271834,1.2442827291068883,2.661183515996812,0.4531634065911148,1.748841166338991,245.7245040068956,0.12970315969869262,15.544101194525442,0.6680830000000001,-1.048947,-0.03240390697674419,,,,,,,,,,,,,,SWIFT_J0243.6+6124,Swift J0243.6+6124,SOFT
84,12.0,0.032981318333333336,0.014379934038202813,0.06010416,0.01592795,3.773502553687072,7.754799558788781e-05,0.26700369846122785,-1.0780500646969868,2.4499735623270755,0.49469095414366293,1227.8097697014018,4.544778888906876,203.41416345276363,0.04335869,-0.037906379999999996,0.0030480109090909088,0.8757580878333656,0.8506155697681176,0.8805311391904959,1.1356781781951928,0.02200000000000002,0.7966160982612618,0.6839773815604246,1.462036650566722,0.04600000000000004,0.7849794468069107,0.4837589108503931,2.0671453849648245,0.05700000000000005,NAME_UGC_6456_ULX,UGC6456 ULX,PC
85,12.0,0.017024333333333332,0.007811329659895014,0.03343,0.007127,4.690613161217904,4.8141125666666674e-05,0.4075566712032017,-0.6508308604730515,2.3907297578536606,0.5461959796333256,1227.8097697014018,4.544778888906876,203.41416345276363,0.018762,-0.025509000000000004,0.001073363636363636,0.8659052617598879,0.8700708471743853,0.8764195098812719,1.1410060920887868,0.010000000000000009,0.7291199761372993,0.6766479554005038,1.4778733786435607,0.09399999999999997,0.6925994030988308,0.4455028816254406,2.2446543922487048,0.125,NAME_UGC_6456_ULX,UGC6456 ULX,HARD
86,12.0,0.015956083333333333,0.00783928467674542,0.027076,0.002077,13.036109773712086,4.851220728030302e-05,0.43651505006548896,-1.0750911771035871,2.3576914244917457,-0.15763746394573058,1227.8097697014018,4.544778888906876,203.41416345276363,0.024597,-0.013911,0.001974909090909091,0.9209378547782772,0.9425107736751457,0.7032841626646062,1.4219003542056108,0.0010000000000000009,0.9263172071801143,0.30517118563671314,3.2768493457650236,0.008000000000000007,0.9096144717005378,0.5058365725760081,1.97692308981818,0.016000000000000014,NAME_UGC_6456_ULX,UGC6456 ULX,SOFT
87,126.0,0.3619666884920635,0.9750937446032132,9.526191,0.01217944,782.1534487628331,0.8769818148551685,2.5871802624921774,59.99695012804476,1.4898163255046748,7.059819122990874,1592.6801691596993,0.009319791701273061,34.422523180935244,7.464639000000001,-9.345540600000001,3.8902319999970316e-05,0.11261498178557526,0.250098484445264,0.004346646014136552,230.0624428001982,0.0,0.08410459283268656,0.5069478036649496,1.9725896685429116,0.10199999999999998,0.06132296913672936,0.7573419991948609,1.3204074263187724,0.30900000000000005,NOVA_Cyg_1989,V404Cyg,PC
88,97.0,0.4166194123711339,0.9630719714034047,8.191913,0.014199,576.9359109796465,0.9146446548422535,2.2955496915422002,41.80220989456098,1.3827895533845964,5.885300236545354,1592.6801691596993,0.009319791701273061,21.475768979577122,6.278238,-7.642595,-0.02220064583333335,0.15835194645500006,0.3114221713269897,0.011379915470251818,87.87411493645055,0.0,0.09496748001388024,0.24420044938244215,4.094996559297484,0.17900000000000005,0.08801286243438827,0.8819346951902501,1.1338708018333272,0.252,NOVA_Cyg_1989,V404Cyg,HARD
89,97.0,0.046071536082474225,0.1466076401713766,1.334274,-0.371749,-3.589179796045181,0.01780632098042655,2.8963724407927285,59.26407495709562,2.289807543086354,6.809980058736626,1592.6801691596993,0.009319791701273061,21.475768979577122,1.186392,-1.706023,-0.0014176145833333334,,,,,,,,,,,,,,NOVA_Cyg_1989,V404Cyg,SOFT
90,38.0,0.03410259315789474,0.023054311124071906,0.0927705,0.00914018,10.149745409827817,0.0004476148912220344,0.6203901003918129,0.1334980040514404,0.3430600759331145,1.0418256486854627,2171.393512901399,2.8898704905004706,152.85547906299462,0.039395400000000004,-0.035406770000000004,1.843459459459478e-05,0.4508839030201534,0.627548567027353,0.0019547969548791826,511.5620819359244,0.0,0.46295029358149653,0.2856002182543579,3.5013978844700735,0.0050000000000000044,0.42284854593295246,0.32941478962825815,3.035686409612913,0.010000000000000009,NAME_M83_ULX-1,M83 ULX-1,PC
91,38.0,0.012526578947368422,0.007409685214677436,0.032253,0.000443,72.8058690744921,4.7167893575391155e-05,0.5482653013964613,-0.6688413299558333,0.5222893693729713,0.37958773167899656,2171.393512901399,2.8898704905004706,152.85547906299462,0.015262,-0.014565999999999996,0.00012772972972972967,0.5997415796359469,0.7294380040882804,0.001990159805059893,502.47221226031417,0.0,0.5791693742532913,0.32998059523114953,3.030481229659901,0.02300000000000002,0.5439120604798781,0.41750364942840795,2.3951886441449575,0.050000000000000044,NAME_M83_ULX-1,M83 ULX-1,HARD
92,38.0,0.02172115789473684,0.017008407807110108,0.07369,0.004805,15.336108220603538,0.00028172270755263165,0.7727303218367534,1.3052935266132923,0.42123242409933936,1.4560737067280638,2171.393512901399,2.8898704905004706,152.85547906299462,0.025294999999999998,-0.038274,-0.0001093243243243242,0.40291374248275835,0.4892987047003596,0.001070725700361421,933.9460140561231,0.0010000000000000009,0.3815579018221466,0.2856002182543579,3.5013978844700735,0.010000000000000009,0.361978476075733,0.4283954072840668,2.334292065220263,0.01200000000000001,NAME_M83_ULX-1,M83 ULX-1,SOFT
93,102.0,0.04716661884313726,0.01900401863727165,0.106115,0.006314465,16.805065829013227,9.847831278108585e-05,0.21039506790154916,0.07818494418195066,2.043620607531587,0.13002221295059227,2899.9555221953997,0.46904432870360324,54.773272695624755,0.08097338,-0.096826793,-0.00017204683168316887,0.32348908437477775,0.4365373705582592,0.688623077516823,1.4521732318440492,0.0,0.32505964506293544,0.007869000248590765,127.08094655087689,0.006000000000000005,0.267418772598225,0.8432117357430025,1.1859417482120815,0.06499999999999995,NAME_IC_10_X-1,IC10 X-1,PC
94,102.0,0.02929536274509804,0.011963163542184126,0.060867,0.003593,16.940439743946563,0.00010388711313046012,0.34792205438776025,-0.05561400577844289,1.910010797453713,0.05488962623578257,2899.9555221953997,0.46904432870360324,54.773272695624755,0.054626,-0.04824199999999999,-8.693069306930686e-05,0.35016910075688945,0.4107256003822255,0.688623077516823,1.4521732318440492,0.0020000000000000018,0.3475235586333463,0.028006016766827905,35.706612915566886,0.010000000000000009,0.3107650356750651,0.8432117357430025,1.1859417482120815,0.039000000000000035,NAME_IC_10_X-1,IC10 X-1,HARD
95,102.0,0.018191901960784313,0.008842096125486823,0.059665,0.002722,21.919544452608378,5.224626925189283e-05,0.39732833307548754,3.15093207807194,2.2403420870541644,0.978843772599452,2899.9555221953997,0.46904432870360324,54.773272695624755,0.037708000000000005,-0.055307,-9.209900990099028e-05,0.2769458997262166,0.410705789742219,0.688623077516823,1.4521732318440492,0.0,0.2800523069075455,0.008049763413027364,124.22725348444979,0.010000000000000009,0.23011980554044742,0.799864728911106,1.2502113968212445,0.08799999999999997,NAME_IC_10_X-1,IC10 X-1,SOFT
96,50.0,0.01812775878,0.005250321612101999,0.03099355,0.008731289,3.5497107013637965,-7.786887002541054e-05,,-0.5920696274793875,2.0672356016509017,0.35394018041258557,1069.0298063216978,1.8385775475035189,102.1523247338898,0.016011380000000002,-0.014645360000000003,-7.979959183673457e-05,0.4106760208243536,0.4121670855553059,0.922153379806106,1.0844182994918505,0.01100000000000001,0.38810267172893026,0.015384281110878726,65.00141233722435,0.02100000000000002,0.3583025106437635,0.16805744256828875,5.95034640964299,0.052000000000000046,[WMR2006]_NGC4945_XMM1,NGC4945 XMM-1,PC
97,50.0,0.013172540000000002,0.004518680728752586,0.022763,0.004756,4.786164844407065,1.9486787106122402e-06,0.10597430918540618,-0.4689518114030129,2.043154824045733,0.4229559912549144,1069.0298063216978,1.8385775475035189,102.1523247338898,0.017947,-0.012511000000000001,5.706122448979604e-05,0.4406471220575803,0.4570798366817468,0.3218893377818529,3.1066577317876503,0.0050000000000000044,0.3988176990784709,0.6488919950358293,1.5410885134201477,0.025000000000000022,0.3923639590820634,0.9224330741610397,1.084089488995728,0.026000000000000023,[WMR2006]_NGC4945_XMM1,NGC4945 XMM-1,HARD
98,50.0,0.005152919999999998,0.0023993785265355692,0.009749,-0.000364,-26.782967032967033,-1.6707228571428574e-06,,-0.6284899487131845,1.8497144904849703,-0.13310257591447416,1069.0298063216978,1.8385775475035189,102.1523247338898,0.006698,-0.007044,-0.00013687755102040816,101.30269051356971,3830.999518295741,0.8475948560480513,1.1798089533748994,0.0010000000000000009,593.090566475755,0.8728472606649272,1.1456758187431428,0.0010000000000000009,377.650973269671,0.971938974984314,1.0288711799175858,0.0030000000000000027,[WMR2006]_NGC4945_XMM1,NGC4945 XMM-1,SOFT
99,89.0,0.04058840820224719,0.019975471580736523,0.1343782,0.01698093,7.913477059265894,0.0002127087385177927,0.3593276577677545,5.743416682684368,0.5930687232743493,2.1082532109935483,2202.7757510554,1.415315313199244,67.09865119668865,0.06037434,-0.054603540000000006,-8.630443181818202e-05,0.19035448682332515,0.3106416904489935,0.13960189190299194,7.163226703939591,0.0,0.2793844213069385,0.004387143008382012,227.93877429785502,0.0,0.21746109512939713,0.289855555754818,3.4499942476378704,0.0010000000000000009,[LM2005]_NGC_4559_ULX1,NGC4559 ULX-1,PC
100,89.0,0.014570258426966295,0.008557960269066653,0.059505,0.001028,57.88424124513619,5.6947820379724205e-05,0.5179302757122176,10.024226987201397,1.0715886015546472,2.6499463741060545,2202.7757510554,1.415315313199244,67.09865119668865,0.028862,-0.046124,-2.1568181818181666e-05,0.3003354049986542,0.3089276372461743,0.4216831616410459,2.3714487344202784,0.0040000000000000036,0.2736091007368156,0.004285528718130552,233.34343689481176,0.018000000000000016,0.2696245884850483,0.2898894271849018,3.4495911413911773,0.018000000000000016,[LM2005]_NGC_4559_ULX1,NGC4559 ULX-1,HARD
101,89.0,0.026165651685393258,0.01296374281082411,0.074851,0.009266,8.078027196201166,0.0001392864489775281,0.45104812044444165,2.4394470344385075,0.6261690693933408,1.5667347505698495,2202.7757510554,1.415315313199244,67.09865119668865,0.032296,-0.023146999999999997,-7.40795454545455e-05,0.1880464131520159,0.3062147966344499,0.13963576333307576,7.161489120911536,0.0,0.26102776494506796,0.004387143008382012,227.93877429785502,0.0,0.24656361274433525,0.4263912904226969,2.34526366382546,0.0010000000000000009,[LM2005]_NGC_4559_ULX1,NGC4559 ULX-1,SOFT
