MJD,Err (pos),Err(neg),Rate,Error,obsID,MODE,BAD,UL,BAND
56392.2760377857,0.134248796296296,-0.134248796296296,0.056867,0.003912,00032619001,PC,False,False,SOFT
56392.2760377857,0.134248796296296,-0.134248796296296,0.024333,0.002566,00032619001,PC,False,False,HARD
56392.2760377857,0.134248796296296,-0.134248796296296,0.427888,0.053877,00032619001,PC,False,False,HR
56399.5807992903,0.107263680555556,-0.107263680555556,0.055295,0.003763,00032619002,PC,False,False,SOFT
56399.5807992903,0.107263680555556,-0.107263680555556,0.397588,0.051002,00032619002,PC,False,False,HR
56399.5807992903,0.107263680555556,-0.107263680555556,0.021984,0.00239,00032619002,PC,False,False,HARD
56406.7398691433,0.173871539351852,-0.173871539351852,0.015835,0.002391,00032619003,PC,False,False,HARD
56406.7398691433,0.173871539351852,-0.173871539351852,0.039201,0.003756,00032619003,PC,False,False,SOFT
56406.7398691433,0.173871539351852,-0.173871539351852,0.403945,0.072232,00032619003,PC,False,False,HR
56413.1400373042,0.106345138888889,-0.106345138888889,0.014804,0.002085,00032619004,PC,False,False,HARD
56413.1400373042,0.106345138888889,-0.106345138888889,0.040108,0.003464,00032619004,PC,False,False,SOFT
56413.1400373042,0.106345138888889,-0.106345138888889,0.3691,0.060983,00032619004,PC,False,False,HR
56420.6179766028,0.378429907407407,-0.378429907407407,0.379257,0.053153,00032619005,PC,False,False,HR
56420.6179766028,0.378429907407407,-0.378429907407407,0.047744,0.0035,00032619005,PC,False,False,SOFT
56420.6179766028,0.378429907407407,-0.378429907407407,0.018107,0.002163,00032619005,PC,False,False,HARD
56427.8597742093,0.0761934143518519,-0.0761934143518519,0.017371,0.002584,00032619006,PC,False,False,HARD
56427.8597742093,0.0761934143518519,-0.0761934143518519,0.397091,0.069557,00032619006,PC,False,False,HR
56427.8597742093,0.0761934143518519,-0.0761934143518519,0.043747,0.004045,00032619006,PC,False,False,SOFT
56434.8044205183,0.146823634259259,-0.146823634259259,0.011308,0.001672,00032619007,PC,False,False,HARD
56434.8044205183,0.146823634259259,-0.146823634259259,0.032258,0.002827,00032619007,PC,False,False,SOFT
56434.8044205183,0.146823634259259,-0.146823634259259,0.350536,0.06026,00032619007,PC,False,False,HR
56441.8166855311,0.0026117708333333,-0.0026117708333333,0.470302,0.129718,00032619008,PC,False,False,HR
56441.8166855311,0.0026117708333333,-0.0026117708333333,0.052574,0.012,00032619008,PC,False,False,HARD
56441.8166855311,0.0026117708333333,-0.0026117708333333,0.111787,0.017308,00032619008,PC,False,False,SOFT
56445.5548210831,0.0735057523148148,-0.0735057523148148,0.04945,0.004199,00032619009,PC,False,False,HARD
56445.5548210831,0.0735057523148148,-0.0735057523148148,0.075359,0.005041,00032619009,PC,False,False,SOFT
56445.5548210831,0.0735057523148148,-0.0735057523148148,0.656189,0.070939,00032619009,PC,False,False,HR
56448.1197935519,0.107176400462963,-0.107176400462963,0.378828,0.038392,00032619010,PC,False,False,HR
56448.1197935519,0.107176400462963,-0.107176400462963,0.099506,0.005271,00032619010,PC,False,False,SOFT
56448.1197935519,0.107176400462963,-0.107176400462963,0.037696,0.003257,00032619010,PC,False,False,HARD
56455.8731126966,0.103145983796296,-0.103145983796296,0.352157,0.063144,00032619011,PC,False,False,HR
56455.8731126966,0.103145983796296,-0.103145983796296,0.046399,0.004232,00032619011,PC,False,False,SOFT
56455.8731126966,0.103145983796296,-0.103145983796296,0.01634,0.002522,00032619011,PC,False,False,HARD
56462.8763254165,0.106870844907407,-0.106870844907407,0.018338,0.002475,00032619012,PC,False,False,HARD
56462.8763254165,0.106870844907407,-0.106870844907407,0.412802,0.065582,00032619012,PC,False,False,HR
56462.8763254165,0.106870844907407,-0.106870844907407,0.044424,0.003725,00032619012,PC,False,False,SOFT
56470.9207727209,0.0756215393518519,-0.0756215393518519,0.01383,0.001935,00032619013,PC,False,False,HARD
56470.9207727209,0.0756215393518519,-0.0756215393518519,0.02999,0.002838,00032619013,PC,False,False,SOFT
56470.9207727209,0.0756215393518519,-0.0756215393518519,0.461171,0.077902,00032619013,PC,False,False,HR
56476.465962082,0.463763078703704,-0.463763078703704,0.248707,0.045306,00032619014,PC,False,False,HR
56476.465962082,0.463763078703704,-0.463763078703704,0.040951,0.003304,00032619014,PC,False,False,SOFT
56476.465962082,0.463763078703704,-0.463763078703704,0.010185,0.001663,00032619014,PC,False,False,HARD
56483.5025914674,0.109075104166667,-0.109075104166667,0.349571,0.044446,00032619015,PC,False,False,HR
56483.5025914674,0.109075104166667,-0.109075104166667,0.021233,0.002331,00032619015,PC,False,False,HARD
56483.5025914674,0.109075104166667,-0.109075104166667,0.060739,0.003894,00032619015,PC,False,False,SOFT
56490.6776319859,0.209019259259259,-0.209019259259259,0.064834,0.004372,00032619016,PC,False,False,SOFT
56490.6776319859,0.209019259259259,-0.209019259259259,0.327553,0.044369,00032619016,PC,False,False,HR
56490.6776319859,0.209019259259259,-0.209019259259259,0.021237,0.002495,00032619016,PC,False,False,HARD
56497.6620750392,0.171805092592593,-0.171805092592593,0.328838,0.060407,00032619017,PC,False,False,HR
56497.6620750392,0.171805092592593,-0.171805092592593,0.034086,0.003102,00032619017,PC,False,False,SOFT
56497.6620750392,0.171805092592593,-0.171805092592593,0.011209,0.001789,00032619017,PC,False,False,HARD
56504.5315519466,0.243300613425926,-0.243300613425926,0.50968,0.070207,00032619018,PC,False,False,HR
56504.5315519466,0.243300613425926,-0.243300613425926,0.040844,0.003267,00032619018,PC,False,False,SOFT
56504.5315519466,0.243300613425926,-0.243300613425926,0.020817,0.002335,00032619018,PC,False,False,HARD
56511.4768717232,0.44312056712963,-0.44312056712963,0.312207,0.053466,00032619019,PC,False,False,HR
56511.4768717232,0.44312056712963,-0.44312056712963,0.017844,0.00268,00032619019,PC,False,False,HARD
56511.4768717232,0.44312056712963,-0.44312056712963,0.057156,0.004705,00032619019,PC,False,False,SOFT
56518.7244230392,0.0761305439814815,-0.0761305439814815,0.01522,0.002093,00032619020,PC,False,False,HARD
56518.7244230392,0.0761305439814815,-0.0761305439814815,0.362089,0.057987,00032619020,PC,False,False,HR
56518.7244230392,0.0761305439814815,-0.0761305439814815,0.042035,0.003452,00032619020,PC,False,False,SOFT
56553.4270382232,0.2075484375,-0.2075484375,0.014173,0.002463,00082120001,PC,False,False,HARD
56553.4270382232,0.2075484375,-0.2075484375,0.039586,0.004108,00082120001,PC,False,False,SOFT
56553.4270382232,0.2075484375,-0.2075484375,0.358029,0.072472,00082120001,PC,False,False,HR
56556.5010737,0.0043384375,-0.0043384375,0.024493,0.007406,00082120002,PC,False,False,HARD
56556.5010737,0.0043384375,-0.0043384375,0.053755,0.011015,00082120002,PC,False,False,SOFT
56556.5010737,0.0043384375,-0.0043384375,0.455641,0.166422,00082120002,PC,False,False,HR
56609.6770569304,0.0012623611111111,-0.0012623611111111,0.092845,0.0243,00082120003,PC,False,False,SOFT
56609.6770569304,0.0012623611111111,-0.0012623611111111,1.003423,0.370151,00082120003,PC,False,False,HR
56609.6770569304,0.0012623611111111,-0.0012623611111111,0.093162,0.024218,00082120003,PC,False,False,HARD
56617.3200670588,0.169350983796296,-0.169350983796296,0.054425,0.005476,00082120004,PC,False,False,SOFT
56617.3200670588,0.169350983796296,-0.169350983796296,0.356687,0.070894,00082120004,PC,False,False,HR
56617.3200670588,0.169350983796296,-0.169350983796296,0.019413,0.003328,00082120004,PC,False,False,HARD
56688.5483218563,0.0063843287037037,-0.0063843287037037,0.363721,0.130166,00082120005,PC,False,False,HR
56688.5483218563,0.0063843287037037,-0.0063843287037037,0.014451,0.004436,00082120005,PC,False,False,HARD
56688.5483218563,0.0063843287037037,-0.0063843287037037,0.039731,0.007308,00082120005,PC,False,False,SOFT
56937.2921058875,0.0690833101851852,-0.0690833101851852,0.03795,0.004251,00033468001,PC,False,False,SOFT
56937.2921058875,0.0690833101851852,-0.0690833101851852,0.023016,0.003298,00033468001,PC,False,False,HARD
56937.2921058875,0.0690833101851852,-0.0690833101851852,0.606488,0.110311,00033468001,PC,False,False,HR
56938.3722851468,0.0053251157407407,-0.0053251157407407,0.0,0.0,00033468004,PC,False,False,SOFT
56938.3722851468,0.0053251157407407,-0.0053251157407407,0.0,0.0,00033468004,PC,False,False,HARD
56938.3722851468,0.0053251157407407,-0.0053251157407407,,,00033468004,PC,False,False,HR
56938.3986399732,0.174808946759259,-0.174808946759259,0.327234,0.066028,00033468003,PC,False,False,HR
56938.3986399732,0.174808946759259,-0.174808946759259,0.015357,0.002694,00033468003,PC,False,False,HARD
56938.3986399732,0.174808946759259,-0.174808946759259,0.046929,0.004676,00033468003,PC,False,False,SOFT
56941.2041009917,0.77629587962963,-0.77629587962963,0.037064,0.003758,00033468005,PC,False,False,SOFT
56941.2041009917,0.77629587962963,-0.77629587962963,0.020367,0.002783,00033468005,PC,False,False,HARD
56941.2041009917,0.77629587962963,-0.77629587962963,0.549523,0.093494,00033468005,PC,False,False,HR
56942.6886861352,0.002640787037037,-0.002640787037037,0.039344,0.010991,00033468006,PC,False,False,SOFT
56942.6886861352,0.002640787037037,-0.002640787037037,0.008864,0.005299,00033468006,PC,False,False,HARD
56942.6886861352,0.002640787037037,-0.002640787037037,0.225302,0.148673,00033468006,PC,False,False,HR
56944.3643541676,0.346577268518519,-0.346577268518519,0.033461,0.006496,00033468009,PC,True,False,SOFT
56944.3643541676,0.346577268518519,-0.346577268518519,0.011636,0.003963,00033468009,PC,True,False,HARD
56944.3643541676,0.346577268518519,-0.346577268518519,0.347765,0.136319,00033468009,PC,True,False,HR
57137.7557733112,0.0766861574074074,-0.0766861574074074,0.444765,0.088423,00082120006,PC,False,False,HR
57137.7557733112,0.0766861574074074,-0.0766861574074074,0.020757,0.003437,00082120006,PC,False,False,HARD
57137.7557733112,0.0766861574074074,-0.0766861574074074,0.046669,0.005135,00082120006,PC,False,False,SOFT
57139.3866762857,0.501337071759259,-0.501337071759259,0.454697,0.066937,00082120007,PC,False,False,HR
57139.3866762857,0.501337071759259,-0.501337071759259,0.057984,0.004706,00082120007,PC,False,False,SOFT
57139.3866762857,0.501337071759259,-0.501337071759259,0.026365,0.003238,00082120007,PC,False,False,HARD
57653.0698062475,0.0023070601851851,-0.0023070601851851,0.041878,0.011836,00092305001,PC,False,False,SOFT
57653.0698062475,0.0023070601851851,-0.0023070601851851,0.012966,0.006644,00092305001,PC,False,False,HARD
57653.0698062475,0.0023070601851851,-0.0023070601851851,0.309603,0.181189,00092305001,PC,False,False,HR
57653.5374065253,0.0054266782407407,-0.0054266782407407,0.572459,0.177108,00092305003,PC,False,False,HR
57653.5374065253,0.0054266782407407,-0.0054266782407407,0.054153,0.010028,00092305003,PC,False,False,SOFT
57653.5374065253,0.0054266782407407,-0.0054266782407407,0.031001,0.007683,00092305003,PC,False,False,HARD
57653.7418873355,0.0030325578703703,-0.0030325578703703,0.042178,0.010083,00092305004,PC,False,False,SOFT
57653.7418873355,0.0030325578703703,-0.0030325578703703,0.025733,0.007895,00092305004,PC,False,False,HARD
57653.7418873355,0.0030325578703703,-0.0030325578703703,0.610114,0.237308,00092305004,PC,False,False,HR
57653.9225597313,0.0049913888888888,-0.0049913888888888,0.038834,0.007574,00092305005,PC,False,False,SOFT
57653.9225597313,0.0049913888888888,-0.0049913888888888,0.02292,0.005817,00092305005,PC,False,False,HARD
57653.9225597313,0.0049913888888888,-0.0049913888888888,0.590207,0.188901,00092305005,PC,False,False,HR
57654.0076344998,0.0032502083333333,-0.0032502083333333,0.04838,0.010482,00092305006,PC,False,False,SOFT
57654.0076344998,0.0032502083333333,-0.0032502083333333,0.021959,0.007068,00092305006,PC,False,False,HARD
57654.0076344998,0.0032502083333333,-0.0032502083333333,0.453889,0.176111,00092305006,PC,False,False,HR
57654.3263867799,0.0053396180555555,-0.0053396180555555,0.496847,0.186135,00092305007,PC,False,False,HR
57654.3263867799,0.0053396180555555,-0.0053396180555555,0.031493,0.006776,00092305007,PC,False,False,SOFT
57654.3263867799,0.0053396180555555,-0.0053396180555555,0.015647,0.004799,00092305007,PC,False,False,HARD
57654.5210992602,0.0057604050925925,-0.0057604050925925,0.428687,0.140639,00092305008,PC,False,False,HR
57654.5210992602,0.0057604050925925,-0.0057604050925925,0.039606,0.00707,00092305008,PC,False,False,SOFT
57654.5210992602,0.0057604050925925,-0.0057604050925925,0.016979,0.004673,00092305008,PC,False,False,HARD
57654.654832119,0.0053541319444444,-0.0053541319444444,0.022623,0.005578,00092305009,PC,False,False,HARD
57654.654832119,0.0053541319444444,-0.0053541319444444,0.493473,0.148581,00092305009,PC,False,False,HR
57654.654832119,0.0053541319444444,-0.0053541319444444,0.045844,0.007923,00092305009,PC,False,False,SOFT
57654.9285920264,0.0059055092592592,-0.0059055092592592,0.383955,0.111822,00092305010,PC,False,False,HR
57654.9285920264,0.0059055092592592,-0.0059055092592592,0.020941,0.005192,00092305010,PC,False,False,HARD
57654.9285920264,0.0059055092592592,-0.0059055092592592,0.05454,0.008332,00092305010,PC,False,False,SOFT
57655.1175703482,0.004440011574074,-0.004440011574074,0.017659,0.005813,00092305011,PC,False,False,HARD
57655.1175703482,0.004440011574074,-0.004440011574074,0.049359,0.009629,00092305011,PC,False,False,SOFT
57655.1175703482,0.004440011574074,-0.004440011574074,0.357755,0.136903,00092305011,PC,False,False,HR
57655.3212572811,0.0063117824074074,-0.0063117824074074,0.019219,0.004921,00092305012,PC,False,False,HARD
57655.3212572811,0.0063117824074074,-0.0063117824074074,0.48156,0.14973,00092305012,PC,False,False,HR
57655.3212572811,0.0063117824074074,-0.0063117824074074,0.03991,0.00704,00092305012,PC,False,False,SOFT
57655.5177874778,0.0056153125,-0.0056153125,0.04525,0.007738,00092305013,PC,False,False,SOFT
57655.5177874778,0.0056153125,-0.0056153125,0.01268,0.004121,00092305013,PC,False,False,HARD
57655.5177874778,0.0056153125,-0.0056153125,0.280222,0.102918,00092305013,PC,False,False,HR
57655.7170912047,0.0056153125,-0.0056153125,0.01414,0.004779,00092305014,PC,False,False,HARD
57655.7170912047,0.0056153125,-0.0056153125,0.05171,0.009099,00092305014,PC,False,False,SOFT
57655.7170912047,0.0056153125,-0.0056153125,0.273451,0.104192,00092305014,PC,False,False,HR
57655.8495077556,0.0051364814814814,-0.0051364814814814,0.043556,0.008041,00092305015,PC,False,False,SOFT
57655.8495077556,0.0051364814814814,-0.0051364814814814,0.020168,0.005505,00092305015,PC,False,False,HARD
57655.8495077556,0.0051364814814814,-0.0051364814814814,0.463035,0.152583,00092305015,PC,False,False,HR
57656.0492521885,0.0053856828703703,-0.0053856828703703,0.037909,0.007906,00092305016,PC,False,False,SOFT
57656.0492521885,0.0053856828703703,-0.0053856828703703,1.007553,0.295753,00092305016,PC,False,False,HR
57656.0492521885,0.0053856828703703,-0.0053856828703703,0.038196,0.00789,00092305016,PC,False,False,HARD
57656.2489766908,0.0056588425925925,-0.0056588425925925,0.222288,0.089349,00092305017,PC,False,False,HR
57656.2489766908,0.0056588425925925,-0.0056588425925925,0.050053,0.008512,00092305017,PC,False,False,SOFT
57656.2489766908,0.0056588425925925,-0.0056588425925925,0.011126,0.004052,00092305017,PC,False,False,HARD
57656.4483088922,0.0056443287037037,-0.0056443287037037,0.352055,0.108024,00092305018,PC,False,False,HR
57656.4483088922,0.0056443287037037,-0.0056443287037037,0.05302,0.008248,00092305018,PC,False,False,SOFT
57656.4483088922,0.0056443287037037,-0.0056443287037037,0.018666,0.004937,00092305018,PC,False,False,HARD
57656.6472199338,0.0060360879629629,-0.0060360879629629,0.013007,0.004061,00092305019,PC,False,False,HARD
57656.6472199338,0.0060360879629629,-0.0060360879629629,0.038703,0.006926,00092305019,PC,False,False,SOFT
57656.6472199338,0.0060360879629629,-0.0060360879629629,0.336085,0.120954,00092305019,PC,False,False,HR
57656.9308617162,0.0036274537037037,-0.0036274537037037,0.015877,0.005859,00092305020,PC,False,False,HARD
57656.9308617162,0.0036274537037037,-0.0036274537037037,0.306898,0.129126,00092305020,PC,False,False,HR
57656.9308617162,0.0036274537037037,-0.0036274537037037,0.051735,0.010457,00092305020,PC,False,False,SOFT
57657.0619830241,0.0051654976851851,-0.0051654976851851,0.018069,0.005166,00092305021,PC,False,False,HARD
57657.0619830241,0.0051654976851851,-0.0051654976851851,0.373219,0.124825,00092305021,PC,False,False,HR
57657.0619830241,0.0051654976851851,-0.0051654976851851,0.048413,0.008403,00092305021,PC,False,False,SOFT
57657.3781779894,0.0056443287037037,-0.0056443287037037,0.016284,0.00587,00092305022,PC,False,False,HARD
57657.3781779894,0.0056443287037037,-0.0056443287037037,0.373228,0.157689,00092305022,PC,False,False,HR
57657.3781779894,0.0056443287037037,-0.0056443287037037,0.04363,0.009614,00092305022,PC,False,False,SOFT
57657.5776736723,0.0054411921296296,-0.0054411921296296,0.017626,0.006425,00092305023,PC,False,False,HARD
57657.5776736723,0.0054411921296296,-0.0054411921296296,0.464079,0.204143,00092305023,PC,False,False,HR
57657.5776736723,0.0054411921296296,-0.0054411921296296,0.037981,0.009353,00092305023,PC,False,False,SOFT
57657.7097575843,0.0060070717592592,-0.0060070717592592,0.049777,0.007864,00092305024,PC,False,False,SOFT
57657.7097575843,0.0060070717592592,-0.0060070717592592,0.02035,0.00506,00092305024,PC,False,False,HARD
57657.7097575843,0.0060070717592592,-0.0060070717592592,0.408823,0.120432,00092305024,PC,False,False,HR
57657.9085171561,0.0051509953703703,-0.0051509953703703,0.049268,0.008693,00092305025,PC,False,False,SOFT
57657.9085171561,0.0051509953703703,-0.0051509953703703,0.03026,0.006837,00092305025,PC,False,False,HARD
57657.9085171561,0.0051509953703703,-0.0051509953703703,0.614195,0.176063,00092305025,PC,False,False,HR
57658.173806913,0.0044545254629629,-0.0044545254629629,0.009365,0.004109,00092305026,PC,False,False,HARD
57658.173806913,0.0044545254629629,-0.0044545254629629,0.053067,0.009497,00092305026,PC,False,False,SOFT
57658.173806913,0.0044545254629629,-0.0044545254629629,0.176475,0.083621,00092305026,PC,False,False,HR
57658.3077946908,0.005180011574074,-0.005180011574074,0.029713,0.006621,00092305027,PC,False,False,HARD
57658.3077946908,0.005180011574074,-0.005180011574074,0.553097,0.153004,00092305027,PC,False,False,HR
57658.3077946908,0.005180011574074,-0.005180011574074,0.05372,0.008805,00092305027,PC,False,False,SOFT
57658.5466850635,0.11074005787037,-0.11074005787037,0.193089,0.074984,00092305028,PC,False,False,HR
57658.5466850635,0.11074005787037,-0.11074005787037,0.055472,0.008462,00092305028,PC,False,False,SOFT
57658.5466850635,0.11074005787037,-0.11074005787037,0.010711,0.003825,00092305028,PC,False,False,HARD
57658.8435833621,0.0020313773148148,-0.0020313773148148,0.029842,0.010827,00092305030,PC,False,False,SOFT
57658.8435833621,0.0020313773148148,-0.0020313773148148,1.147546,0.569684,00092305030,PC,False,False,HR
57658.8435833621,0.0020313773148148,-0.0020313773148148,0.034245,0.011603,00092305030,PC,False,False,HARD
57659.1027776329,0.0032647106481481,-0.0032647106481481,0.22464,0.147778,00092305031,PC,False,False,HR
57659.1027776329,0.0032647106481481,-0.0032647106481481,0.030652,0.008598,00092305031,PC,False,False,SOFT
57659.1027776329,0.0032647106481481,-0.0032647106481481,0.006886,0.004097,00092305031,PC,False,False,HARD
57659.3101617764,0.003496875,-0.003496875,0.276712,0.132269,00092305032,PC,False,False,HR
57659.3101617764,0.003496875,-0.003496875,0.012109,0.005138,00092305032,PC,False,False,HARD
57659.3101617764,0.003496875,-0.003496875,0.043759,0.009629,00092305032,PC,False,False,SOFT
57659.5033664871,0.0061231481481481,-0.0061231481481481,0.028077,0.005907,00092305033,PC,False,False,SOFT
57659.5033664871,0.0061231481481481,-0.0061231481481481,0.517872,0.186903,00092305033,PC,False,False,HR
57659.5033664871,0.0061231481481481,-0.0061231481481481,0.014541,0.004264,00092305033,PC,False,False,HARD
57659.7032617301,0.0055572685185185,-0.0055572685185185,0.583361,0.181983,00092305034,PC,False,False,HR
57659.7032617301,0.0055572685185185,-0.0055572685185185,0.022599,0.00561,00092305034,PC,False,False,HARD
57659.7032617301,0.0055572685185185,-0.0055572685185185,0.03874,0.007319,00092305034,PC,False,False,SOFT
57659.8992148783,0.0033372685185185,-0.0033372685185185,0.033506,0.009037,00092305035,PC,False,False,SOFT
57659.8992148783,0.0033372685185185,-0.0033372685185185,0.021167,0.007181,00092305035,PC,False,False,HARD
57659.8992148783,0.0033372685185185,-0.0033372685185185,0.631722,0.273807,00092305035,PC,False,False,HR
57660.1665183042,0.0040917708333333,-0.0040917708333333,0.5618,0.172609,00092305036,PC,False,False,HR
57660.1665183042,0.0040917708333333,-0.0040917708333333,0.032855,0.00808,00092305036,PC,False,False,HARD
57660.1665183042,0.0040917708333333,-0.0040917708333333,0.058482,0.010771,00092305036,PC,False,False,SOFT
57660.3050489524,0.0051364814814814,-0.0051364814814814,0.017791,0.005147,00092305037,PC,False,False,HARD
57660.3050489524,0.0051364814814814,-0.0051364814814814,0.04828,0.008356,00092305037,PC,False,False,SOFT
57660.3050489524,0.0051364814814814,-0.0051364814814814,0.36849,0.124233,00092305037,PC,False,False,HR
57660.4998076943,0.0048462847222222,-0.0048462847222222,0.049283,0.008681,00092305038,PC,False,False,SOFT
57660.4998076943,0.0048462847222222,-0.0048462847222222,0.01729,0.005246,00092305038,PC,False,False,HARD
57660.4998076943,0.0048462847222222,-0.0048462847222222,0.350821,0.123085,00092305038,PC,False,False,HR
57660.6463201017,0.0055572685185185,-0.0055572685185185,0.236736,0.092745,00092305039,PC,False,False,HR
57660.6463201017,0.0055572685185185,-0.0055572685185185,0.049134,0.008271,00092305039,PC,False,False,SOFT
57660.6463201017,0.0055572685185185,-0.0055572685185185,0.011632,0.004115,00092305039,PC,False,False,HARD
57660.8484559697,0.005499224537037,-0.005499224537037,0.345562,0.113752,00092305040,PC,False,False,HR
57660.8484559697,0.005499224537037,-0.005499224537037,0.020599,0.005875,00092305040,PC,False,False,HARD
57660.8484559697,0.005499224537037,-0.005499224537037,0.059611,0.009801,00092305040,PC,False,False,SOFT
57661.0494304836,0.0024231481481481,-0.0024231481481481,0.029888,0.009669,00092305041,PC,False,False,SOFT
57661.0494304836,0.0024231481481481,-0.0024231481481481,1.106709,0.493155,00092305041,PC,False,False,HR
57661.0494304836,0.0024231481481481,-0.0024231481481481,0.033077,0.010136,00092305041,PC,False,False,HARD
57661.2969138401,0.0042513773148148,-0.0042513773148148,0.478803,0.226409,00092305042,PC,False,False,HR
57661.2969138401,0.0042513773148148,-0.0042513773148148,0.019682,0.007628,00092305042,PC,False,False,HARD
57661.2969138401,0.0042513773148148,-0.0042513773148148,0.041106,0.011137,00092305042,PC,False,False,SOFT
57661.4967133887,0.0058329513888888,-0.0058329513888888,0.531943,0.150706,00092305043,PC,False,False,HR
57661.4967133887,0.0058329513888888,-0.0058329513888888,0.0243,0.005582,00092305043,PC,False,False,HARD
57661.4967133887,0.0058329513888888,-0.0058329513888888,0.045682,0.007574,00092305043,PC,False,False,SOFT
57661.6377268725,0.0051219675925925,-0.0051219675925925,0.336851,0.121407,00092305044,PC,False,False,HR
57661.6377268725,0.0051219675925925,-0.0051219675925925,0.015121,0.004735,00092305044,PC,False,False,HARD
57661.6377268725,0.0051219675925925,-0.0051219675925925,0.04489,0.008013,00092305044,PC,False,False,SOFT
57661.8298335739,0.0053541319444444,-0.0053541319444444,0.046046,0.008009,00092305045,PC,False,False,SOFT
57661.8298335739,0.0053541319444444,-0.0053541319444444,0.37763,0.125967,00092305045,PC,False,False,HR
57661.8298335739,0.0053541319444444,-0.0053541319444444,0.017388,0.004949,00092305045,PC,False,False,HARD
57662.1595497313,0.0031486342592592,-0.0031486342592592,0.041573,0.010448,00092305046,PC,False,False,SOFT
57662.1595497313,0.0031486342592592,-0.0031486342592592,0.370398,0.179809,00092305046,PC,False,False,HR
57662.1595497313,0.0031486342592592,-0.0031486342592592,0.015398,0.006395,00092305046,PC,False,False,HARD
57662.2942852637,0.0012478472222222,-0.0012478472222222,0.023746,0.011956,00092305047,PC,True,False,HARD
57662.2942852637,0.0012478472222222,-0.0012478472222222,0.803397,0.543679,00092305047,PC,True,False,HR
57662.2942852637,0.0012478472222222,-0.0012478472222222,0.029558,0.013366,00092305047,PC,True,False,SOFT
57662.693865972,0.000203136574074,-0.000203136574074,-0.004922,0.002842,00092305049,PC,True,False,SOFT
57662.693865972,0.000203136574074,-0.000203136574074,-0.001641,0.001641,00092305049,PC,True,False,HARD
57662.693865972,0.000203136574074,-0.000203136574074,0.333333,0.3849,00092305049,PC,True,False,HR
57662.9045964466,0.0056007986111111,-0.0056007986111111,0.038904,0.00751,00092305050,PC,False,False,SOFT
57662.9045964466,0.0056007986111111,-0.0056007986111111,0.2856,0.11852,00092305050,PC,False,False,HR
57662.9045964466,0.0056007986111111,-0.0056007986111111,0.011111,0.004082,00092305050,PC,False,False,HARD
57714.1865127788,0.0028439236111111,-0.0028439236111111,0.040563,0.010892,00033468010,PC,False,False,SOFT
57714.1865127788,0.0028439236111111,-0.0028439236111111,0.355351,0.187169,00033468010,PC,False,False,HR
57714.1865127788,0.0028439236111111,-0.0028439236111111,0.014414,0.006531,00033468010,PC,False,False,HARD
57714.5159335079,0.0019153009259259,-0.0019153009259259,0.058545,0.015689,00033468011,PC,False,False,SOFT
57714.5159335079,0.0019153009259259,-0.0019153009259259,0.008216,0.005892,00033468011,PC,False,False,HARD
57714.5159335079,0.0019153009259259,-0.0019153009259259,0.140342,0.107443,00033468011,PC,False,False,HR
57714.8040438551,0.0026698148148148,-0.0026698148148148,0.035525,0.01086,00033468012,PC,False,False,SOFT
57714.8040438551,0.0026698148148148,-0.0026698148148148,0.022501,0.008652,00033468012,PC,False,False,HARD
57714.8040438551,0.0026698148148148,-0.0026698148148148,0.633386,0.311132,00033468012,PC,False,False,HR
57715.1161768991,0.003061574074074,-0.003061574074074,0.044317,0.010571,00033468013,PC,False,False,SOFT
57715.1161768991,0.003061574074074,-0.003061574074074,0.095251,0.083686,00033468013,PC,False,False,HR
57715.1161768991,0.003061574074074,-0.003061574074074,0.004221,0.003569,00033468013,PC,False,False,HARD
57715.3200768181,0.0033082407407407,-0.0033082407407407,0.045707,0.010569,00033468014,PC,False,False,SOFT
57715.3200768181,0.0033082407407407,-0.0033082407407407,0.014225,0.005985,00033468014,PC,False,False,HARD
57715.3200768181,0.0033082407407407,-0.0033082407407407,0.31123,0.149416,00033468014,PC,False,False,HR
57715.9788673748,0.0021474652777777,-0.0021474652777777,0.037952,0.012069,00033468015,PC,True,False,SOFT
57715.9788673748,0.0021474652777777,-0.0021474652777777,0.297388,0.198898,00033468015,PC,True,False,HR
57715.9788673748,0.0021474652777777,-0.0021474652777777,0.011286,0.006641,00033468015,PC,True,False,HARD
57716.0479515646,0.0032066782407407,-0.0032066782407407,0.039993,0.00988,00033468016,PC,False,False,SOFT
57716.0479515646,0.0032066782407407,-0.0032066782407407,0.023348,0.007582,00033468016,PC,False,False,HARD
57716.0479515646,0.0032066782407407,-0.0032066782407407,0.583808,0.238206,00033468016,PC,False,False,HR
57716.5898092961,0.002321574074074,-0.002321574074074,0.03594,0.011183,00033468017,PC,False,False,SOFT
57716.5898092961,0.002321574074074,-0.002321574074074,0.449905,0.252313,00033468017,PC,False,False,HR
57716.5898092961,0.002321574074074,-0.002321574074074,0.01617,0.007544,00033468017,PC,False,False,HARD
57716.8616104767,0.0034533449074074,-0.0034533449074074,0.035537,0.009029,00033468018,PC,False,False,SOFT
57716.8616104767,0.0034533449074074,-0.0034533449074074,0.013436,0.005562,00033468018,PC,False,False,HARD
57716.8616104767,0.0034533449074074,-0.0034533449074074,0.378082,0.183642,00033468018,PC,False,False,HR
57717.7940254558,0.0029890277777777,-0.0029890277777777,0.026227,0.008392,00033468021,PC,False,False,HARD
57717.7940254558,0.0029890277777777,-0.0029890277777777,0.770747,0.328232,00033468021,PC,False,False,HR
57717.7940254558,0.0029890277777777,-0.0029890277777777,0.034029,0.009563,00033468021,PC,False,False,SOFT
57718.1725031294,0.0036564814814814,-0.0036564814814814,0.029796,0.008022,00033468022,PC,False,False,SOFT
57718.1725031294,0.0036564814814814,-0.0036564814814814,0.016915,0.006073,00033468022,PC,False,False,HARD
57718.1725031294,0.0036564814814814,-0.0036564814814814,0.56771,0.254755,00033468022,PC,False,False,HR
57718.8537658841,0.002960011574074,-0.002960011574074,0.008295,0.004921,00033468024,PC,False,False,HARD
57718.8537658841,0.002960011574074,-0.002960011574074,0.247146,0.16365,00033468024,PC,False,False,HR
57718.8537658841,0.002960011574074,-0.002960011574074,0.033562,0.009873,00033468024,PC,False,False,SOFT
57719.1807831063,0.002321574074074,-0.002321574074074,0.299106,0.159649,00033468025,PC,False,False,HR
57719.1807831063,0.002321574074074,-0.002321574074074,0.015622,0.007346,00033468025,PC,False,False,HARD
57719.1807831063,0.002321574074074,-0.002321574074074,0.052228,0.013191,00033468025,PC,False,False,SOFT
57719.5697431318,0.0036419675925925,-0.0036419675925925,0.034463,0.008707,00033468026,PC,False,False,SOFT
57719.5697431318,0.0036419675925925,-0.0036419675925925,0.014874,0.005744,00033468026,PC,False,False,HARD
57719.5697431318,0.0036419675925925,-0.0036419675925925,0.431607,0.199188,00033468026,PC,False,False,HR
57720.5082123216,0.0040627546296296,-0.0040627546296296,0.505446,0.183597,00033468029,PC,False,False,HR
57720.5082123216,0.0040627546296296,-0.0040627546296296,0.043461,0.009182,00033468029,PC,False,False,SOFT
57720.5082123216,0.0040627546296296,-0.0040627546296296,0.021967,0.006491,00033468029,PC,False,False,HARD
57720.8472325068,0.0032356944444444,-0.0032356944444444,0.020243,0.006918,00033468030,PC,False,False,HARD
57720.8472325068,0.0032356944444444,-0.0032356944444444,0.036348,0.009243,00033468030,PC,False,False,SOFT
57720.8472325068,0.0032356944444444,-0.0032356944444444,0.556915,0.237237,00033468030,PC,False,False,HR
57721.2268588725,0.0032647106481481,-0.0032647106481481,0.012099,0.00553,00033468031,PC,False,False,HARD
57721.2268588725,0.0032647106481481,-0.0032647106481481,0.032006,0.00897,00033468031,PC,False,False,SOFT
57721.2268588725,0.0032647106481481,-0.0032647106481481,0.378019,0.202674,00033468031,PC,False,False,HR
57721.4421032487,0.00074,-0.00074,0.173837,0.188525,00033468032,PC,True,False,HR
57721.4421032487,0.00074,-0.00074,0.061251,0.025705,00033468032,PC,True,False,SOFT
57721.4421032487,0.00074,-0.00074,0.010648,0.010648,00033468032,PC,True,False,HARD
57721.7132983065,0.0031486342592592,-0.0031486342592592,0.039697,0.010318,00033468033,PC,False,False,SOFT
57721.7132983065,0.0031486342592592,-0.0031486342592592,0.015886,0.006594,00033468033,PC,False,False,HARD
57721.7132983065,0.0031486342592592,-0.0031486342592592,0.40018,0.195981,00033468033,PC,False,False,HR
57722.4447041977,0.0023070601851851,-0.0023070601851851,0.143276,0.160133,00033468035,PC,True,False,HR
57722.4447041977,0.0023070601851851,-0.0023070601851851,0.004257,0.004468,00033468035,PC,True,False,HARD
57722.4447041977,0.0023070601851851,-0.0023070601851851,0.029715,0.011423,00033468035,PC,True,False,SOFT
57723.1546408412,0.0034678472222222,-0.0034678472222222,0.017969,0.006383,00033468036,PC,False,False,HARD
57723.1546408412,0.0034678472222222,-0.0034678472222222,0.50959,0.223298,00033468036,PC,False,False,HR
57723.1546408412,0.0034678472222222,-0.0034678472222222,0.035261,0.009047,00033468036,PC,False,False,SOFT
57723.5054369315,0.0033662847222222,-0.0033662847222222,0.010429,0.006167,00033468037,PC,True,False,HARD
57723.5054369315,0.0033662847222222,-0.0033662847222222,0.01026,0.006149,00033468037,PC,True,False,SOFT
57723.5054369315,0.0033662847222222,-0.0033662847222222,1.016464,0.855797,00033468037,PC,True,False,HR
57723.7658763181,0.0033517708333333,-0.0033517708333333,0.012612,0.00758,00033468038,PC,True,False,HARD
57723.7658763181,0.0033517708333333,-0.0033517708333333,0.558446,0.422505,00033468038,PC,True,False,HR
57723.7658763181,0.0033517708333333,-0.0033517708333333,0.022584,0.010378,00033468038,PC,True,False,SOFT
58813.8081889987,0.0060796527777777,-0.0060796527777777,0.558145,0.108203,00088952001,PC,False,False,HR
58813.8081889987,0.0060796527777777,-0.0060796527777777,0.115021,0.012888,00088952001,PC,False,False,SOFT
58813.8081889987,0.0060796527777777,-0.0060796527777777,0.064198,0.010156,00088952001,PC,False,False,HARD
58843.9091535635,0.0370647569444444,-0.0370647569444444,0.586445,0.123297,00088953001,PC,False,False,HR
58843.9091535635,0.0370647569444444,-0.0370647569444444,0.093456,0.011973,00088953001,PC,False,False,SOFT
58843.9091535635,0.0370647569444444,-0.0370647569444444,0.054807,0.009136,00088953001,PC,False,False,HARD
58844.4862093042,0.0037725578703703,-0.0037725578703703,0.589896,0.155186,00088953002,PC,False,False,HR
58844.4862093042,0.0037725578703703,-0.0037725578703703,0.097281,0.015604,00088953002,PC,False,False,SOFT
58844.4862093042,0.0037725578703703,-0.0037725578703703,0.057385,0.011966,00088953002,PC,False,False,HARD
58970.0251096017,0.0072259027777777,-0.0072259027777777,0.058879,0.007781,00080002001,PC,False,False,SOFT
58970.0251096017,0.0072259027777777,-0.0072259027777777,0.338598,0.08941,00080002001,PC,False,False,HR
58970.0251096017,0.0072259027777777,-0.0072259027777777,0.019936,0.004558,00080002001,PC,False,False,HARD
58971.1376335484,0.0365900694444444,-0.0365900694444444,0.350981,0.12098,00032619021,PC,False,False,HR
58971.1376335484,0.0365900694444444,-0.0365900694444444,0.033546,0.005923,00032619021,PC,False,False,SOFT
58971.1376335484,0.0365900694444444,-0.0365900694444444,0.011774,0.003485,00032619021,PC,False,False,HARD
58973.2876455635,0.0085753125,-0.0085753125,0.056719,0.007051,00032619024,PC,False,False,SOFT
58973.2876455635,0.0085753125,-0.0085753125,0.023004,0.004503,00032619024,PC,False,False,HARD
58973.2876455635,0.0085753125,-0.0085753125,0.405578,0.094052,00032619024,PC,False,False,HR
58977.4001355936,0.0044109953703703,-0.0044109953703703,0.321584,0.132469,00080002002,PC,False,False,HR
58977.4001355936,0.0044109953703703,-0.0044109953703703,0.048204,0.009701,00080002002,PC,False,False,SOFT
58977.4001355936,0.0044109953703703,-0.0044109953703703,0.015502,0.005572,00080002002,PC,False,False,HARD
58984.7712232452,0.0076466898148148,-0.0076466898148148,0.006568,0.002609,00080002003,PC,False,False,HARD
58984.7712232452,0.0076466898148148,-0.0076466898148148,0.192456,0.083258,00080002003,PC,False,False,HR
58984.7712232452,0.0076466898148148,-0.0076466898148148,0.034126,0.005844,00080002003,PC,False,False,SOFT
58991.0127542903,0.0077772685185185,-0.0077772685185185,0.036152,0.005875,00080002004,PC,False,False,HARD
58991.0127542903,0.0077772685185185,-0.0077772685185185,0.588621,0.120437,00080002004,PC,False,False,HR
58991.0127542903,0.0077772685185185,-0.0077772685185185,0.061418,0.007635,00080002004,PC,False,False,SOFT
58998.9779620924,0.0078353125,-0.0078353125,0.017924,0.005033,00080002005,PC,False,False,HARD
58998.9779620924,0.0078353125,-0.0078353125,0.350143,0.114108,00080002005,PC,False,False,HR
58998.9779620924,0.0078353125,-0.0078353125,0.051191,0.008465,00080002005,PC,False,False,SOFT
59005.6869717521,0.0078498263888888,-0.0078498263888888,0.031942,0.005528,00080002006,PC,False,False,SOFT
59005.6869717521,0.0078498263888888,-0.0078498263888888,0.377393,0.125507,00080002006,PC,False,False,HR
59005.6869717521,0.0078498263888888,-0.0078498263888888,0.012055,0.003424,00080002006,PC,False,False,HARD
59012.784147604,0.0079078587962963,-0.0079078587962963,0.312778,0.105366,00080002007,PC,False,False,HR
59012.784147604,0.0079078587962963,-0.0079078587962963,0.011357,0.003343,00080002007,PC,False,False,HARD
59012.784147604,0.0079078587962963,-0.0079078587962963,0.036311,0.005946,00080002007,PC,False,False,SOFT
59019.6235225531,0.0074290393518518,-0.0074290393518518,0.218427,0.075444,00080002008,PC,False,False,HR
59019.6235225531,0.0074290393518518,-0.0074290393518518,0.048077,0.006966,00080002008,PC,False,False,SOFT
59019.6235225531,0.0074290393518518,-0.0074290393518518,0.010501,0.003293,00080002008,PC,False,False,HARD
59026.3272549859,0.0078353125,-0.0078353125,0.02413,0.004749,00080002009,PC,False,False,HARD
59026.3272549859,0.0078353125,-0.0078353125,0.085382,0.00887,00080002009,PC,False,False,SOFT
59026.3272549859,0.0078353125,-0.0078353125,0.282614,0.062892,00080002009,PC,False,False,HR
59033.1693090554,0.008038449074074,-0.008038449074074,0.065466,0.007989,00080002010,PC,False,False,SOFT
59033.1693090554,0.008038449074074,-0.008038449074074,0.033386,0.00572,00080002010,PC,False,False,HARD
59033.1693090554,0.008038449074074,-0.008038449074074,0.50998,0.107276,00080002010,PC,False,False,HR
59154.6094762683,0.008256099537037,-0.008256099537037,0.016983,0.003908,00080002011,PC,False,False,HARD
59154.6094762683,0.008256099537037,-0.008256099537037,0.044564,0.006315,00080002011,PC,False,False,SOFT
59154.6094762683,0.008256099537037,-0.008256099537037,0.381093,0.102994,00080002011,PC,False,False,HR
59161.0675638818,0.0383736574074074,-0.0383736574074074,0.031496,0.006836,00080002012,PC,False,False,SOFT
59161.0675638818,0.0383736574074074,-0.0383736574074074,0.32734,0.146398,00080002012,PC,False,False,HR
59161.0675638818,0.0383736574074074,-0.0383736574074074,0.01031,0.004032,00080002012,PC,False,False,HARD
59168.8049830762,0.323847291666667,-0.323847291666667,0.04025,0.007706,00080002013,PC,False,False,HARD
59168.8049830762,0.323847291666667,-0.323847291666667,0.053041,0.008862,00080002013,PC,False,False,SOFT
59168.8049830762,0.323847291666667,-0.323847291666667,0.758858,0.192824,00080002013,PC,False,False,HR
59175.381284729,0.0093733564814814,-0.0093733564814814,0.691719,0.091393,00080002014,PC,False,False,HR
59175.381284729,0.0093733564814814,-0.0093733564814814,0.107123,0.009049,00080002014,PC,False,False,SOFT
59175.381284729,0.0093733564814814,-0.0093733564814814,0.074099,0.007528,00080002014,PC,False,False,HARD
59182.4866914234,0.0081255439814814,-0.0081255439814814,0.012049,0.003392,00080002015,PC,False,False,HARD
59182.4866914234,0.0081255439814814,-0.0081255439814814,0.340419,0.110884,00080002015,PC,False,False,HR
59182.4866914234,0.0081255439814814,-0.0081255439814814,0.035395,0.005801,00080002015,PC,False,False,SOFT
59189.5950249767,0.0067325694444444,-0.0067325694444444,0.01711,0.004365,00080002016,PC,False,False,HARD
59189.5950249767,0.0067325694444444,-0.0067325694444444,0.051887,0.007542,00080002016,PC,False,False,SOFT
59189.5950249767,0.0067325694444444,-0.0067325694444444,0.329754,0.096825,00080002016,PC,False,False,HR
59196.3682535392,0.0078062962962963,-0.0078062962962963,0.030936,0.008739,00080002017,PC,False,False,HARD
59196.3682535392,0.0078062962962963,-0.0078062962962963,0.057738,0.011978,00080002017,PC,False,False,SOFT
59196.3682535392,0.0078062962962963,-0.0078062962962963,0.535807,0.187791,00080002017,PC,False,False,HR
59203.5352422463,0.0068051157407407,-0.0068051157407407,0.360334,0.10738,00080002018,PC,False,False,HR
59203.5352422463,0.0068051157407407,-0.0068051157407407,0.017023,0.004352,00080002018,PC,False,False,HARD
59203.5352422463,0.0068051157407407,-0.0068051157407407,0.047241,0.007234,00080002018,PC,False,False,SOFT
59210.2404923945,0.0077917824074074,-0.0077917824074074,0.025732,0.005849,00080002019,PC,False,False,SOFT
59210.2404923945,0.0077917824074074,-0.0077917824074074,0.199955,0.114986,00080002019,PC,False,False,HR
59210.2404923945,0.0077917824074074,-0.0077917824074074,0.005145,0.002718,00080002019,PC,False,False,HARD
59217.3378051491,0.0085608912037037,-0.0085608912037037,0.008272,0.003805,00080002020,PC,False,False,HARD
59217.3378051491,0.0085608912037037,-0.0085608912037037,0.196446,0.098187,00080002020,PC,False,False,HR
59217.3378051491,0.0085608912037037,-0.0085608912037037,0.042108,0.008238,00080002020,PC,False,False,SOFT
59238.5846229894,0.331018854166667,-0.331018854166667,0.039129,0.007628,00032619025,PC,False,False,SOFT
59238.5846229894,0.331018854166667,-0.331018854166667,0.248578,0.108837,00032619025,PC,False,False,HR
59238.5846229894,0.331018854166667,-0.331018854166667,0.009727,0.003813,00032619025,PC,False,False,HARD
59245.2927647452,0.0076031597222222,-0.0076031597222222,0.408935,0.132063,00032619026,PC,False,False,HR
59245.2927647452,0.0076031597222222,-0.0076031597222222,0.014788,0.004028,00032619026,PC,False,False,HARD
59245.2927647452,0.0076031597222222,-0.0076031597222222,0.036162,0.006272,00032619026,PC,False,False,SOFT
59311.2624966549,0.0066164814814814,-0.0066164814814814,0.342981,0.117063,00032619027,PC,False,False,HR
59311.2624966549,0.0066164814814814,-0.0066164814814814,0.013853,0.004079,00032619027,PC,False,False,HARD
59311.2624966549,0.0066164814814814,-0.0066164814814814,0.040389,0.006969,00032619027,PC,False,False,SOFT
59322.7448486931,0.0089815856481481,-0.0089815856481481,0.012814,0.003375,00032619029,PC,False,False,HARD
59322.7448486931,0.0089815856481481,-0.0089815856481481,0.361695,0.111007,00032619029,PC,False,False,HR
59322.7448486931,0.0089815856481481,-0.0089815856481481,0.035429,0.005583,00032619029,PC,False,False,SOFT
59325.2052281202,0.0083286805555555,-0.0083286805555555,0.251211,0.090967,00032619030,PC,False,False,HR
59325.2052281202,0.0083286805555555,-0.0083286805555555,0.035919,0.005797,00032619030,PC,False,False,SOFT
59325.2052281202,0.0083286805555555,-0.0083286805555555,0.009023,0.002925,00032619030,PC,False,False,HARD
59332.035504472,0.0079223726851851,-0.0079223726851851,0.049668,0.007532,00032619031,PC,False,False,SOFT
59332.035504472,0.0079223726851851,-0.0079223726851851,0.362631,0.106895,00032619031,PC,False,False,HR
59332.035504472,0.0079223726851851,-0.0079223726851851,0.018011,0.004553,00032619031,PC,False,False,HARD
59339.1449351283,0.0033372685185185,-0.0033372685185185,0.043055,0.009758,00032619032,PC,False,False,SOFT
59339.1449351283,0.0033372685185185,-0.0033372685185185,0.542341,0.209062,00032619032,PC,False,False,HR
59339.1449351283,0.0033372685185185,-0.0033372685185185,0.02335,0.007281,00032619032,PC,False,False,HARD
59346.0514356919,0.0058619791666666,-0.0058619791666666,0.026708,0.005778,00032619033,PC,False,False,HARD
59346.0514356919,0.0058619791666666,-0.0058619791666666,0.074466,0.009614,00032619033,PC,False,False,SOFT
59346.0514356919,0.0058619791666666,-0.0058619791666666,0.358665,0.090361,00032619033,PC,False,False,HR
59353.74697767,0.0075596296296296,-0.0075596296296296,0.021836,0.004632,00032619034,PC,False,False,HARD
59353.74697767,0.0075596296296296,-0.0075596296296296,0.519876,0.135909,00032619034,PC,False,False,HR
59353.74697767,0.0075596296296296,-0.0075596296296296,0.042002,0.006416,00032619034,PC,False,False,SOFT
59360.2568559616,0.008778449074074,-0.008778449074074,0.016226,0.003739,00032619035,PC,False,False,HARD
59360.2568559616,0.008778449074074,-0.008778449074074,0.408534,0.111452,00032619035,PC,False,False,HR
59360.2568559616,0.008778449074074,-0.008778449074074,0.039719,0.005801,00032619035,PC,False,False,SOFT
59367.7490802301,0.0075306018518518,-0.0075306018518518,0.048899,0.006933,00032619036,PC,False,False,SOFT
59367.7490802301,0.0075306018518518,-0.0075306018518518,0.507388,0.124159,00032619036,PC,False,False,HR
59367.7490802301,0.0075306018518518,-0.0075306018518518,0.024811,0.004948,00032619036,PC,False,False,HARD
59374.1275169605,0.006877662037037,-0.006877662037037,0.317603,0.100226,00032619037,PC,False,False,HR
59374.1275169605,0.006877662037037,-0.006877662037037,0.045868,0.007068,00032619037,PC,False,False,SOFT
59374.1275169605,0.006877662037037,-0.006877662037037,0.014568,0.004012,00032619037,PC,False,False,HARD
59381.2323626387,0.0721734606481482,-0.0721734606481482,0.571498,0.092842,00032619038,PC,False,False,HR
59381.2323626387,0.0721734606481482,-0.0721734606481482,0.09924,0.009727,00032619038,PC,False,False,SOFT
59381.2323626387,0.0721734606481482,-0.0721734606481482,0.056716,0.007348,00032619038,PC,False,False,HARD
59386.3375876526,0.0086623726851851,-0.0086623726851851,0.017309,0.003846,00032619039,PC,False,False,HARD
59386.3375876526,0.0086623726851851,-0.0086623726851851,0.067291,0.007567,00032619039,PC,False,False,SOFT
59386.3375876526,0.0086623726851851,-0.0086623726851851,0.257219,0.064057,00032619039,PC,False,False,HR
59388.1286109095,0.0085463078703703,-0.0085463078703703,0.084555,0.008591,00032619040,PC,False,False,HARD
59388.1286109095,0.0085463078703703,-0.0085463078703703,0.110003,0.009777,00032619040,PC,False,False,SOFT
59388.1286109095,0.0085463078703703,-0.0085463078703703,0.768661,0.103763,00032619040,PC,False,False,HR
59395.8343024709,0.0090976736111111,-0.0090976736111111,0.02485,0.004521,00032619041,PC,False,False,HARD
59395.8343024709,0.0090976736111111,-0.0090976736111111,0.46602,0.102581,00032619041,PC,False,False,HR
59395.8343024709,0.0090976736111111,-0.0090976736111111,0.053323,0.006606,00032619041,PC,False,False,SOFT
59402.5398888204,0.0021474537037037,-0.0021474537037037,0.052883,0.013369,00032619042,PC,False,False,SOFT
59402.5398888204,0.0021474537037037,-0.0021474537037037,0.182425,0.121058,00032619042,PC,False,False,HR
59402.5398888204,0.0021474537037037,-0.0021474537037037,0.009647,0.005919,00032619042,PC,False,False,HARD
59406.8443498274,0.0060070717592592,-0.0060070717592592,0.5014,0.179012,00032619043,PC,False,False,HR
59406.8443498274,0.0060070717592592,-0.0060070717592592,0.014836,0.004313,00032619043,PC,False,False,HARD
59406.8443498274,0.0060070717592592,-0.0060070717592592,0.029589,0.006134,00032619043,PC,False,False,SOFT
59409.8974934813,0.0063262847222222,-0.0063262847222222,0.218455,0.082903,00032619044,PC,False,False,HR
59409.8974934813,0.0063262847222222,-0.0063262847222222,0.010648,0.003667,00032619044,PC,False,False,HARD
59409.8974934813,0.0063262847222222,-0.0063262847222222,0.048741,0.007766,00032619044,PC,False,False,SOFT
59416.8002673771,0.0077192361111111,-0.0077192361111111,0.042822,0.00674,00032619045,PC,False,False,SOFT
59416.8002673771,0.0077192361111111,-0.0077192361111111,0.013487,0.003801,00032619045,PC,False,False,HARD
59416.8002673771,0.0077192361111111,-0.0077192361111111,0.314969,0.101668,00032619045,PC,False,False,HR
59423.5688329049,0.0079078587962963,-0.0079078587962963,0.32934,0.088932,00032619046,PC,False,False,HR
59423.5688329049,0.0079078587962963,-0.0079078587962963,0.017247,0.004046,00032619046,PC,False,False,HARD
59423.5688329049,0.0079078587962963,-0.0079078587962963,0.05237,0.007002,00032619046,PC,False,False,SOFT
59430.3164877116,0.170685983796296,-0.170685983796296,0.033091,0.006046,00032619047,PC,False,False,HARD
59430.3164877116,0.170685983796296,-0.170685983796296,0.369927,0.079165,00032619047,PC,False,False,HR
59430.3164877116,0.170685983796296,-0.170685983796296,0.089452,0.009967,00032619047,PC,False,False,SOFT
59437.5806857417,0.0689747685185185,-0.0689747685185185,0.023348,0.004549,00032619048,PC,False,False,HARD
59437.5806857417,0.0689747685185185,-0.0689747685185185,0.639368,0.159688,00032619048,PC,False,False,HR
59437.5806857417,0.0689747685185185,-0.0689747685185185,0.036517,0.005707,00032619048,PC,False,False,SOFT
59444.4126660693,0.0078207986111111,-0.0078207986111111,0.9246,0.328141,00032619049,PC,False,False,HR
59444.4126660693,0.0078207986111111,-0.0078207986111111,0.019599,0.004984,00032619049,PC,False,False,HARD
59444.4126660693,0.0078207986111111,-0.0078207986111111,0.021197,0.005248,00032619049,PC,False,False,SOFT
59451.8504963551,0.0060941319444444,-0.0060941319444444,0.042719,0.00741,00032619050,PC,False,False,SOFT
59451.8504963551,0.0060941319444444,-0.0060941319444444,0.319962,0.113218,00032619050,PC,False,False,HR
59451.8504963551,0.0060941319444444,-0.0060941319444444,0.013669,0.004216,00032619050,PC,False,False,HARD
59458.961633376,0.0032937384259259,-0.0032937384259259,0.013739,0.005731,00032619051,PC,False,False,HARD
59458.961633376,0.0032937384259259,-0.0032937384259259,0.028058,0.008225,00032619051,PC,False,False,SOFT
59458.961633376,0.0032937384259259,-0.0032937384259259,0.489678,0.249653,00032619051,PC,False,False,HR
59465.5321503262,0.467514537037037,-0.467514537037037,0.301426,0.106692,00032619052,PC,False,False,HR
59465.5321503262,0.467514537037037,-0.467514537037037,0.010799,0.003362,00032619052,PC,False,False,HARD
59465.5321503262,0.467514537037037,-0.467514537037037,0.035827,0.006034,00032619052,PC,False,False,SOFT
59472.6291425658,0.0080239351851851,-0.0080239351851851,0.03512,0.005735,00032619053,PC,False,False,SOFT
59472.6291425658,0.0080239351851851,-0.0080239351851851,0.285212,0.099162,00032619053,PC,False,False,HR
59472.6291425658,0.0080239351851851,-0.0080239351851851,0.010017,0.003074,00032619053,PC,False,False,HARD
59479.6605778366,0.0043674652777777,-0.0043674652777777,0.035938,0.008128,00032619054,PC,False,False,SOFT
59479.6605778366,0.0043674652777777,-0.0043674652777777,0.294983,0.140296,00032619054,PC,False,False,HR
59479.6605778366,0.0043674652777777,-0.0043674652777777,0.010601,0.004435,00032619054,PC,False,False,HARD
59486.2988254547,0.0077627777777777,-0.0077627777777777,0.045633,0.006993,00032619055,PC,False,False,SOFT
59486.2988254547,0.0077627777777777,-0.0077627777777777,0.180924,0.071501,00032619055,PC,False,False,HR
59486.2988254547,0.0077627777777777,-0.0077627777777777,0.008256,0.003008,00032619055,PC,False,False,HARD
59493.5254920473,0.331117939814815,-0.331117939814815,0.029918,0.005524,00032619056,PC,False,False,SOFT
59493.5254920473,0.331117939814815,-0.331117939814815,0.015176,0.004004,00032619056,PC,False,False,HARD
59493.5254920473,0.331117939814815,-0.331117939814815,0.507259,0.163339,00032619056,PC,False,False,HR
59500.1085352787,0.0077917824074074,-0.0077917824074074,0.030302,0.005588,00032619057,PC,False,False,SOFT
59500.1085352787,0.0077917824074074,-0.0077917824074074,0.527502,0.165772,00032619057,PC,False,False,HR
59500.1085352787,0.0077917824074074,-0.0077917824074074,0.015985,0.004067,00032619057,PC,False,False,HARD
59507.6655660843,0.0077047222222222,-0.0077047222222222,0.430316,0.09845,00032619058,PC,False,False,HR
59507.6655660843,0.0077047222222222,-0.0077047222222222,0.045282,0.008666,00032619058,PC,False,False,HARD
59507.6655660843,0.0077047222222222,-0.0077047222222222,0.10523,0.013192,00032619058,PC,False,False,SOFT
59514.8424536456,0.007196875,-0.007196875,0.010942,0.003453,00032619059,PC,False,False,HARD
59514.8424536456,0.007196875,-0.007196875,0.046303,0.007001,00032619059,PC,False,False,SOFT
59514.8424536456,0.007196875,-0.007196875,0.23631,0.082685,00032619059,PC,False,False,HR
59521.3464466109,0.0052960879629629,-0.0052960879629629,0.011154,0.004046,00032619060,PC,False,False,HARD
59521.3464466109,0.0052960879629629,-0.0052960879629629,0.263938,0.107387,00032619060,PC,False,False,HR
59521.3464466109,0.0052960879629629,-0.0052960879629629,0.042262,0.00779,00032619060,PC,False,False,SOFT
59528.376939913,0.0081400231481481,-0.0081400231481481,0.006992,0.002574,00032619061,PC,False,False,HARD
59528.376939913,0.0081400231481481,-0.0081400231481481,0.180471,0.072021,00032619061,PC,False,False,HR
59528.376939913,0.0081400231481481,-0.0081400231481481,0.038741,0.00597,00032619061,PC,False,False,SOFT
59535.3437688505,0.0079804050925925,-0.0079804050925925,0.034341,0.005861,00032619062,PC,False,False,SOFT
59535.3437688505,0.0079804050925925,-0.0079804050925925,0.015727,0.003991,00032619062,PC,False,False,HARD
59535.3437688505,0.0079804050925925,-0.0079804050925925,0.457962,0.140067,00032619062,PC,False,False,HR
59542.3748023146,0.0088800231481481,-0.0088800231481481,0.007914,0.003722,00032619063,PC,False,False,HARD
59542.3748023146,0.0088800231481481,-0.0088800231481481,0.053666,0.009829,00032619063,PC,False,False,SOFT
59542.3748023146,0.0088800231481481,-0.0088800231481481,0.147469,0.074421,00032619063,PC,False,False,HR
59549.3432052579,0.0085172800925925,-0.0085172800925925,0.280665,0.10284,00032619064,PC,False,False,HR
59549.3432052579,0.0085172800925925,-0.0085172800925925,0.031945,0.005463,00032619064,PC,False,False,SOFT
59549.3432052579,0.0085172800925925,-0.0085172800925925,0.008966,0.002905,00032619064,PC,False,False,HARD
59556.5092370808,0.0077627662037037,-0.0077627662037037,0.097645,0.009527,00032619065,PC,False,False,SOFT
59556.5092370808,0.0077627662037037,-0.0077627662037037,0.692132,0.10566,00032619065,PC,False,False,HR
59556.5092370808,0.0077627662037037,-0.0077627662037037,0.067583,0.007935,00032619065,PC,False,False,HARD
59558.832220869,0.0086333564814814,-0.0086333564814814,0.442866,0.071424,00032619066,PC,False,False,HR
59558.832220869,0.0086333564814814,-0.0086333564814814,0.104595,0.009336,00032619066,PC,False,False,SOFT
59558.832220869,0.0086333564814814,-0.0086333564814814,0.046322,0.006222,00032619066,PC,False,False,HARD
59563.4869985994,0.0077772685185185,-0.0077772685185185,0.078015,0.008546,00032619067,PC,False,False,SOFT
59563.4869985994,0.0077772685185185,-0.0077772685185185,0.302651,0.069087,00032619067,PC,False,False,HR
59563.4869985994,0.0077772685185185,-0.0077772685185185,0.023611,0.004729,00032619067,PC,False,False,HARD
59570.5193381283,0.0066310532407407,-0.0066310532407407,0.059208,0.008339,00032619068,PC,False,False,SOFT
59570.5193381283,0.0066310532407407,-0.0066310532407407,0.032434,0.006114,00032619068,PC,False,False,HARD
59570.5193381283,0.0066310532407407,-0.0066310532407407,0.547791,0.128904,00032619068,PC,False,False,HR
59577.3529627232,0.205721087962963,-0.205721087962963,0.05688,0.006178,00032619069,PC,False,False,HARD
59577.3529627232,0.205721087962963,-0.205721087962963,0.60843,0.083726,00032619069,PC,False,False,HR
59577.3529627232,0.205721087962963,-0.205721087962963,0.093486,0.007899,00032619069,PC,False,False,SOFT
59584.2381835704,0.0032647453703703,-0.0032647453703703,0.060593,0.016105,00032619070,PC,False,False,SOFT
59584.2381835704,0.0032647453703703,-0.0032647453703703,0.322054,0.17611,00032619070,PC,False,False,HR
59584.2381835704,0.0032647453703703,-0.0032647453703703,0.019514,0.009326,00032619070,PC,False,False,HARD
59591.1456823227,0.009518449074074,-0.009518449074074,0.062454,0.011528,00032619071,PC,False,False,SOFT
59591.1456823227,0.009518449074074,-0.009518449074074,0.478968,0.153768,00032619071,PC,False,False,HR
59591.1456823227,0.009518449074074,-0.009518449074074,0.029913,0.007857,00032619071,PC,False,False,HARD
59675.9039557811,0.0394247453703704,-0.0394247453703704,0.031148,0.005489,00032619075,PC,False,False,HARD
59675.9039557811,0.0394247453703704,-0.0394247453703704,0.104506,0.009728,00032619075,PC,False,False,SOFT
59675.9039557811,0.0394247453703704,-0.0394247453703704,0.298051,0.059398,00032619075,PC,False,False,HR
59682.5447757128,0.436815046296296,-0.436815046296296,0.08428,0.005108,00032619076,PC,False,False,SOFT
59682.5447757128,0.436815046296296,-0.436815046296296,0.026511,0.002835,00032619076,PC,False,False,HARD
59682.5447757128,0.436815046296296,-0.436815046296296,0.314563,0.038662,00032619076,PC,False,False,HR
59689.0696256075,0.0077917824074074,-0.0077917824074074,0.007008,0.002716,00032619077,PC,False,False,HARD
59689.0696256075,0.0077917824074074,-0.0077917824074074,0.228124,0.097836,00032619077,PC,False,False,HR
59689.0696256075,0.0077917824074074,-0.0077917824074074,0.030722,0.00564,00032619077,PC,False,False,SOFT
59696.2034715808,0.104495497685185,-0.104495497685185,0.013713,0.003308,00032619078,PC,False,False,HARD
59696.2034715808,0.104495497685185,-0.104495497685185,0.047046,0.006102,00032619078,PC,False,False,SOFT
59696.2034715808,0.104495497685185,-0.104495497685185,0.291487,0.079831,00032619078,PC,False,False,HR
59703.2031677741,0.0075741319444444,-0.0075741319444444,0.444001,0.157203,00032619079,PC,False,False,HR
59703.2031677741,0.0075741319444444,-0.0075741319444444,0.027292,0.005353,00032619079,PC,False,False,SOFT
59703.2031677741,0.0075741319444444,-0.0075741319444444,0.012118,0.003572,00032619079,PC,False,False,HARD
59710.301694641,0.0083721759259259,-0.0083721759259259,0.042475,0.006123,00032619080,PC,False,False,SOFT
59710.301694641,0.0083721759259259,-0.0083721759259259,0.499306,0.125002,00032619080,PC,False,False,HR
59710.301694641,0.0083721759259259,-0.0083721759259259,0.021208,0.004341,00032619080,PC,False,False,HARD
59717.5974847683,0.27021431712963,-0.27021431712963,0.070009,0.00492,00032619081,PC,False,False,SOFT
59717.5974847683,0.27021431712963,-0.27021431712963,0.017128,0.002442,00032619081,PC,False,False,HARD
59717.5974847683,0.27021431712963,-0.27021431712963,0.244657,0.038894,00032619081,PC,False,False,HR
59724.2355666896,0.0078353125,-0.0078353125,0.295923,0.086765,00032619082,PC,False,False,HR
59724.2355666896,0.0078353125,-0.0078353125,0.056544,0.007855,00032619082,PC,False,False,SOFT
59724.2355666896,0.0078353125,-0.0078353125,0.016733,0.004321,00032619082,PC,False,False,HARD
59731.8519377082,0.0053396180555555,-0.0053396180555555,0.056879,0.008946,00032619083,PC,False,False,SOFT
59731.8519377082,0.0053396180555555,-0.0053396180555555,0.210883,0.080553,00032619083,PC,False,False,HR
59731.8519377082,0.0053396180555555,-0.0053396180555555,0.011995,0.004175,00032619083,PC,False,False,HARD
59738.4895173146,0.008038449074074,-0.008038449074074,0.005792,0.002614,00032619084,PC,False,False,HARD
59738.4895173146,0.008038449074074,-0.008038449074074,0.037545,0.006423,00032619084,PC,False,False,SOFT
59738.4895173146,0.008038449074074,-0.008038449074074,0.154257,0.074445,00032619084,PC,False,False,HR
59745.4831838308,0.37338380787037,-0.37338380787037,0.062478,0.008276,00032619085,PC,False,False,SOFT
59745.4831838308,0.37338380787037,-0.37338380787037,0.394697,0.097703,00032619085,PC,False,False,HR
59745.4831838308,0.37338380787037,-0.37338380787037,0.02466,0.005157,00032619085,PC,False,False,HARD
59752.0125634026,0.0072113888888888,-0.0072113888888888,0.031272,0.005756,00032619086,PC,False,False,HARD
59752.0125634026,0.0072113888888888,-0.0072113888888888,0.335954,0.071326,00032619086,PC,False,False,HR
59752.0125634026,0.0072113888888888,-0.0072113888888888,0.093086,0.009852,00032619086,PC,False,False,SOFT
